AFTER_PAYLOAD_TIME
2026-07-25T16:21:45-05:00
ubuntu-phablet
 16:21:45 up  2:09,  3 users,  load average: 0.62, 0.66, 0.75
MODE
host
USB
1-1 214b 7250
1-1.1 343c 0000
1-1.2 1d50 614d
usb1 1d6b 0002
usb2 1d6b 0003
DRI
total 0
drwxr-xr-x  2 root root        180 Jul 25 16:19 by-path
crw-rw----+ 1 root video  226,   0 Jul 25 14:12 card0
crw-rw----+ 1 root video  226,   1 Jul 25 16:19 card1
crw-rw----  1 root video  226,  64 Jun  5 10:36 controlD64
crw-rw----  1 root video  226,  65 Jul 25 16:19 controlD65
crw-rw----+ 1 root render 226, 128 Jun  5 10:36 renderD128
DMESG
[    0.000000] Booting Linux on physical CPU 0x0
[    0.000000] Linux version 4.9.112-g6b190d86b (root@runner-z7wbauxl-project-23001237-concurrent-0) (gcc version 4.9.x 20150123 (prerelease) (GCC) ) #1 SMP PREEMPT Thu Mar 12 00:01:48 UTC 2026
[    0.000000] Boot CPU: AArch64 Processor [517f803c]
[    0.000000] Machine: Qualcomm Technologies, Inc. SDM845 v2.1 MTP PVT
[    0.000000] Reserved memory: created CMA memory pool at 0x00000000fec00000, size 16 MiB
[    0.000000] OF: reserved mem: initialized node adsp_region, compatible id shared-dma-pool
[    0.000000] Reserved memory: created CMA memory pool at 0x00000000fdc00000, size 16 MiB
[    0.000000] OF: reserved mem: initialized node qseecom_ta_region, compatible id shared-dma-pool
[    0.000000] Reserved memory: created CMA memory pool at 0x00000000f8000000, size 92 MiB
[    0.000000] OF: reserved mem: initialized node secure_display_region, compatible id shared-dma-pool
[    0.000000] Reserved memory: created CMA memory pool at 0x000000027a400000, size 36 MiB
[    0.000000] OF: reserved mem: initialized node mem_dump_region, compatible id shared-dma-pool
[    0.000000] Reserved memory: created CMA memory pool at 0x00000000f7800000, size 8 MiB
[    0.000000] OF: reserved mem: initialized node secure_sp_region, compatible id shared-dma-pool
[    0.000000] Reserved memory: created CMA memory pool at 0x00000000f5800000, size 32 MiB
[    0.000000] OF: reserved mem: initialized node linux,cma, compatible id shared-dma-pool
[    0.000000] Reserved memory: created DMA memory pool at 0x000000008ab00000, size 20 MiB
[    0.000000] OF: reserved mem: initialized node qseecom_region@0x8ab00000, compatible id shared-dma-pool
[    0.000000] Removed memory: created DMA memory pool at 0x000000008bf00000, size 5 MiB
[    0.000000] OF: reserved mem: initialized node camera_region@0x8bf00000, compatible id removed-dma-pool
[    0.000000] Removed memory: created DMA memory pool at 0x000000008c400000, size 0 MiB
[    0.000000] OF: reserved mem: initialized node ips_fw_region@0x8c400000, compatible id removed-dma-pool
[    0.000000] Removed memory: created DMA memory pool at 0x000000008c410000, size 0 MiB
[    0.000000] OF: reserved mem: initialized node ipa_gsi_region@0x8c410000, compatible id removed-dma-pool
[    0.000000] Removed memory: created DMA memory pool at 0x000000008c415000, size 0 MiB
[    0.000000] OF: reserved mem: initialized node gpu_region@0x8c415000, compatible id removed-dma-pool
[    0.000000] Removed memory: created DMA memory pool at 0x000000008c500000, size 26 MiB
[    0.000000] OF: reserved mem: initialized node adsp_region@0x8c500000, compatible id removed-dma-pool
[    0.000000] Removed memory: created DMA memory pool at 0x000000008df00000, size 1 MiB
[    0.000000] OF: reserved mem: initialized node wlan_fw_region@0x8df00000, compatible id removed-dma-pool
[    0.000000] Removed memory: created DMA memory pool at 0x000000008e000000, size 120 MiB
[    0.000000] OF: reserved mem: initialized node modem_region@0x8e000000, compatible id removed-dma-pool
[    0.000000] Removed memory: created DMA memory pool at 0x0000000095800000, size 5 MiB
[    0.000000] OF: reserved mem: initialized node video_region@0x95800000, compatible id removed-dma-pool
[    0.000000] Removed memory: created DMA memory pool at 0x0000000095d00000, size 8 MiB
[    0.000000] OF: reserved mem: initialized node cdsp_region@0x95d00000, compatible id removed-dma-pool
[    0.000000] Removed memory: created DMA memory pool at 0x0000000096500000, size 2 MiB
[    0.000000] OF: reserved mem: initialized node mba_region@0x96500000, compatible id removed-dma-pool
[    0.000000] Removed memory: created DMA memory pool at 0x0000000096700000, size 20 MiB
[    0.000000] OF: reserved mem: initialized node slpi_region@0x96700000, compatible id removed-dma-pool
[    0.000000] Removed memory: created DMA memory pool at 0x0000000097b00000, size 1 MiB
[    0.000000] OF: reserved mem: initialized node pil_spss_region@0x97b00000, compatible id removed-dma-pool
[    0.000000] On node 0 totalpages: 2008649
[    0.000000]   DMA zone: 7031 pages used for memmap
[    0.000000]   DMA zone: 0 pages reserved
[    0.000000]   DMA zone: 449961 pages, LIFO batch:31
[    0.000000]   Normal zone: 24355 pages used for memmap
[    0.000000]   Normal zone: 1558688 pages, LIFO batch:31
[    0.000000] psci: probing for conduit method from DT.
[    0.000000] psci: PSCIv1.1 detected in firmware.
[    0.000000] psci: Using standard PSCI v0.2 function IDs
[    0.000000] psci: MIGRATE_INFO_TYPE not supported.
[    0.000000] psci: SMC Calling Convention v1.0
[    0.000000] random: fast init done
[    0.000000] percpu: Embedded 23 pages/cpu @ffffffeffa095000 s55704 r8192 d30312 u94208
[    0.000000] pcpu-alloc: s55704 r8192 d30312 u94208 alloc=23*4096
[    0.000000] pcpu-alloc: [0] 0 [0] 1 [0] 2 [0] 3 [0] 4 [0] 5 [0] 6 [0] 7 
[    0.000000] Built 1 zonelists in Zone order, mobility grouping on.  Total pages: 1977263
[    0.000000] Kernel command line: rcupdate.rcu_expedited=1  androidboot.hardware=qcom androidboot.console=ttyMSM0 video=vfb:640x400,bpp=32,memsize=3072000 msm_rtb.filter=0x237 ehci-hcd.park=3 lpm_levels.sleep_disabled=1 service_locator.enable=1 swiotlb=2048 androidboot.configfs=true androidboot.usbcontroller=a600000.dwc3 firmware_class.path=/vendor/firmware_mnt/image loop.max_part=7 console=tty0 selinux=0 apparmor=1 security=apparmor systempart=/dev/disk/by-partlabel/system androidboot.verifiedbootstate=orange androidboot.keymaster=1 root=PARTUUID=46668856-387e-0df2-878a-b54faa0bf3f5 androidboot.bootdevice=1d84000.ufshc androidboot.serialno=cc6b76e0 androidboot.baseband=sdm msm_drm.dsi_display0=dsi_samsung_sofef00_m_cmd_display: androidboot.slot_suffix=_a skip_initramfs rootwait ro init=/init panel_type=black androidboot.mode=normal androidboot.project_name=17819 ddr_manufacture_info=Samsung ddr_row0_info=16 androidboot.hw_version=22 androidboot.rf_version=32 androidboot.startupmode=pon1
[    0.000000] log_buf_len individual max cpu contribution: 131072 bytes
[    0.000000] log_buf_len total cpu_extra contributions: 917504 bytes
[    0.000000] log_buf_len min size: 262144 bytes
[    0.000000] log_buf_len: 2097152 bytes
[    0.000000] early log buf free: 255848(97%)
[    0.000000] PID hash table entries: 4096 (order: 3, 32768 bytes)
[    0.000000] Dentry cache hash table entries: 1048576 (order: 11, 8388608 bytes)
[    0.000000] Inode-cache hash table entries: 524288 (order: 10, 4194304 bytes)
[    0.000000] software IO TLB [mem 0xf5400000-0xf5800000] (4MB) mapped at [ffffffee75400000-ffffffee757fffff]
[    0.000000] Memory: 7555296K/8034596K available (22014K kernel code, 4348K rwdata, 10024K rodata, 8192K init, 6264K bss, 274500K reserved, 204800K cma-reserved)
[    0.000000] Virtual kernel memory layout:
[    0.000000]     modules : 0xffffff8000000000 - 0xffffff8008000000   (   128 MB)
[    0.000000]     vmalloc : 0xffffff8008000000 - 0xffffffbebfff0000   (   250 GB)
[    0.000000]       .text : 0xffffff95bc480000 - 0xffffff95bda00000   ( 22016 KB)
[    0.000000]     .rodata : 0xffffff95bda00000 - 0xffffff95be400000   ( 10240 KB)
[    0.000000]       .init : 0xffffff95be400000 - 0xffffff95bec00000   (  8192 KB)
[    0.000000]       .data : 0xffffff95bec00000 - 0xffffff95bf03f008   (  4349 KB)
[    0.000000]        .bss : 0xffffff95bf03f008 - 0xffffff95bf65d274   (  6265 KB)
[    0.000000]     fixed   : 0xffffffbefe7fb000 - 0xffffffbefec00000   (  4116 KB)
[    0.000000]     PCI I/O : 0xffffffbefee00000 - 0xffffffbeffe00000   (    16 MB)
[    0.000000]     vmemmap : 0xffffffbf00000000 - 0xffffffc000000000   (     4 GB maximum)
[    0.000000]               0xffffffbfb8000000 - 0xffffffbfbff22800   (   127 MB actual)
[    0.000000]     memory  : 0xffffffee00000000 - 0xffffffeffc8a0000   (  8136 MB)
[    0.000000] SLUB: HWalign=64, Order=0-3, MinObjects=0, CPUs=8, Nodes=1
[    0.000000] Preemptible hierarchical RCU implementation.
[    0.000000] 	RCU dyntick-idle grace-period acceleration is enabled.
[    0.000000] NR_IRQS:64 nr_irqs:64 0
[    0.000000] PDC SDM845 v2 initialized
[    0.000000] 	Offload RCU callbacks from all CPUs
[    0.000000] 	Offload RCU callbacks from CPUs: 0-7.
[    0.000000] arm_arch_timer: Architected cp15 and mmio timer(s) running at 19.20MHz (virt/virt).
[    0.000000] clocksource: arch_sys_counter: mask: 0xffffffffffffff max_cycles: 0x46d987e47, max_idle_ns: 440795202767 ns
[    0.000004] sched_clock: 56 bits at 19MHz, resolution 52ns, wraps every 4398046511078ns
[    0.000020] clocksource: Switched to clocksource arch_sys_counter
[    0.002384] Console: colour dummy device 80x25
[    0.003519] console [tty0] enabled
[    0.003543] Calibrating delay loop (skipped), value calculated using timer frequency.. 38.00 BogoMIPS (lpj=64000)
[    0.003566] pid_max: default: 32768 minimum: 301
[    0.003628] Security Framework initialized
[    0.003644] Yama: becoming mindful.
[    0.003717] AppArmor: AppArmor initialized
[    0.003755] Mount-cache hash table entries: 16384 (order: 5, 131072 bytes)
[    0.003769] Mountpoint-cache hash table entries: 16384 (order: 5, 131072 bytes)
[    0.004780] /cpus/cpu@0: Missing clock-frequency property
[    0.004811] /cpus/cpu@100: Missing clock-frequency property
[    0.004825] /cpus/cpu@200: Missing clock-frequency property
[    0.004839] /cpus/cpu@300: Missing clock-frequency property
[    0.004853] /cpus/cpu@400: Missing clock-frequency property
[    0.004868] /cpus/cpu@500: Missing clock-frequency property
[    0.004883] /cpus/cpu@600: Missing clock-frequency property
[    0.004900] /cpus/cpu@700: Missing clock-frequency property
[    0.004979] sched-energy: Sched-energy-costs installed from DT
[    0.005002] ASID allocator initialised with 32768 entries
[    0.023689] MSM Memory Dump base table set up
[    0.023744] MSM Memory Dump apps data table set up
[    0.035182] CPU1: Booted secondary processor [517f803c]
[    0.044170] CPU2: Booted secondary processor [517f803c]
[    0.053185] CPU3: Booted secondary processor [517f803c]
[    0.062821] CPU4: Booted secondary processor [516f802d]
[    0.072181] CPU5: Booted secondary processor [516f802d]
[    0.081694] CPU6: Booted secondary processor [516f802d]
[    0.091377] CPU7: Booted secondary processor [516f802d]
[    0.091548] Brought up 8 CPUs
[    0.091638] SMP: Total of 8 processors activated.
[    0.091652] CPU features: detected feature: GIC system register CPU interface
[    0.091663] CPU features: detected feature: Privileged Access Never
[    0.091674] CPU features: detected feature: User Access Override
[    0.091686] CPU features: detected feature: 32-bit EL0 Support
[    0.091698] CPU features: detected feature: Kernel page table isolation (KPTI)
[    0.150834] CPU: All CPU(s) started at EL1
[    0.150897] alternatives: patching kernel code
[    0.154045] devtmpfs: initialized
[    0.222550] evm: security.selinux
[    0.222577] evm: security.SMACK64
[    0.222586] evm: security.capability
[    0.223989] clocksource: jiffies: mask: 0xffffffff max_cycles: 0xffffffff, max_idle_ns: 6370867519511994 ns
[    0.224025] futex hash table entries: 2048 (order: 6, 262144 bytes)
[    0.228227] pinctrl core: initialized pinctrl subsystem
[    0.228846] NET: Registered protocol family 16
[    0.232095] cpuidle: using governor menu
[    0.233265] cpuidle: using governor qcom
[    0.238784] vdso: 2 pages (1 code @ ffffff95bda07000, 1 data @ ffffff95bec04000)
[    0.238813] hw-breakpoint: found 6 breakpoint and 4 watchpoint registers.
[    0.239443] DMA: preallocated 256 KiB pool for atomic allocations
[    0.240261] exit: IPA_USB init success!
[    0.322136] pstore: using zlib compression
[    0.322571] console [pstore-1] enabled
[    0.322799] pstore: Registered ramoops as persistent store backend
[    0.322817] ramoops: attached 0x400000@0xac300000, ecc: 0/0
[    0.325591] irq: no irq domain found for /soc/qcom,mdss_mdp@ae00000 !
[    0.325682] irq: no irq domain found for /soc/qcom,mdss_mdp@ae00000 !
[    0.326143] irq: no irq domain found for /soc/pinctrl@03400000 !
[    0.329963] unable to find DT imem DLOAD mode node
[    0.331697] unable to find DT imem EDLOAD mode node
[    0.332750] set_dload_mode ON
[    0.333185] spmi spmi-0: PMIC arbiter version v5 (0x50000000)
[    0.335060] platform 4080000.qcom,mss: assigned reserved memory node modem_region@0x8e000000
[    0.335183] platform 17300000.qcom,lpass: assigned reserved memory node adsp_region@0x8c500000
[    0.335317] platform 5c00000.qcom,ssc: assigned reserved memory node slpi_region@0x96700000
[    0.335926] msm_watchdog 17980000.qcom,wdt: wdog absent resource not present
[    0.335969] msm_watchdog 17980000.qcom,wdt: No need to allocate memory for scandumps
[    0.340171] msm_watchdog 17980000.qcom,wdt: MSM Watchdog Initialized
[    0.340255] platform 8300000.qcom,turing: assigned reserved memory node cdsp_region@0x95d00000
[    0.340498] platform soc:qcom,msm-adsprpc-mem: assigned reserved memory node adsp_region
[    0.340704] platform aae0000.qcom,venus: assigned reserved memory node video_region@0x95800000
[    0.342534] <CORE> glink_mailbox_probe: unable to create log context for [spss:mailbox]
[    0.350807] sps:sps is ready.
[    0.351707] platform soc:qcom,ipa_fws: assigned reserved memory node ips_fw_region@0x8c400000
[    0.352969] platform soc:mem_dump: assigned reserved memory node mem_dump_region
[    0.362965] Minidump: size should be 4 byte aligned
[    0.362988] Failed to add entry in Minidump table
[    0.365777] pm8998_s9_level: supplied by pm8998_s6_level
[    0.365809] pm8998_s9_level: Bringing 1uV into 17-17uV
[    0.365941] pm8998_s9_level_ao: supplied by pm8998_s6_level_ao
[    0.365970] pm8998_s9_level_ao: Bringing 1uV into 17-17uV
[    0.373094] pm8998_l24: supplied by pm8998_l12
[    0.374653] pm8998_lvs1: Bringing 1uV into 1800000-1800000uV
[    0.375004] pm8998_lvs2: Bringing 1uV into 1800000-1800000uV
[    0.388701] sdm845-v2-pinctrl 3400000.pinctrl: invalid resource
[    0.395206] platform soc:qcom,kgsl-hyp: assigned reserved memory node gpu_region@0x8c415000
[    0.414112] gpu_cx_gdsc: supplied by pm8998_s9_level
[    0.416884] clk: cam_cc_bps_clk_src: set OPP pair(19200000 Hz: 129 uV) on ac6f000.qcom,bps
[    0.417078] clk: cam_cc_bps_clk_src: set OPP pair(600000000 Hz: 257 uV) on ac6f000.qcom,bps
[    0.417222] clk: cam_cc_cci_clk_src: set OPP pair(19200000 Hz: 129 uV) on ac4a000.qcom,cci
[    0.417345] clk: cam_cc_cci_clk_src: set OPP pair(100000000 Hz: 257 uV) on ac4a000.qcom,cci
[    0.417515] clk: cam_cc_csi0phytimer_clk_src: set OPP pair(19200000 Hz: 129 uV) on ac65000.qcom,csiphy
[    0.417597] clk: cam_cc_csi0phytimer_clk_src: set OPP pair(269333333 Hz: 129 uV) on ac65000.qcom,csiphy
[    0.417749] clk: cam_cc_csi1phytimer_clk_src: set OPP pair(19200000 Hz: 129 uV) on ac66000.qcom,csiphy
[    0.417838] clk: cam_cc_csi1phytimer_clk_src: set OPP pair(269333333 Hz: 129 uV) on ac66000.qcom,csiphy
[    0.417991] clk: cam_cc_csi2phytimer_clk_src: set OPP pair(19200000 Hz: 129 uV) on ac67000.qcom,csiphy
[    0.418082] clk: cam_cc_csi2phytimer_clk_src: set OPP pair(269333333 Hz: 129 uV) on ac67000.qcom,csiphy
[    0.418248] clk: cam_cc_csi3phytimer_clk_src: set OPP pair(19200000 Hz: 49 uV) on ac68000.qcom,csiphy
[    0.418342] clk: cam_cc_csi3phytimer_clk_src: set OPP pair(269333333 Hz: 129 uV) on ac68000.qcom,csiphy
[    0.418806] clk: cam_cc_icp_clk_src: set OPP pair(19200000 Hz: 129 uV) on ac00000.qcom,a5
[    0.418970] clk: cam_cc_icp_clk_src: set OPP pair(600000000 Hz: 193 uV) on ac00000.qcom,a5
[    0.419259] clk: cam_cc_ife_0_clk_src: set OPP pair(19200000 Hz: 129 uV) on acaf000.qcom,vfe0
[    0.419459] clk: cam_cc_ife_0_clk_src: set OPP pair(600000000 Hz: 257 uV) on acaf000.qcom,vfe0
[    0.419704] clk: cam_cc_ife_0_csid_clk_src: set OPP pair(19200000 Hz: 129 uV) on acb3000.qcom,csid0
[    0.419824] clk: cam_cc_ife_0_csid_clk_src: set OPP pair(538666667 Hz: 257 uV) on acb3000.qcom,csid0
[    0.420157] clk: cam_cc_ife_1_clk_src: set OPP pair(19200000 Hz: 129 uV) on acb6000.qcom,vfe1
[    0.420364] clk: cam_cc_ife_1_clk_src: set OPP pair(600000000 Hz: 257 uV) on acb6000.qcom,vfe1
[    0.420636] clk: cam_cc_ife_1_csid_clk_src: set OPP pair(19200000 Hz: 129 uV) on acba000.qcom,csid1
[    0.420759] clk: cam_cc_ife_1_csid_clk_src: set OPP pair(538666667 Hz: 257 uV) on acba000.qcom,csid1
[    0.421037] clk: cam_cc_ife_lite_clk_src: set OPP pair(19200000 Hz: 129 uV) on acc4000.qcom,vfe-lite
[    0.421237] clk: cam_cc_ife_lite_clk_src: set OPP pair(600000000 Hz: 257 uV) on acc4000.qcom,vfe-lite
[    0.421538] clk: cam_cc_ife_lite_csid_clk_src: set OPP pair(19200000 Hz: 129 uV) on acc8000.qcom,csid-lite
[    0.421665] clk: cam_cc_ife_lite_csid_clk_src: set OPP pair(538666667 Hz: 257 uV) on acc8000.qcom,csid-lite
[    0.422117] clk: cam_cc_ipe_0_clk_src: set OPP pair(19200000 Hz: 129 uV) on ac87000.qcom,ipe0
[    0.422358] clk: cam_cc_ipe_0_clk_src: set OPP pair(600000000 Hz: 257 uV) on ac87000.qcom,ipe0
[    0.422850] clk: cam_cc_ipe_1_clk_src: set OPP pair(19200000 Hz: 129 uV) on ac91000.qcom,ipe1
[    0.423096] clk: cam_cc_ipe_1_clk_src: set OPP pair(600000000 Hz: 257 uV) on ac91000.qcom,ipe1
[    0.425969] cam_cc-sdm845 ad00000.qcom,camcc: Registered Camera CC clocks
[    0.427173] qmp-aop-clk soc:qcom,aopclk: Registered clocks with AOP
[    0.428173] clk-rpmh soc:qcom,rpmhclk: Registered RPMh clocks
[    0.430007] disp_cc-sdm845 af00000.qcom,dispcc: Registered Display CC clocks
[    0.450593] gcc-sdm845 100000.qcom,gcc: Registered GCC clocks
[    0.451989] clk: gpu_cc_gmu_clk_src: set OPP pair(19200000 Hz: 49 uV) on 506a000.qcom,gmu
[    0.452093] clk: gpu_cc_gmu_clk_src: set OPP pair(500000000 Hz: 129 uV) on 506a000.qcom,gmu
[    0.452322] gpu_cc-sdm845 5090000.qcom,gpucc: Registered GPU CC clocks
[    0.453166] clk: gpu_cc_gx_gfx3d_clk_src: set OPP pair(180000000 Hz: 49 uV) on 5000000.qcom,kgsl-3d0
[    0.453444] clk: gpu_cc_gx_gfx3d_clk_src: set OPP pair(710000000 Hz: 417 uV) on 5000000.qcom,kgsl-3d0
[    0.453523] gfxcc-sdm845 5090000.qcom,gfxcc: Registered GFX CC clocks
[    0.454703] video_cc-sdm845 ab00000.qcom,videocc: Registered Video CC clocks
[    0.455834] KPI: Bootloader start count = 99781
[    0.455847] KPI: Bootloader end count = 139302
[    0.455858] KPI: Bootloader display count = 1923593637
[    0.455869] KPI: Bootloader load kernel count = 2498861536
[    0.455884] KPI: Kernel MPM timestamp = 165519
[    0.455895] KPI: Kernel MPM Clock frequency = 32768
[    0.455928] socinfo_print: v0.15, id=321, ver=2.1, raw_id=139, raw_ver=2, hw_plat=8, hw_plat_ver=65536
[    0.455928]  accessory_chip=0, hw_plat_subtype=0, pmic_model=65556, pmic_die_revision=131072 foundry_id=3 serial_number=1001614505 num_pmics=3 chip_family=0x4f raw_device_family=0x6 raw_device_number=0x0 nproduct_id=0x3f4 num_clusters=0x1 ncluster_array_offset=0xb0 num_defective_parts=0x6 ndefective_parts_array_offset=0xb4 nmodem_supported=0xff
[    0.456056] Minidump: Enabled with max number of regions 200
[    0.456068] msm_bus_fabric_rpmh_init_driver
[    0.456293] msm_bus: Probe started
[    0.456960] msm_bus_device 16e0000.ad-hoc-bus: Bus type is missing
[    0.457027] msm_bus_device 16e0000.ad-hoc-bus: Bus type is missing
[    0.457052] msm_bus_device 16e0000.ad-hoc-bus: Bus type is missing
[    0.457117] msm_bus_device 16e0000.ad-hoc-bus: Bus type is missing
[    0.459369] msm_bus: DT Parsing complete
[    0.462475] msm_bus_fab_init_noc_ops: Invalid Bus type
[    0.462658] msm_bus_fab_init_noc_ops: Invalid Bus type
[    0.462707] msm_bus_fab_init_noc_ops: Invalid Bus type
[    0.462903] msm_bus_fab_init_noc_ops: Invalid Bus type
[    0.476579] init_project_info: project_name: 17819 hw_version: 22 rf_v1: 32 rf_v2: 0: rf_v3: 0  paltform_id:321
[    0.476608] init_project_info: Aboard_gpio(-1 Unknown)
[    0.477015] actuator_regulator: supplied by pmi8998_bob
[    0.477342] actuator_regulator: supplied by pmi8998_bob
[    0.477444] actuator_regulator: Failed to create debugfs directory
[    0.477490] actuator_regulator: Failed to create debugfs directory
[    0.477518] reg-fixed-voltage vendor:ext_5v_boost: could not find pctldev for node /soc/qcom,spmi@c440000/qcom,pmi8998@2/pinctrl@c000/usb2_ext_5v_boost/usb2_ext_5v_boost_default, deferring probe
[    0.478567] arm-smmu 5040000.arm,smmu-kgsl: 	(IDR0.CTTW overridden by dma-coherent property)
[    0.478705] arm-smmu 5040000.arm,smmu-kgsl: 	stream matching with 5 register groups, mask 0x7
[    0.478886] arm-smmu 5040000.arm,smmu-kgsl: found 8 context interrupt(s) but have 5 context banks. assuming 5 context interrupts.
[    0.481713] register_client_adhoc:find path.src 139 dest 627
[    0.481937] register_client_adhoc:Client handle 1 apps_smmu
[    0.482193] arm-smmu 15000000.apps-smmu: 	(IDR0.CTTW overridden by dma-coherent property)
[    0.482329] arm-smmu 15000000.apps-smmu: 	stream matching with 76 register groups, mask 0x7fff
[    0.483089] arm-smmu 15000000.apps-smmu: found 64 context interrupt(s) but have 45 context banks. assuming 45 context interrupts.
[    0.483645] register_client_adhoc:find path.src 139 dest 627
[    0.483798] register_client_adhoc:Client handle 2 apps_smmu
[    0.484049] register_client_adhoc:find path.src 139 dest 627
[    0.484181] register_client_adhoc:Client handle 3 apps_smmu
[    0.484409] register_client_adhoc:find path.src 22 dest 773
[    0.484487] register_client_adhoc:Client handle 4 mnoc_hf_0_tbu
[    0.484692] register_client_adhoc:find path.src 22 dest 773
[    0.484762] register_client_adhoc:Client handle 5 mnoc_hf_1_tbu
[    0.484986] register_client_adhoc:find path.src 137 dest 772
[    0.485061] register_client_adhoc:Client handle 6 mnoc_sf_0_tbu
[    0.485221] register_client_adhoc:find path.src 139 dest 627
[    0.485358] register_client_adhoc:Client handle 7 apps_smmu
[    0.485563] register_client_adhoc:find path.src 139 dest 627
[    0.485691] register_client_adhoc:Client handle 8 apps_smmu
[    0.485905] register_client_adhoc:find path.src 139 dest 627
[    0.486033] register_client_adhoc:Client handle 9 apps_smmu
[    0.486981] iommu: Adding device ae00000.qcom,mdss_mdp to group 0
[    0.487157] iommu: Adding device 8c0000.qcom,qupv3_0_geni_se:qcom,iommu_qupv3_0_geni_se_cb to group 1
[    0.487331] iommu: Adding device ac0000.qcom,qupv3_1_geni_se:qcom,iommu_qupv3_1_geni_se_cb to group 2
[    0.487532] iommu: Adding device 1de0000.qcedev to group 3
[    0.487693] iommu: Adding device 1de0000.qcrypto to group 4
[    0.487856] iommu: Adding device 18800000.qcom,icnss to group 5
[    0.488017] iommu: Adding device 800000.qcom,gpi-dma to group 6
[    0.488178] iommu: Adding device a00000.qcom,gpi-dma to group 7
[    0.488340] iommu: Adding device 88a7000.msm_tspp to group 8
[    0.488508] iommu: Adding device soc:apps_iommu_test_device to group 8
[    0.488661] iommu: Adding device soc:apps_iommu_coherent_test_device to group 8
[    0.488857] iommu: Adding device soc:qcom,msm-audio-ion to group 9
[    0.489030] iommu: Adding device a600000.ssusb to group 10
[    0.489192] iommu: Adding device soc:usb_audio_qmi_dev to group 11
[    0.490844] vgaarb: loaded
[    0.491030] SCSI subsystem initialized
[    0.491178] usbcore: registered new interface driver usbfs
[    0.491219] usbcore: registered new interface driver hub
[    0.491382] usbcore: registered new device driver usb
[    0.491932] soc:usb_nop_phy supply vcc not found, using dummy regulator
[    0.492311] qcom,qpnp-power-on c440000.qcom,spmi:qcom,pm8998@0:qcom,power-on@800: PMIC@SID0 Power-on reason: Triggered from Hard Reset and 'cold' boot
[    0.492360] qcom,qpnp-power-on c440000.qcom,spmi:qcom,pm8998@0:qcom,power-on@800: PMIC@SID0: Power-off reason: Triggered from PS_HOLD (PS_HOLD/MSM controlled shutdown)
[    0.492572] input: qpnp_pon as /devices/virtual/input/input0
[    0.493386] qcom,qpnp-power-on c440000.qcom,spmi:qcom,pmi8998@2:qcom,power-on@800: No PON config. specified
[    0.493458] qcom,qpnp-power-on c440000.qcom,spmi:qcom,pmi8998@2:qcom,power-on@800: PMIC@SID2 Power-on reason: Triggered from PON1 (secondary PMIC) and 'cold' boot
[    0.493509] qcom,qpnp-power-on c440000.qcom,spmi:qcom,pmi8998@2:qcom,power-on@800: PMIC@SID2: Power-off reason: Triggered from GP1 (Keypad_Reset1)
[    0.493910] media: Linux media interface: v0.10
[    0.493942] Linux video capture interface: v2.00
[    0.505649] EDAC MC: Ver: 3.0.0
[    0.508526] platform soc:qcom,ion:qcom,ion-heap@22: assigned reserved memory node adsp_region
[    0.508799] platform soc:qcom,ion:qcom,ion-heap@27: assigned reserved memory node qseecom_region@0x8ab00000
[    0.508900] platform soc:qcom,ion:qcom,ion-heap@19: assigned reserved memory node qseecom_ta_region
[    0.508991] platform soc:qcom,ion:qcom,ion-heap@13: assigned reserved memory node secure_sp_region
[    0.509084] platform soc:qcom,ion:qcom,ion-heap@10: assigned reserved memory node secure_display_region
[    0.509453] ION heap system created
[    0.509586] ION heap adsp created at 0x00000000fec00000 with size 1000000
[    0.509606] ION heap qsecom created at 0x000000008ab00000 with size 1400000
[    0.509625] ION heap qsecom_ta created at 0x00000000fdc00000 with size 1000000
[    0.509649] ION heap spss created at 0x00000000f7800000 with size 800000
[    0.509669] ION heap secure_display created at 0x00000000f8000000 with size 5c00000
[    0.509692] ION heap secure_heap created
[    0.510414] ipa ipa3_tz_unlock_reg:4882 Bad parameters
[    0.510434] ipa ipa3_pre_init:5082 Failed to unlock memory region using TZ
[    0.510605] register_client_adhoc:find path.src 90 dest 512
[    0.511087] register_client_adhoc:find path.src 90 dest 585
[    0.511226] register_client_adhoc:find path.src 1 dest 676
[    0.511456] register_client_adhoc:find path.src 143 dest 777
[    0.511537] register_client_adhoc:Client handle 10 ipa
[    0.512048] ipa ipa3_uc_state_check:284 uC interface not initialized
[    0.512798] ipa ipa3_uc_state_check:284 uC interface not initialized
[    0.513327] iommu: Adding device 1e00000.qcom,ipa:ipa_smmu_ap to group 12
[    0.513625] iommu: Adding device 1e00000.qcom,ipa:ipa_smmu_wlan to group 13
[    0.513886] iommu: Adding device 1e00000.qcom,ipa:ipa_smmu_uc to group 14
[    0.514732] PMIC@SID0: PM8998 v2.0 options: 0, 0, 0, 0
[    0.514862] PMIC@SID4: PM8005 v2.0 options: 0, 0, 0, 0
[    0.514997] PMIC@SID2: PMI8998 v2.1 options: 0, 0, 0, 0
[    0.516351] Advanced Linux Sound Architecture Driver Initialized.
[    0.517154] Bluetooth: Core ver 2.22
[    0.517190] NET: Registered protocol family 31
[    0.517203] Bluetooth: HCI device and connection manager initialized
[    0.517222] Bluetooth: HCI socket layer initialized
[    0.517238] Bluetooth: L2CAP socket layer initialized
[    0.517283] Bluetooth: SCO socket layer initialized
[    0.517637] NetLabel: Initializing
[    0.517651] NetLabel:  domain hash size = 128
[    0.517662] NetLabel:  protocols = UNLABELED CIPSOv4
[    0.517714] NetLabel:  unlabeled traffic allowed by default
[    0.517826] pcie:pcie_init.
[    0.519799] gpu_gx_gdsc: supplied by pm8005_s1_level
[    0.520175] actuator_regulator: Failed to create debugfs directory
[    0.521570] clk: add_opp: Set OPP pair (300000000 Hz, 584000 uv) on cpu0
[    0.522163] clk: add_opp: Set OPP pair (1766400000 Hz, 812000 uv) on cpu0
[    0.522220] clk: add_opp: Set OPP pair (300000000 Hz, 584000 uv) on cpu1
[    0.522789] clk: add_opp: Set OPP pair (1766400000 Hz, 812000 uv) on cpu1
[    0.522844] clk: add_opp: Set OPP pair (300000000 Hz, 584000 uv) on cpu2
[    0.523454] clk: add_opp: Set OPP pair (1766400000 Hz, 812000 uv) on cpu2
[    0.523514] clk: add_opp: Set OPP pair (300000000 Hz, 584000 uv) on cpu3
[    0.524108] clk: add_opp: Set OPP pair (1766400000 Hz, 812000 uv) on cpu3
[    0.524162] clk: add_opp: Set OPP pair (825600000 Hz, 612000 uv) on cpu4
[    0.525044] clk: add_opp: Set OPP pair (2803200000 Hz, 1052000 uv) on cpu4
[    0.525099] clk: add_opp: Set OPP pair (825600000 Hz, 612000 uv) on cpu5
[    0.525995] clk: add_opp: Set OPP pair (2803200000 Hz, 1052000 uv) on cpu5
[    0.526069] clk: add_opp: Set OPP pair (825600000 Hz, 612000 uv) on cpu6
[    0.527001] clk: add_opp: Set OPP pair (2803200000 Hz, 1052000 uv) on cpu6
[    0.527060] clk: add_opp: Set OPP pair (825600000 Hz, 612000 uv) on cpu7
[    0.527983] clk: add_opp: Set OPP pair (2803200000 Hz, 1052000 uv) on cpu7
[    0.528288] clk: add_opp: Set OPP pair (300000000 Hz, 592000 uv) on soc:qcom,l3-cpu0
[    0.528307] clk: add_opp: Set OPP pair (300000000 Hz, 592000 uv) on soc:qcom,l3-cpu4
[    0.528325] clk: add_opp: Set OPP pair (300000000 Hz, 592000 uv) on soc:qcom,l3-cdsp
[    0.528343] clk: add_opp: Set OPP pair (300000000 Hz, 592000 uv) on 5000000.qcom,kgsl-3d0
[    0.530133] clk: add_opp: Set OPP pair (1478400000 Hz, 824000 uv) on soc:qcom,l3-cpu0
[    0.530152] clk: add_opp: Set OPP pair (1478400000 Hz, 824000 uv) on soc:qcom,l3-cpu4
[    0.530170] clk: add_opp: Set OPP pair (1478400000 Hz, 824000 uv) on soc:qcom,l3-cdsp
[    0.530188] clk: add_opp: Set OPP pair (1478400000 Hz, 824000 uv) on 5000000.qcom,kgsl-3d0
[    0.532598] cpufreq: driver osm-cpufreq up and running
[    0.532613] clk: clk_cpu_osm_driver_probe: OSM CPUFreq driver inited
[    0.532804] reg-fixed-voltage vendor:ext_5v_boost: could not find pctldev for node /soc/qcom,spmi@c440000/qcom,pmi8998@2/pinctrl@c000/usb2_ext_5v_boost/usb2_ext_5v_boost_default, deferring probe
[    0.533869] sched-energy energy-costs: cpu=0 eff=1024 [freq=300000 cap=65 power_d0=12] -> [freq=1766400 cap=381 power_d0=160]
[    0.533974] CPU0: update cpu_capacity 381
[    0.534045] sched-energy energy-costs: cpu=1 eff=1024 [freq=300000 cap=65 power_d0=12] -> [freq=1766400 cap=381 power_d0=160]
[    0.534140] CPU1: update cpu_capacity 381
[    0.534208] sched-energy energy-costs: cpu=2 eff=1024 [freq=300000 cap=65 power_d0=12] -> [freq=1766400 cap=381 power_d0=160]
[    0.534302] CPU2: update cpu_capacity 381
[    0.534369] sched-energy energy-costs: cpu=3 eff=1024 [freq=300000 cap=65 power_d0=12] -> [freq=1766400 cap=381 power_d0=160]
[    0.534462] CPU3: update cpu_capacity 381
[    0.534534] sched-energy energy-costs: cpu=4 eff=1740 [freq=300000 cap=110 power_d0=189] -> [freq=2956800 cap=1024 power_d0=60000]
[    0.534629] CPU4: update cpu_capacity 1024
[    0.534699] sched-energy energy-costs: cpu=5 eff=1740 [freq=300000 cap=110 power_d0=189] -> [freq=2956800 cap=1024 power_d0=60000]
[    0.534795] CPU5: update cpu_capacity 1024
[    0.534866] sched-energy energy-costs: cpu=6 eff=1740 [freq=300000 cap=110 power_d0=189] -> [freq=2956800 cap=1024 power_d0=60000]
[    0.534962] CPU6: update cpu_capacity 1024
[    0.535032] sched-energy energy-costs: cpu=7 eff=1740 [freq=300000 cap=110 power_d0=189] -> [freq=2956800 cap=1024 power_d0=60000]
[    0.535126] CPU7: update cpu_capacity 1024
[    0.535774] sched-energy energy-costs: Sched-energy-costs capacity updated
[    0.535987] reg-fixed-voltage vendor:ext_5v_boost: could not find pctldev for node /soc/qcom,spmi@c440000/qcom,pmi8998@2/pinctrl@c000/usb2_ext_5v_boost/usb2_ext_5v_boost_default, deferring probe
[    0.537396] clocksource: Switched to clocksource arch_sys_counter
[    0.566330] VFS: Disk quotas dquot_6.6.0
[    0.566415] VFS: Dquot-cache hash table entries: 512 (order 0, 4096 bytes)
[    0.566681] AppArmor: AppArmor Filesystem Enabled
[    0.567324] debugcc-sdm845 soc:qcom,cc-debug@100000: Registered debug mux successfully
[    0.568038] mdss_pll_probe: MDSS pll label = MDSS DSI 0 PLL
[    0.568054] mdss_pll_probe: mdss_pll_probe: label=MDSS DSI 0 PLL PLL SSC enabled
[    0.568134] mdss_pll ae94a00.qcom,mdss_dsi_pll: Failed to create debugfs directory
[    0.568154] mdss_pll ae94a00.qcom,mdss_dsi_pll: Failed to create debugfs directory
[    0.568174] mdss_pll ae94a00.qcom,mdss_dsi_pll: Failed to create debugfs directory
[    0.568195] mdss_pll ae94a00.qcom,mdss_dsi_pll: Failed to create debugfs directory
[    0.568215] mdss_pll ae94a00.qcom,mdss_dsi_pll: Failed to create debugfs directory
[    0.568867] dsi_pll_clock_register_10nm: Registered DSI PLL ndx=0, clocks successfully
[    0.568899] mdss_pll_probe: MDSS pll label = MDSS DSI 1 PLL
[    0.568915] mdss_pll_probe: mdss_pll_probe: label=MDSS DSI 1 PLL PLL SSC enabled
[    0.568980] mdss_pll ae96a00.qcom,mdss_dsi_pll: Failed to create debugfs directory
[    0.568999] mdss_pll ae96a00.qcom,mdss_dsi_pll: Failed to create debugfs directory
[    0.569018] mdss_pll ae96a00.qcom,mdss_dsi_pll: Failed to create debugfs directory
[    0.569038] mdss_pll ae96a00.qcom,mdss_dsi_pll: Failed to create debugfs directory
[    0.569057] mdss_pll ae96a00.qcom,mdss_dsi_pll: Failed to create debugfs directory
[    0.574171] dsi_pll_10nm_lock_status: DSI PLL(1) lock failed, status=0x00000000
[    0.579472] dsi_pll_10nm_lock_status: DSI PLL(1) lock failed, status=0x00000000
[    0.579639] dsi_pll_clock_register_10nm: Registered DSI PLL ndx=1, clocks successfully
[    0.579673] mdss_pll_probe: MDSS pll label = MDSS DP PLL
[    0.592415] NET: Registered protocol family 2
[    0.592757] TCP established hash table entries: 65536 (order: 7, 524288 bytes)
[    0.593067] TCP bind hash table entries: 65536 (order: 8, 1048576 bytes)
[    0.593601] TCP: Hash tables configured (established 65536 bind 65536)
[    0.593649] UDP hash table entries: 4096 (order: 5, 131072 bytes)
[    0.593753] UDP-Lite hash table entries: 4096 (order: 5, 131072 bytes)
[    0.593959] NET: Registered protocol family 1
[    0.593990] PCI: CLS 0 bytes, default 128
[    0.594099] reg-fixed-voltage vendor:ext_5v_boost: could not find pctldev for node /soc/qcom,spmi@c440000/qcom,pmi8998@2/pinctrl@c000/usb2_ext_5v_boost/usb2_ext_5v_boost_default, deferring probe
[    0.594434] Trying to unpack rootfs image as initramfs...
[    0.728270] Freeing initrd memory: 15016K
[    0.729011] hw perfevents: enabled with armv8_pmuv3 PMU driver, 7 counters available
[    0.737450] audit: initializing netlink subsys (disabled)
[    0.737519] audit: type=2000 audit(0.736:1): initialized
[    0.737657] Initialise system trusted keyrings
[    0.738341] workingset: timestamp_bits=62 max_order=21 bucket_order=0
[    0.739934] squashfs: version 4.0 (2009/01/31) Phillip Lougher
[    0.740618] Registering sdcardfs 0.1
[    0.740858] fuse init (API version 7.26)
[    0.741236] pfk_ext4 [pfk_ext4_init]: PFK EXT4 inited successfully
[    0.741246] pfk_f2fs [pfk_f2fs_init]: PFK F2FS inited successfully
[    0.741254] pfk [pfk_init]: Driver initialized successfully
[    0.751098] Key type asymmetric registered
[    0.751106] Asymmetric key parser 'x509' registered
[    0.751150] Block layer SCSI generic (bsg) driver version 0.4 loaded (major 247)
[    0.751163] io scheduler noop registered
[    0.751172] io scheduler deadline registered
[    0.751216] io scheduler cfq registered (default)
[    0.766074] qcom,qpnp-clkdiv c440000.qcom,spmi:qcom,pm8998@0:qcom,clkdiv@5b00: Registered qpnp_clkdiv_1 successfully
[    0.766167] qcom,qpnp-clkdiv c440000.qcom,spmi:qcom,pm8998@0:qcom,clkdiv@5c00: Registered qpnp_clkdiv_2 successfully
[    0.766247] qcom,qpnp-clkdiv c440000.qcom,spmi:qcom,pm8998@0:qcom,clkdiv@5d00: Registered qpnp_clkdiv_3 successfully
[    0.777769] icnss 18800000.qcom,icnss: for wcss_msa0 segments only will be dumped.
[    0.778001] icnss: Platform driver probed successfully
[    0.778699] register_client_adhoc:find path.src 125 dest 512
[    0.778956] register_client_adhoc:Client handle 11 scm_pas
[    0.778982] minidump-id not found for adsp
[    0.779100] minidump-id not found for slpi
[    0.779190] minidump-id not found for cdsp
[    0.779470] register_client_adhoc:find path.src 63 dest 512
[    0.779621] register_client_adhoc:Client handle 12 pil-venus
[    0.779636] minidump-id not found for venus
[    0.779653] subsys-pil-tz aae0000.qcom,venus: for venus segments only will be dumped.
[    0.780112] minidump-id not found for ipa_fws
[    0.780132] subsys-pil-tz soc:qcom,ipa_fws: for ipa_fws segments only will be dumped.
[    0.780518] minidump-id not found for a630_zap
[    0.780532] subsys-pil-tz soc:qcom,kgsl-hyp: for a630_zap segments only will be dumped.
[    0.781255] pil-q6v5-mss 4080000.qcom,mss: No pas_id found.
[    0.784088] msm_geni_serial 898000.qcom,qup_uart: Wakeup byte 0xfd
[    0.784131] msm_geni_serial 898000.qcom,qup_uart: Serial port0 added.FifoSize 64 is_console0
[    0.784245] 898000.qcom,qup_uart: ttyHS0 at MMIO 0x898000 (irq = 8, base_baud = 0) is a MSM
[    0.784665] msm_serial_oem_pinctrl_init
[    0.784903] msm_serial_pinctrl_probe
[    0.785002] msm_geni_serial_init: Driver initialized
[    0.785265] register_client_adhoc:find path.src 1 dest 618
[    0.785443] register_client_adhoc:Client handle 13 msm-rng-noc
[    0.787974] random: crng init done
[    0.798189] [drm] Initialized
[    0.798291] register_client_adhoc:find path.src 20003 dest 20515
[    0.798373] register_client_adhoc:find path.src 20004 dest 20515
[    0.798444] register_client_adhoc:Client handle 14 disp_rsc_mnoc
[    0.798468] register_client_adhoc:find path.src 20001 dest 20513
[    0.798536] register_client_adhoc:Client handle 15 disp_rsc_llcc
[    0.798559] register_client_adhoc:find path.src 20000 dest 20512
[    0.798625] register_client_adhoc:Client handle 16 disp_rsc_ebi
[    0.798728] [sde_rsc_hw:rsc_hw_init:679]: sde rsc init successfully done
[    0.798749] [sde_rsc:sde_rsc_probe:1416]: sde rsc index:0 probed successfully
[    0.799117] msm-dsi-phy:[dsi_phy_driver_probe] Probe successful for dsi-phy-0
[    0.799190] msm-dsi-phy:[dsi_phy_driver_probe] Probe successful for dsi-phy-1
[    0.799775] AXI: get_pdata(): Error: Client name not found
[    0.799786] AXI: msm_bus_cl_get_pdata(): client has to provide missing entry for successful registration
[    0.799801] dsi-ctrl:[dsi_ctrl_dev_probe] Probe successful for dsi-ctrl-0
[    0.802704] msm-dsi-panel:[dsi_panel_parse_reset_sequence:1769] RESET SEQ LENGTH = 24
[    0.802752] msm-dsi-panel:[dsi_panel_parse_misc_features:1818] dsi_panel_parse_misc_features: ulps feature enabled
[    0.802775] msm-dsi-panel:[dsi_panel_parse_misc_features:1824] dsi_panel_parse_misc_features: ulps during suspend feature disabled
[    0.802851] msm-dsi-panel:[dsi_panel_parse_esd_config:2935] ESD enabled with mode: register_read
[    0.804360] msm-dsi-display:[dsi_display_get_boot_display] index = 0
[    0.804375] msm-dsi-display:[dsi_display_get_boot_display] index = 1
[    0.804671] register_client_adhoc:find path.src 1 dest 590
[    0.804889] register_client_adhoc:Client handle 17 mdss_reg
[    0.804937] register_client_adhoc:find path.src 22 dest 512
[    0.805166] register_client_adhoc:find path.src 23 dest 512
[    0.805391] register_client_adhoc:Client handle 18 mdss_sde
[    0.805459] [drm:sde_dbg_init:3481] evtlog_status: enable:0, panic:1, dump:2
[    0.805496] msm_drm ae00000.qcom,mdss_mdp: bound af20000.qcom,sde_rscc (ops sde_rsc_comp_ops)
[    0.805522] msm_drm ae00000.qcom,mdss_mdp: bound soc:qcom,wb-display@0 (ops sde_wb_comp_ops)
[    0.805807] msm-dsi-display:[dsi_display_bind] Successfully bind display panel 'dsi_samsung_sofef00_m_cmd_display'
[    0.806006] msm_drm ae00000.qcom,mdss_mdp: bound soc:qcom,dsi-display@18 (ops dsi_display_comp_ops)
[    0.806054] [drm] mapped mdp address space @ffffff800ec00000
[    0.806082] msm_drm ae00000.qcom,mdss_mdp: failed to get memory resource: vbif_nrt_phys
[    0.806131] [drm:_sde_kms_get_splash_data:3188] found continuous splash base address:9d400000 size:2400000
[    0.807789] [drm:sde_kms_hw_init:3317] sde hardware revision:0x40000001
[    0.809129] [drm] Created domain mdp_ns [80000000,80000000] secure=0
[    0.814279] iommu: Adding device ae00000.qcom,mdss_mdp:qcom,smmu_sde_sec_cb to group 15
[    0.814830] [drm] probing device qcom,smmu_sde_sec
[    0.814852] [drm] Created domain mdp_s [80000000,80000000] secure=1
[    0.820580] [drm] invalid feature map 9 for feature 10
[    0.820746] [drm] invalid feature map 9 for feature 10
[    0.820922] [drm] invalid feature map 9 for feature 10
[    0.821056] [drm] invalid feature map 9 for feature 10
[    0.959129] [drm] Supports vblank timestamp caching Rev 2 (21.10.2013).
[    0.959204] [drm] No driver support for vblank timestamp query.
[    0.965024] msm-dsi-panel:[dsi_panel_parse_topology:2555] default topology: lm: 1 comp_enc:0 intf: 1
[    0.966274] msm-dsi-panel:[dsi_panel_parse_partial_update_caps:2643] partial update disabled as the property is not set
[    0.966994] dsi-ctrl:[_dsi_ctrl_setup_isr] [DSI_0] IRQ 661 registered
[    0.981877] iommu: Adding device 506a000.qcom,gmu:gmu_user to group 16
[    0.982588] iommu: Adding device 506a000.qcom,gmu:gmu_kernel to group 17
[    0.987733] register_client_adhoc:find path.src 26 dest 512
[    0.988441] register_client_adhoc:Client handle 19 grp3d
[    0.988570] register_client_adhoc:find path.src 26 dest 10036
[    0.989105] register_client_adhoc:Client handle 20 cnoc
[    0.989176] query_client_usecase_all: query_start
[    0.989375] query_client_usecase_all: query_start
[    0.992395] iommu: Adding device 5040000.qcom,kgsl-iommu:gfx3d_user to group 18
[    0.993125] iommu: Adding device 5040000.qcom,kgsl-iommu:gfx3d_secure to group 19
[    1.074337] Boeffla WL blocker: driver version 1.1.0 started
[    1.084383] brd: module loaded
[    1.090110] loop: module loaded
[    1.094230] QSEECOM: qseecom_probe: qseecom.qsee_version = 0x1400000
[    1.094331] QSEECOM: qseecom_retrieve_ce_data: Device does not support PFE
[    1.094359] QSEECOM: qseecom_probe: no-clock-support=0x1
[    1.094385] QSEECOM: qseecom_probe: qseecom.qsee_reentrancy_support = 2
[    1.094586] register_client_adhoc:find path.src 125 dest 512
[    1.095456] register_client_adhoc:Client handle 21 qseecom-noc
[    1.095604] QSEECOM: qseecom_probe: qseecom.whitelist_support = 1
[    1.097448] Loading pn544 driver
[    1.098020] register_client_adhoc:find path.src 125 dest 512
[    1.098457] register_client_adhoc:Client handle 22 qcedev-noc
[    1.100690] qce 1de0000.qcedev: QTI Crypto 5.4.1 device found @0x1de0000
[    1.100718] qce 1de0000.qcedev: CE device = 0x0 IO base, CE = ffffff800e320000 Consumer (IN) PIPE 6,
[    1.100718] Producer (OUT) PIPE 7 IO base BAM = 0000000000000000
[    1.100718] BAM IRQ 104 Engines Availability = 0x2011073
[    1.101062] sps:BAM 0x0000000001dc4000 is registered.
[    1.101354] sps:BAM 0x0000000001dc4000 (va:0xffffff800eb80000) enabled: ver:0x27, number of pipes:16
[    1.101724] QCE50: qce_sps_init:  QTI MSM CE-BAM at 0x0000000001dc4000 irq 104
[    1.105723] iommu: Adding device 1de0000.qcedev:qcom_cedev_ns_cb to group 20
[    1.106785] qcedev_setup_context_bank Attached 1de0000.qcedev:qcom_cedev_ns_cb and create mapping
[    1.106813] qcedev_setup_context_bank Context Bank name:ns_context, is_secure:0, start_addr:0x60000000
[    1.106837] qcedev_setup_context_bank size:0x40000000, dev:ffffffefe8406c10, mapping:ffffffefe8470100
[    1.107008] iommu: Adding device 1de0000.qcedev:qcom_cedev_s_cb to group 21
[    1.109498] qcedev_setup_context_bank Attached 1de0000.qcedev:qcom_cedev_s_cb and create mapping
[    1.109526] qcedev_setup_context_bank Context Bank name:secure_context, is_secure:1, start_addr:0x60200000
[    1.109550] qcedev_setup_context_bank size:0x40000000, dev:ffffffefe84e1410, mapping:ffffffefe8543f00
[    1.110931] register_client_adhoc:find path.src 125 dest 512
[    1.111381] register_client_adhoc:Client handle 23 qcrypto-noc
[    1.112734] qcrypto 1de0000.qcrypto: QTI Crypto 5.4.1 device found @0x1de0000
[    1.112758] qcrypto 1de0000.qcrypto: CE device = 0x0 IO base, CE = ffffff800ebc0000 Consumer (IN) PIPE 4,
[    1.112758] Producer (OUT) PIPE 5 IO base BAM = 0000000000000000
[    1.112758] BAM IRQ 104 Engines Availability = 0x2011073
[    1.113205] QCE50: qce_sps_init:  QTI MSM CE-BAM at 0x0000000001dc4000 irq 104
[    1.116949] qcrypto 1de0000.qcrypto: qcrypto-ecb-aes
[    1.117156] qcrypto 1de0000.qcrypto: qcrypto-cbc-aes
[    1.117329] qcrypto 1de0000.qcrypto: qcrypto-ctr-aes
[    1.117478] qcrypto 1de0000.qcrypto: qcrypto-ecb-des
[    1.117637] qcrypto 1de0000.qcrypto: qcrypto-cbc-des
[    1.117782] qcrypto 1de0000.qcrypto: qcrypto-ecb-3des
[    1.117926] qcrypto 1de0000.qcrypto: qcrypto-cbc-3des
[    1.118077] qcrypto 1de0000.qcrypto: qcrypto-xts-aes
[    1.118232] qcrypto 1de0000.qcrypto: qcrypto-sha1
[    1.118376] qcrypto 1de0000.qcrypto: qcrypto-sha256
[    1.118529] qcrypto 1de0000.qcrypto: qcrypto-aead-hmac-sha1-cbc-aes
[    1.118698] qcrypto 1de0000.qcrypto: qcrypto-aead-hmac-sha1-cbc-des
[    1.118870] qcrypto 1de0000.qcrypto: qcrypto-aead-hmac-sha1-cbc-3des
[    1.119045] qcrypto 1de0000.qcrypto: qcrypto-aead-hmac-sha256-cbc-aes
[    1.119210] qcrypto 1de0000.qcrypto: qcrypto-aead-hmac-sha256-cbc-des
[    1.119376] qcrypto 1de0000.qcrypto: qcrypto-aead-hmac-sha256-cbc-3des
[    1.119551] qcrypto 1de0000.qcrypto: qcrypto-hmac-sha1
[    1.119726] qcrypto 1de0000.qcrypto: qcrypto-hmac-sha256
[    1.119897] qcrypto 1de0000.qcrypto: qcrypto-aes-ccm
[    1.120113] qcrypto 1de0000.qcrypto: qcrypto-rfc4309-aes-ccm
[    1.122056] ufshcd-qcom 1d84000.ufshc: ufshcd_populate_vreg: Unable to find vccq-supply regulator, assuming enabled
[    1.124974] qcom_ice_get_pdevice: found ice device ffffffefe85e3000
[    1.124991] qcom_ice_get_pdevice: matching platform device ffffffefef922c00
[    1.125297] register_client_adhoc:find path.src 123 dest 512
[    1.125694] register_client_adhoc:find path.src 1 dest 757
[    1.125984] register_client_adhoc:Client handle 24 ufshc_mem
[    1.126973] scsi host0: ufshcd
[    1.131764] qcom_ice 1d90000.ufsice: QC ICE 3.1.75 device found @0xffffff800e008000
[    1.141910] Ethernet Channel Bonding Driver: v3.7.1 (April 27, 2011)
[    1.144473] libphy: Fixed MDIO Bus: probed
[    1.144498] tun: Universal TUN/TAP device driver, 1.6
[    1.144519] tun: (C) 1999-2004 Max Krasnyansky <maxk@qualcomm.com>
[    1.144778] sky2: driver version 1.30
[    1.145279] PPP generic driver version 2.4.2
[    1.145467] PPP BSD Compression module registered
[    1.145491] PPP Deflate Compression module registered
[    1.145538] PPP MPPE Compression module registered
[    1.145565] NET: Registered protocol family 24
[    1.145745] CLD80211: Initializing
[    1.145941] usbcore: registered new interface driver asix
[    1.146134] usbcore: registered new interface driver ax88179_178a
[    1.146194] usbcore: registered new interface driver cdc_ether
[    1.146243] usbcore: registered new interface driver net1080
[    1.146289] usbcore: registered new interface driver cdc_subset
[    1.146338] usbcore: registered new interface driver zaurus
[    1.146402] usbcore: registered new interface driver cdc_ncm
[    1.146429] CHRDEV "uio" major number 233 goes below the dynamic allocation range
[    1.147204] msm_sharedmem: sharedmem_register_qmi: qmi init successful
[    1.153640] msm_sharedmem: msm_sharedmem_probe: Device created for client 'rmtfs'
[    1.154231] ufshcd-qcom 1d84000.ufshc: ufshcd_print_pwr_info:[RX, TX]: gear=[1, 1], lane[1, 1], pwr[SLOWAUTO_MODE, SLOWAUTO_MODE], rate = 0
[    1.156520] msm-qusb-phy-v2 88e2000.qusb: qusb_phy_probe:qusb-phy-ophost-init-seq got!
[    1.156881] msm-qusb-phy-v2 88e2000.qusb: usb_oe_exist=0
[    1.157397] actuator_regulator: Failed to create debugfs directory
[    1.160710] msm-dwc3 a600000.ssusb: unable to get dbm device
[    1.163272] usbcore: registered new interface driver usb-storage
[    1.163320] usbcore: registered new interface driver usb_ehset_test
[    1.163392] usbcore: registered new interface driver lvs
[    1.166523] qpnp-pdphy c440000.qcom,spmi:qcom,pmi8998@2:qcom,usb-pdphy@1700: usbpd_create failed: -517
[    1.167458] mousedev: PS/2 mouse device common for all mice
[    1.167730] usbcore: registered new interface driver xpad
[    1.167751] synaptics,s3320: tpd_driver_init enter
[    1.168467] fingerprint_detect_probe
[    1.168783] fingerprint_detect soc:fingerprint_detect: fp-gpio-id0 - gpio: 91
[    1.168805] fingerprint_detect soc:fingerprint_detect: fingerprint_detect_probe: gpio_is_valid(fp_detect->id0_gpio=91)
[    1.168841] fingerprint_detect soc:fingerprint_detect: fp-gpio-id1 - gpio: 92
[    1.168862] fingerprint_detect soc:fingerprint_detect: fingerprint_detect_probe: gpio_is_valid(fp_detect->id1_gpio=92)
[    1.168896] fingerprint_detect soc:fingerprint_detect: fp-gpio-id2 - gpio: 95
[    1.168916] fingerprint_detect soc:fingerprint_detect: fingerprint_detect_probe: gpio_is_valid(fp_detect->id2_gpio=95)
[    1.179055] fingerprint_detect_probe: 011
[    1.189177] fingerprint_detect_probe: 011
[    1.196812] fingerprint_detect_probe: 011
[    1.196846] fingerprint_detect soc:fingerprint_detect: fingerprint_detect_probe: ok
[    1.196969] gf_spi: gf_init:fp version 3
[    1.197006] CHRDEV "goodix_fp_spi" major number 232 goes below the dynamic allocation range
[    1.198077] soc:goodix_fp supply vdd-3v2 not found, using dummy regulator
[    1.198176] gf_parse_dts: Failed to get regulator vdd voltage
[    1.198211] gf_parse_dts: Failed to get regulator vdd current
[    1.199203] input: gf_input as /devices/virtual/input/input1
[    1.199491] gf_spi: version V1.2.08
[    1.199694] gf_spi: status = 0x0
[    1.199721] [+silead_fp-] SILEAD_FP Driver, Version: v0.2.3.
[    1.199749] silfp_dev_init:fp version 3
[    1.201317] qcom,qpnp-rtc c440000.qcom,spmi:qcom,pm8998@0:qcom,pm8998_rtc: rtc core: registered qpnp_rtc as rtc0
[    1.202353] i2c /dev entries driver
[    1.203081] i2c_geni 88c000.i2c: No reset config specified
[    1.203140] i2c_geni 88c000.i2c: Bus frequency not specified, default to 400KHz.
[    1.203349] i2c_geni 88c000.i2c: Geni-I2C speed=400000
[    1.205975] pn544_parse_dt: 63, 12, 62, 116 error:0
[    1.206832] pn544_probe : requesting IRQ 315
[    1.207884] i2c_geni 890000.i2c: No reset config specified
[    1.207941] i2c_geni 890000.i2c: Bus frequency not specified, default to 400KHz.
[    1.208125] i2c_geni 890000.i2c: Geni-I2C speed=400000
[    1.209732] i2c_geni a88000.i2c: reset config specified
[    1.209907] i2c_geni a88000.i2c: Geni-I2C speed=100000
[    1.211948] i2c_geni a88000.i2c: i2c error :-107
[    1.212271] i2c_geni a88000.i2c: i2c error :-107
[    1.212624] i2c_geni a88000.i2c: i2c error :-107
[    1.212944] i2c_geni a88000.i2c: i2c error :-107
[    1.213000] I2C PMIC: i2c_pmic_read: i2c_pmic_read failed for 3 retries, rc = -107
[    1.213069] I2C PMIC: i2c_pmic_determine_initial_status: Couldn't read irq data rc=-107
[    1.213137] I2C PMIC: i2c_pmic_probe: Couldn't determine initial status rc=-107
[    1.213347] i2c_pmic: probe of 0-0008 failed with error -107
[    1.214094] i2c_geni a88000.i2c: i2c error :-107
[    1.214406] i2c_geni a88000.i2c: i2c error :-107
[    1.214724] i2c_geni a88000.i2c: i2c error :-107
[    1.215032] i2c_geni a88000.i2c: i2c error :-107
[    1.215083] I2C PMIC: i2c_pmic_read: i2c_pmic_read failed for 3 retries, rc = -107
[    1.215150] I2C PMIC: i2c_pmic_determine_initial_status: Couldn't read irq data rc=-107
[    1.215217] I2C PMIC: i2c_pmic_probe: Couldn't determine initial status rc=-107
[    1.215387] i2c_pmic: probe of 0-000c failed with error -107
[    1.216428] i2c_geni a90000.i2c: No reset config specified
[    1.216485] i2c_geni a90000.i2c: Bus frequency not specified, default to 400KHz.
[    1.216680] i2c_geni a90000.i2c: Geni-I2C speed=400000
[    1.218568] synaptics,s3320: before on cpu [1]
[    1.218618] synaptics,s3320: check CPU[0] is [online]
[    1.230354] iommu: Adding device aa00000.qcom,vidc:non_secure_cb to group 22
[    1.232229] iommu: Adding device aa00000.qcom,vidc:secure_bitstream_cb to group 23
[    1.236615] iommu: Adding device aa00000.qcom,vidc:secure_pixel_cb to group 24
[    1.240666] iommu: Adding device aa00000.qcom,vidc:secure_non_pixel_cb to group 25
[    1.244313] ufshcd-qcom 1d84000.ufshc: ufshcd_print_pwr_info:[RX, TX]: gear=[3, 3], lane[2, 2], pwr[FAST MODE, FAST MODE], rate = 2
[    1.245405] register_client_adhoc:find path.src 1 dest 590
[    1.245909] scsi 0:0:0:49488: Well-known LUN    SAMSUNG  KLUDG4U1EA-B0C1  0500 PQ: 0 ANSI: 6
[    1.246124] register_client_adhoc:Client handle 25 sde_reg
[    1.246339] iommu: Adding device ae00000.qcom,mdss_rotator:qcom,smmu_rot_unsec_cb to group 26
[    1.246998] iommu: Adding device ae00000.qcom,mdss_rotator:qcom,smmu_rot_sec_cb to group 27
[    1.247569] register_client_adhoc:find path.src 25 dest 512
[    1.248201] register_client_adhoc:Client handle 26 mdss_rotator
[    1.248321] register_client_adhoc:find path.src 1 dest 590
[    1.248985] scsi 0:0:0:49456: Well-known LUN    SAMSUNG  KLUDG4U1EA-B0C1  0500 PQ: 0 ANSI: 6
[    1.249193] register_client_adhoc:Client handle 27 mdss_rot_reg
[    1.250106] No change in context(0==0), skip
[    1.252244] scsi 0:0:0:49476: Well-known LUN    SAMSUNG  KLUDG4U1EA-B0C1  0500 PQ: 0 ANSI: 6
[    1.254889] sde_rotator_evtlog_create_debugfs: evtlog_status: enable:0, panic:1, dump:2
[    1.256115] scsi 0:0:0:0: Direct-Access     SAMSUNG  KLUDG4U1EA-B0C1  0500 PQ: 0 ANSI: 6
[    1.258363] scsi 0:0:0:1: Direct-Access     SAMSUNG  KLUDG4U1EA-B0C1  0500 PQ: 0 ANSI: 6
[    1.260416] sde_rotator ae00000.qcom,mdss_rotator: <SDEROT_INFO> SDE v4l2 rotator probe success
[    1.261470] scsi 0:0:0:2: Direct-Access     SAMSUNG  KLUDG4U1EA-B0C1  0500 PQ: 0 ANSI: 6
[    1.263784] scsi 0:0:0:3: Direct-Access     SAMSUNG  KLUDG4U1EA-B0C1  0500 PQ: 0 ANSI: 6
[    1.264583] sde_smmu_probe: <SDEROT_INFO> iommu v2 domain[0] mapping and clk register successful!
[    1.267167] scsi 0:0:0:4: Direct-Access     SAMSUNG  KLUDG4U1EA-B0C1  0500 PQ: 0 ANSI: 6
[    1.267237] sde_smmu_probe: <SDEROT_INFO> iommu v2 domain[1] mapping and clk register successful!
[    1.270482] scsi 0:0:0:5: Direct-Access     SAMSUNG  KLUDG4U1EA-B0C1  0500 PQ: 0 ANSI: 6
[    1.274290] iommu: Adding device soc:qcom,cam_smmu:msm_cam_smmu_ife to group 28
[    1.275055] iommu: Adding device soc:qcom,cam_smmu:msm_cam_smmu_jpeg to group 29
[    1.275579] platform soc:qcom,cam_smmu:msm_cam_icp_fw: assigned reserved memory node camera_region@0x8bf00000
[    1.276644] iommu: Adding device soc:qcom,cam_smmu:msm_cam_smmu_icp to group 30
[    1.277704] iommu: Adding device soc:qcom,cam_smmu:msm_cam_smmu_cpas_cdm to group 31
[    1.278954] iommu: Adding device soc:qcom,cam_smmu:msm_cam_smmu_fd to group 32
[    1.279667] iommu: Adding device soc:qcom,cam_smmu:msm_cam_smmu_lrme to group 33
[    1.283715]  sda: sda1 sda2 sda3 sda4 sda5 sda6 sda7 sda8 sda9 sda10 sda11 sda12 sda13 sda14 sda15 sda16 sda17 sda18 sda19
[    1.285397]  sdb: sdb1 sdb2
[    1.287895] register_client_adhoc:find path.src 1 dest 589
[    1.288604] register_client_adhoc:Client handle 28 cam_ahb
[    1.288814]  sdd: sdd1 sdd2 sdd3
[    1.289357]  sdc: sdc1 sdc2
[    1.290076] register_client_adhoc:find path.src 136 dest 512
[    1.290616] register_client_adhoc:Client handle 29 cam_hf_1_mnoc
[    1.291354] register_client_adhoc:find path.src 146 dest 778
[    1.291687] register_client_adhoc:Client handle 30 cam_hf_1_camnoc
[    1.292883] register_client_adhoc:find path.src 145 dest 512
[    1.293899] register_client_adhoc:Client handle 31 cam_hf_2_mnoc
[    1.294075] register_client_adhoc:find path.src 147 dest 778
[    1.294480] register_client_adhoc:Client handle 32 cam_hf_2_camnoc
[    1.294755] register_client_adhoc:find path.src 137 dest 512
[    1.294756]  sdf: sdf1 sdf2 sdf3 sdf4 sdf5
[    1.295116] register_client_adhoc:Client handle 33 cam_sf_1_mnoc
[    1.296006] register_client_adhoc:find path.src 148 dest 778
[    1.296250] register_client_adhoc:Client handle 34 cam_sf_1_camnoc
[    1.299554]  sde: sde1 sde2 sde3 sde4 sde5 sde6 sde7 sde8 sde9 sde10 sde11 sde12 sde13 sde14 sde15 sde16 sde17 sde18 sde19 sde20 sde21 sde22 sde23 sde24 sde25 sde26 sde27 sde28 sde29 sde30 sde31 sde32 sde33 sde34 sde35 sde36 sde37 sde38 sde39 sde40 sde41 sde42 sde43 sde44 sde45 sde46 sde47 sde48 sde49 sde50 sde51 sde52 sde53 sde54 sde55 sde56 sde57 sde58 sde59 sde60 sde61 sde62 sde63 sde64 sde65 sde66 sde67 sde68 sde69 sde70 sde71 sde72
[    1.314822] CAM_INFO: CAM-ISP: cam_vfe_reset: 390 calling RESET on vfe 0
[    1.315061] CAM_INFO: CAM-ISP: cam_vfe_reset: 390 calling RESET on vfe 0
[    1.319683] CAM_INFO: CAM-ISP: cam_vfe_reset: 390 calling RESET on vfe 1
[    1.319824] CAM_INFO: CAM-ISP: cam_vfe_reset: 390 calling RESET on vfe 1
[    1.321909] CAM_ERR: CAM-UTIL: cam_soc_util_get_option_clk_by_name: 256 No clk named ife_dsp_clk found. Dev acc4000.qcom,vfe-lite
[    1.321971] CAM_WARN: CAM-ISP: cam_vfe_init_soc_resources: 107 option clk get failed
[    1.324728] CAM_INFO: CAM-ISP: cam_vfe_reset: 390 calling RESET on vfe 2
[    1.324867] CAM_INFO: CAM-ISP: cam_vfe_reset: 390 calling RESET on vfe 2
[    1.327972] CAM_INFO: CAM-ISP: cam_isp_dev_probe: 122 Camera ISP probe complete
[    1.332188] CAM_INFO: CAM: cam_res_mgr_probe: 681 Disable shared gpio support.
[    1.340256] CAM_INFO: CAM-ACTUATOR: cam_actuator_parse_dt: 58 No GPIO found
[    1.340349] CAM_INFO: CAM-ACTUATOR: cam_actuator_parse_dt: 58 No GPIO found
[    1.356919] CAM_ERR: CAM-SMMU: cam_smmu_create_add_handle_in_table: 608 Error: cam-secure already got handle 0x44f38
[    1.361798] CAM_INFO: CAM-JPEG: cam_jpeg_dev_probe: 119 Camera JPEG probe complete
[    1.374372] SMB2: smb2_chg_config_init: PMI8998 Revision=0x2
[    1.374469] SMB2: smb2_parse_dt: OTG_ICL:enable:1,CapThr:15,LowThr:1000000,NorThr:1500000
[    1.374529] SMB2: smb2_parse_dt: T0=-30, T1=0, T2=50, T3=120, T4=160, T5=450, T6=530
[    1.374571] SMB2: smb2_parse_dt: BATT_TEMP_LITTLE_COLD=275, 3975, 3700
[    1.374602] SMB2: smb2_parse_dt: BATT_TEMP_COOL=425, 4400, 4150
[    1.374631] SMB2: smb2_parse_dt: BATT_TEMP_LITTLE_COOL=725, 4400, 4270
[    1.374657] SMB2: smb2_parse_dt: BATT_TEMP_PRE_NORMAL=1375, 4400, 4270
[    1.374685] SMB2: smb2_parse_dt: BATT_TEMP_NORMAL=1950, 4400, 4270
[    1.374712] SMB2: smb2_parse_dt: BATT_TEMP_WARM=750, 4080, 3980
[    1.374737] SMB2: smb2_parse_dt: cutoff_volt_with_charger=3250, disable-pd=1
[    1.374770] SMB2: smb2_parse_dt: sw_iterm_ma=264,check_batt_full_by_sw=1
[    1.374923] SMBLIB: op_set_collapse_fet: USBIN_5V_AICL_THRESHOLD_CFG_REG(0x1381)=0x3
[    1.375000] SMBLIB: op_set_collapse_fet: USBIN_CONT_AICL_THRESHOLD_CFG_REG(0x1384)=0x3
[    1.375109] SMBLIB: op_set_collapse_fet: USBIN_AICL_OPTIONS_CFG_REG(0x1380)=0xc7
[    1.375190] SMBLIB: op_set_collapse_fet: USBIN_LOAD_CFG_REG(0x1365)=0xf7
[    1.376022] SMBLIB: op_battery_temp_region_set: set temp_region=5
[    1.376262] register_client_adhoc:find path.src 1 dest 731
[    1.377170] register_client_adhoc:Client handle 35 dash_clk_vote
[    1.377908] actuator_regulator: Failed to create debugfs directory
[    1.378268] actuator_regulator: Failed to create debugfs directory
[    1.378490] SMB2: smb2_init_hw: vbat_max=4365000, ibat_max=500000, iusb_max=1800000
[    1.379678] SMBLIB: smblib_set_dc_suspend: 0
[    1.379766] SMBLIB: smblib_dc_icl_vote_callback: dc icl set 1200000
[    1.379979] SMBLIB: smblib_chg_disable_vote_callback: set chg_disable=0
[    1.381840] SMBLIB: get_prop_fast_adapter_update: no fast_charger register found
[    1.381879] SMBLIB: get_prop_fast_chg_started: no fast_charger register found
[    1.381962] SMBLIB: smblib_usb_plugin_locked: acquire chg_wake_lock
[    1.382020] SMBLIB: smblib_awake_vote_callback: set awake=1
[    1.382090] SMBLIB: smblib_usb_plugin_locked: IRQ: attached
[    1.382347] SMBLIB: smblib_get_apsd_result: APSD_DTC_STATUS_DONE_BIT is 0
[    1.382518] SMBLIB: get_prop_fast_adapter_update: no fast_charger register found
[    1.382553] SMBLIB: get_prop_fast_chg_started: no fast_charger register found
[    1.382705] SMBLIB: get_prop_fast_adapter_update: no fast_charger register found
[    1.382865] SMBLIB: smblib_get_apsd_result: APSD_DTC_STATUS_DONE_BIT is 0
[    1.383004] SMBLIB: get_prop_fast_chg_started: no fast_charger register found
[    1.383047] SMBLIB: smblib_handle_usb_source_change: APSD_STATUS=0x00
[    1.383086] SMBLIB: smblib_get_apsd_result: APSD_DTC_STATUS_DONE_BIT is 0
[    1.383276] SMBLIB: smblib_set_icl_current: icl_ua=475000
[    1.383406] SMBLIB: smblib_set_usb_suspend: suspend=0
[    1.383446] SMBLIB: smblib_set_icl_current: icl_ua=2147483647
[    1.383532] SMBLIB: smblib_set_usb_suspend: suspend=0
[    1.383835] SMBLIB: smblib_get_apsd_result: APSD_DTC_STATUS_DONE_BIT is 0
[    1.384008] SMBLIB: get_property_from_fg: no bms psy found
[    1.384037] SMBLIB: get_prop_batt_capacity: Couldn't get capacity rc=-22
[    1.384063] SMBLIB: get_prop_fast_adapter_update: no fast_charger register found
[    1.384097] SMBLIB: get_prop_fast_chg_started: no fast_charger register found
[    1.384209] SMBLIB: get_property_from_fg: no bms psy found
[    1.384235] SMBLIB: get_prop_batt_capacity: Couldn't get capacity rc=-22
[    1.384259] SMBLIB: get_prop_fast_adapter_update: no fast_charger register found
[    1.384293] SMBLIB: get_prop_fast_chg_started: no fast_charger register found
[    1.384453] SMBLIB: get_prop_chg_protect_status: failed to read usb_voltage rc=-517
[    1.384490] SMBLIB: get_property_from_fg: no bms psy found
[    1.384515] SMBLIB: get_prop_batt_temp: Couldn't get temperature rc=-22
[    1.384561] SMBLIB: op_get_fastchg_ing: no fast_charger register found
[    1.384856] SMBLIB: get_property_from_fg: no bms psy found
[    1.384882] SMBLIB: get_prop_batt_capacity: Couldn't get capacity rc=-22
[    1.384906] SMBLIB: get_prop_fast_adapter_update: no fast_charger register found
[    1.384939] SMBLIB: get_prop_fast_chg_started: no fast_charger register found
[    1.385035] SMBLIB: get_property_from_fg: no bms psy found
[    1.385060] SMBLIB: get_prop_batt_capacity: Couldn't get capacity rc=-22
[    1.385085] SMBLIB: get_prop_fast_adapter_update: no fast_charger register found
[    1.385119] SMBLIB: get_prop_fast_chg_started: no fast_charger register found
[    1.385261] SMBLIB: get_prop_chg_protect_status: failed to read usb_voltage rc=-517
[    1.385297] SMBLIB: get_property_from_fg: no bms psy found
[    1.385322] SMBLIB: get_prop_batt_temp: Couldn't get temperature rc=-22
[    1.385365] SMBLIB: op_get_fastchg_ing: no fast_charger register found
[    1.398796] SMBLIB: smblib_set_icl_current: icl_ua=475000
[    1.398909] SMBLIB: smblib_set_usb_suspend: suspend=0
[    1.398949] SMBLIB: smblib_set_icl_current: icl_ua=2147483647
[    1.399035] SMBLIB: smblib_set_usb_suspend: suspend=0
[    1.399255] SMB2: smb2_probe: QPNP SMB2 probed successfully usb:present=1 type=0 batt:present = 1 health = 1 charge = 3
[    1.399824] SMBLIB: get_property_from_fg: no bms psy found
[    1.399854] SMBLIB: get_prop_batt_capacity: Couldn't get capacity rc=-22
[    1.399881] SMBLIB: get_prop_fast_adapter_update: no fast_charger register found
[    1.399915] SMBLIB: get_prop_fast_chg_started: no fast_charger register found
[    1.400119] SMBLIB: get_property_from_fg: no bms psy found
[    1.400147] SMBLIB: get_prop_batt_capacity: Couldn't get capacity rc=-22
[    1.400181] SMBLIB: get_prop_fast_adapter_update: no fast_charger register found
[    1.400218] SMBLIB: get_prop_fast_chg_started: no fast_charger register found
[    1.400384] SMBLIB: get_prop_chg_protect_status: failed to read usb_voltage rc=-517
[    1.400425] SMBLIB: get_property_from_fg: no bms psy found
[    1.400451] SMBLIB: get_prop_batt_temp: Couldn't get temperature rc=-22
[    1.400495] SMBLIB: op_get_fastchg_ing: no fast_charger register found
[    1.400963] SMBLIB: smblib_get_apsd_result: APSD_DTC_STATUS_DONE_BIT is 0
[    1.401451] BQ: bq27541_parse_dt: di->modify_soc_smooth=1
[    1.402498] BQ: bq27541_battery_probe: probe success battery exist 
[    1.403420] FASTCHG: dash_probe: dash_probe
[    1.406541] FASTCHG: check_n76e_support: n76e not exist
[    1.406571] FASTCHG: dash_probe: dash_probe success
[    1.406669] dash_adapter_init success
[    1.429282] bcl_peripheral:bcl_read_soc battery percentage read error:-61
[    1.429367] thermal thermal_zone63: failed to read out thermal zone (-61)
[    1.429451] bcl_peripheral:bcl_read_soc battery percentage read error:-61
[    1.429504] thermal thermal_zone63: failed to read out thermal zone (-61)
[    1.429628] bcl_peripheral:bcl_read_soc battery percentage read error:-61
[    1.433725] 17d41000.qcom,cpucc:qcom,limits-dcvs@0 supply isens_vref not found, using dummy regulator
[    1.433912] msm_lmh_dcvs:limits_isens_vref_ldo_init Regulator:isens_vref settings read error:-22
[    1.449429] bcl_peripheral:bcl_read_soc battery percentage read error:-61
[    1.449458] thermal thermal_zone63: failed to read out thermal zone (-61)
[    1.453273] bcl_peripheral:bcl_read_soc battery percentage read error:-61
[    1.453300] thermal thermal_zone63: failed to read out thermal zone (-61)
[    1.485017] device-mapper: uevent: version 1.0.3
[    1.486092] device-mapper: ioctl: 4.35.0-ioctl (2016-06-23) initialised: dm-devel@redhat.com
[    1.486904] device-mapper: req-crypt: dm-req-crypt successfully initalized.

[    1.489580] bt_power_populate_dt_pinfo: bt-reset-gpio not provided in device tree
[    1.489782] bt_dt_parse_vreg_info: qca,bt-chip-pwd: is not provided in device tree
[    1.489876] bt_dt_parse_clk_info: clocks is not provided in device tree
[    1.489940] bt_power_populate_dt_pinfo: clock not provided in device tree
[    1.490708] CHRDEV "bt" major number 231 goes below the dynamic allocation range
[    1.492785] EDAC DEVICE0: Giving out device to module soc:kryo3xx-erp controller cache: DEV soc:kryo3xx-erp (INTERRUPT)
[    1.503886] usbcore: registered new interface driver usbhid
[    1.503937] usbhid: USB HID core driver
[    1.504269] ashmem: initialized
[    1.504351] ipa_ut ipa_ut_module_init:1044 Loading IPA test module...
[    1.504378] wlan: Loading driver v5.1.1.74R ()
[    1.506272] CHRDEV "qcwlanstate" major number 230 goes below the dynamic allocation range
[    1.506631] wlan_hdd_state wlan major(230) initialized
[    1.506666] wlan: driver loaded
[    1.506849] qpnp_coincell_charger_show_state: enabled=Y, voltage=3200 mV, resistance=800 ohm
[    1.509218] bimc-bwmon 1436400.qcom,cpu-bwmon: BW HWmon governor registered.
[    1.509393] bimc-bwmon 114a000.qcom,llcc-bwmon: BW HWmon governor registered.
[    1.511730] arm-memlat-mon soc:qcom,cpu0-memlat-mon: Memory Latency governor registered.
[    1.511914] arm-memlat-mon soc:qcom,cpu4-memlat-mon: Memory Latency governor registered.
[    1.512106] arm-memlat-mon soc:qcom,cpu0-l3lat-mon: Memory Latency governor registered.
[    1.512276] arm-memlat-mon soc:qcom,cpu4-l3lat-mon: Memory Latency governor registered.
[    1.512459] arm-memlat-mon soc:qcom,devfreq-compute: Compute governor registered.
[    1.515994] register_client_adhoc:find path.src 1 dest 770
[    1.516769] register_client_adhoc:Client handle 36 soc:qcom,cpubw
[    1.517774] register_client_adhoc:find path.src 129 dest 512
[    1.518008] register_client_adhoc:Client handle 37 soc:qcom,llccbw
[    1.519892] register_client_adhoc:find path.src 1 dest 512
[    1.520174] synaptics,s3320: after on cpu [0]
[    1.520238] synaptics,s3320: synaptics_ts_probe  is called
[    1.520317] synaptics,s3320: synaptics_parse_dts ts->support_hw_poweroff =1
[    1.520375] synaptics,s3320: synaptics,tx-rx-num is 15 30 
[    1.520423] synaptics,s3320: synaptic:ts->irq_gpio:125 irq_flags:8200 max_num 10
[    1.520597] synaptics,s3320: synaptics_parse_dts: avdd current = 20000
[    1.520812] synaptics,s3320: synaptics_parse_dts:avdd_vmin=3008000,avdd_vmax=3008000
[    1.521093] 3-0020 supply vcc_i2c_1v8 not found, using dummy regulator
[    1.521215] synaptics,s3320: synaptics_parse_dts: Failed to get regulator vdd current
[    1.521284] synaptics,s3320: synaptics_parse_dts: Failed to get regulator vdd voltage
[    1.522155] register_client_adhoc:Client handle 38 soc:qcom,memlat-cpu0
[    1.522857] register_client_adhoc:find path.src 1 dest 512
[    1.523675] register_client_adhoc:Client handle 39 soc:qcom,memlat-cpu4
[    1.524370] register_client_adhoc:find path.src 139 dest 627
[    1.524908] register_client_adhoc:Client handle 40 soc:qcom,snoc_cnoc_keepalive
[    1.525483] register_client_adhoc:find path.src 1 dest 512
[    1.526237] register_client_adhoc:Client handle 41 soc:qcom,mincpubw
[    1.527524] register_client_adhoc:find path.src 26 dest 512
[    1.528041] register_client_adhoc:Client handle 42 soc:qcom,gpubw
[    1.534098] extcon_data->key3_gpio=126
[    1.534166] extcon_data->key2_gpio=52
[    1.534208] extcon_data->key1_gpio=24
[    1.538727] CHRDEV "esoc" major number 229 goes below the dynamic allocation range
[    1.541160] CHRDEV "sensors" major number 228 goes below the dynamic allocation range
[    1.542453] usbcore: registered new interface driver snd-usb-audio
[    1.553739] bcl_peripheral:bcl_read_soc battery percentage read error:-61
[    1.553790] thermal thermal_zone63: failed to read out thermal zone (-61)
[    1.593875] msm-cdc-pinctrl soc:msm_cdc_pinctrl@49: msm_cdc_pinctrl_probe: Cannot get cdc gpio pinctrl:-19
[    1.596223] ****** max98927_i2c_probe id.name =max98927L id.driver_data= 0 
[    1.596257] max98927_reset:69------
[    1.617117] max98927 device version 0x42
[    1.628801] ****** max98927_i2c_probe snd_soc_register_codec id =0
[    1.628867] max98927 register codec ok.
[    1.629554] tfa98xx_i2c_init(): TFA98XX driver version v6.5.2
[    1.630015] fsa4480 driver fsa4480_i2c_init
[    1.635599] CHRDEV "avtimer" major number 227 goes below the dynamic allocation range
[    1.646644] CHRDEV "wcd-dsp-glink" major number 225 goes below the dynamic allocation range
[    1.651926] GACT probability NOT on
[    1.652014] Mirror/redirect action on
[    1.652096] u32 classifier
[    1.652144]     Actions configured
[    1.652210] Netfilter messages via NETLINK v0.30.
[    1.652292] nfnl_acct: registering with nfnetlink.
[    1.653522] bcl_peripheral:bcl_read_soc battery percentage read error:-61
[    1.653600] thermal thermal_zone63: failed to read out thermal zone (-61)
[    1.653863] nf_conntrack version 0.5.0 (65536 buckets, 262144 max)
[    1.654266] ctnetlink v0.93: registering with nfnetlink.
[    1.655570] xt_time: kernel timezone is -0000
[    1.655894] IPv4 over IPsec tunneling driver
[    1.657678] ip_tables: (C) 2000-2006 Netfilter Core Team
[    1.658356] arp_tables: arp_tables: (C) 2002 David S. Miller
[    1.658576] Initializing XFRM netlink socket
[    1.659355] NET: Registered protocol family 10
[    1.661873] mip6: Mobile IPv6
[    1.661946] ip6_tables: (C) 2000-2006 Netfilter Core Team
[    1.664811] synaptics,s3320: F12_2D_QUERY_BASE = 4a 
[    1.664811]  			F12_2D_CMD_BASE  = 0 
[    1.664811] 			F12_2D_CTRL_BASE	= 13 
[    1.664811] 			F12_2D_DATA_BASE	= 8 
[    1.664811] 			
[    1.665006] sit: IPv6, IPv4 and MPLS over IPv4 tunneling driver
[    1.665699] synaptics,s3320: F34_FLASH_QUERY_BASE = 23 
[    1.665699] 			F34_FLASH_CMD_BASE	= 0 
[    1.665699] 			F34_FLASH_CTRL_BASE	= c 
[    1.665699] 			F34_FLASH_DATA_BASE	= 0 
[    1.665699] 			
[    1.667047] synaptics,s3320: F54_QUERY_BASE = 43 
[    1.667047] 			F54_CMD_BASE  = 42 
[    1.667047] 			F54_CTRL_BASE	= e 
[    1.667047] 			F54_DATA_BASE	= 0 
[    1.667047] 			
[    1.667676] synaptics,s3320: before fw update bootloader_mode[0x0]
[    1.668631] NET: Registered protocol family 17
[    1.668709] NET: Registered protocol family 15
[    1.668939] Ebtables v2.0 registered
[    1.669389] synaptics,s3320: CURRENT_FIRMWARE_ID = 0x4543313031303134
[    1.669779] Bluetooth: RFCOMM TTY layer initialized
[    1.669840] Bluetooth: RFCOMM socket layer initialized
[    1.669941] Bluetooth: RFCOMM ver 1.11
[    1.669994] Bluetooth: BNEP (Ethernet Emulation) ver 1.3
[    1.670078] Bluetooth: BNEP filters: protocol multicast
[    1.670133] Bluetooth: BNEP socket layer initialized
[    1.670178] Bluetooth: HIDP (Human Interface Emulation) ver 1.2
[    1.670240] Bluetooth: HIDP socket layer initialized
[    1.670402] l2tp_core: L2TP core driver, V2.0
[    1.670460] l2tp_ppp: PPPoL2TP kernel driver, V2.0
[    1.670501] l2tp_ip: L2TP IP encapsulation support (L2TPv3)
[    1.670574] l2tp_netlink: L2TP netlink interface
[    1.670674] l2tp_eth: L2TP ethernet pseudowire support (L2TPv3)
[    1.670720] l2tp_ip6: L2TP IP encapsulation support for IPv6 (L2TPv3)
[    1.670976] Key type dns_resolver registered
[    1.672506] NET: Registered protocol family 27
[    1.674086] actuator_regulator: Failed to create debugfs directory
[    1.680185] synaptics,s3320: max_x = 1080,max_y = 2280; max_x_ic = 1079,max_y_ic = 2279
[    1.681385] synaptics,s3320: synaptics_soft_reset !!!
[    1.699013] minidump-id not found for adsp
[    1.699427] subsys-pil-tz 17300000.qcom,lpass: for adsp segments only will be dumped.
[    1.701674] minidump-id not found for slpi
[    1.702161] subsys-pil-tz 5c00000.qcom,ssc: for slpi segments only will be dumped.
[    1.704023] minidump-id not found for cdsp
[    1.704514] subsys-pil-tz 8300000.qcom,turing: for cdsp segments only will be dumped.
[    1.706814] pil-q6v5-mss 4080000.qcom,mss: No pas_id found.
[    1.707475] platform 4080000.qcom,mss:qcom,mba-mem@0: assigned reserved memory node mba_region@0x96500000
[    1.708970] pil-q6v5-mss 4080000.qcom,mss: for modem segments only will be dumped.
[    1.709385] pil-q6v5-mss 4080000.qcom,mss: for md_modem segments only will be dumped.
[    1.714071] Force USB running as High speed
[    1.721576] sps:BAM 0x000000000a704000 is registered.
[    1.722055] register_client_adhoc:find path.src 61 dest 512
[    1.722785] register_client_adhoc:find path.src 61 dest 676
[    1.723231] register_client_adhoc:find path.src 1 dest 583
[    1.723728] register_client_adhoc:Client handle 43 usb0
[    1.723937] Invalid index Defaulting curr to 0
[    1.724332] msm-dwc3 a600000.ssusb: Not attached
[    1.727415] FG: fg_parse_dt: use_external_fg=1
[    1.734084] spmi spmi-0: cleanup_irq apid=219 sid=0x2 per=0x40 irq=1
[    1.734123] spmi spmi-0: cleanup_irq apid=219 sid=0x2 per=0x40 irq=6
[    1.736675] spmi spmi-0: cleanup_irq apid=220 sid=0x2 per=0x41 irq=6
[    1.739254] FG: fg_gen3_probe: battery SOC:50 voltage: 4335926uV temp: 240
[    1.740535] qcom,fg-gen3 c440000.qcom,spmi:qcom,pmi8998@2:qpnp,fg: thermal_zone_of_sensor_register() failed rc:-19
[    1.743757] FG: fg_psy_get_property: unsupported property 24
[    1.746366] FG: fg_psy_get_property: unsupported property 1
[    1.784104] synaptics,s3320: synaptics_tpedge_limitfunc limit_enable =1,mode:0x67 !
[    1.785084] input: synaptics,s3320 as /devices/platform/soc/a90000.i2c/i2c-3/3-0020/input/input2
[    1.836907] synaptics,s3320: synaptic:ts->irq is 377
[    1.848032] CHRDEV "rmi" major number 224 goes below the dynamic allocation range
[    1.848911] synaptics,s3320: synaptics_ts_probe 3203: normal end
[    1.961006] register_client_adhoc:find path.src 61 dest 512
[    1.962338] register_client_adhoc:find path.src 61 dest 676
[    1.963260] register_client_adhoc:find path.src 1 dest 583
[    1.964236] register_client_adhoc:Client handle 43 usb0
[    1.964534] msm-dwc3 a600000.ssusb: charger detection in progress
[    1.971019] Registered cp15_barrier emulation handler
[    1.971121] Registered setend emulation handler
[    1.971221] core_ctl: Creating CPU group 0
[    1.971276] core_ctl: Init CPU0 state
[    1.971326] core_ctl: Init CPU1 state
[    1.971374] core_ctl: Init CPU2 state
[    1.971422] core_ctl: Init CPU3 state
[    1.971991] core_ctl: Creating CPU group 4
[    1.972055] core_ctl: Init CPU4 state
[    1.972107] core_ctl: Init CPU5 state
[    1.972157] core_ctl: Init CPU6 state
[    1.972207] core_ctl: Init CPU7 state
[    1.974306] registered taskstats version 1
[    1.974400] Loading compiled-in X.509 certificates
[    1.998168] Key type encrypted registered
[    1.998249] AppArmor: AppArmor sha1 policy hashing enabled
[    1.998310] evm: HMAC attrs: 0x1
[    2.149507] spss_utils [spss_init]: spss-utils driver Ver 2.0 30-Mar-2017.
[    2.151193] project_info_init_sysfs success
[    2.154269] iommu: Adding device soc:qcom,msm_fastrpc:qcom,msm_fastrpc_compute_cb1 to group 34
[    2.155064] iommu: Adding device soc:qcom,msm_fastrpc:qcom,msm_fastrpc_compute_cb2 to group 35
[    2.155573] iommu: Adding device soc:qcom,msm_fastrpc:qcom,msm_fastrpc_compute_cb3 to group 36
[    2.156029] iommu: Adding device soc:qcom,msm_fastrpc:qcom,msm_fastrpc_compute_cb4 to group 37
[    2.156480] iommu: Adding device soc:qcom,msm_fastrpc:qcom,msm_fastrpc_compute_cb5 to group 38
[    2.157732] of_batterydata_get_best_profile: OP_3300mah found
[    2.158066] iommu: Adding device soc:qcom,msm_fastrpc:qcom,msm_fastrpc_compute_cb6 to group 39
[    2.158177] FG: is_profile_load_required: Garbage value in profile integrity word: 0xb
[    2.158543] iommu: Adding device soc:qcom,msm_fastrpc:qcom,msm_fastrpc_compute_cb7 to group 40
[    2.158994] iommu: Adding device soc:qcom,msm_fastrpc:qcom,msm_fastrpc_compute_cb8 to group 41
[    2.159439] iommu: Adding device soc:qcom,msm_fastrpc:qcom,msm_fastrpc_compute_cb9 to group 42
[    2.160681] iommu: Adding device soc:qcom,msm_fastrpc:qcom,msm_fastrpc_compute_cb10 to group 43
[    2.160859] fastrpc: probe of soc:qcom,msm_fastrpc:qcom,msm_fastrpc_compute_cb10 failed with error -1
[    2.160932] iommu: Adding device soc:qcom,msm_fastrpc:qcom,msm_fastrpc_compute_cb11 to group 44
[    2.161374] iommu: Adding device soc:qcom,msm_fastrpc:qcom,msm_fastrpc_compute_cb12 to group 45
[    2.162733] fastrpc: probe of soc:qcom,msm_fastrpc:qcom,msm_fastrpc_compute_cb10 failed with error -1
[    2.162768] CHRDEV "adsprpc-smd" major number 223 goes below the dynamic allocation range
[    2.164229] iommu: Adding device 171c0000.slim:qcom,iommu_slim_ctrl_cb to group 46
[    2.166943] iommu: Adding device 17240000.slim:qcom,iommu_slim_ctrl_cb to group 47
[    2.170229] input: gpio-keys as /devices/platform/soc/soc:gpio_keys/input/input3
[    2.171121] qcom,qpnp-rtc c440000.qcom,spmi:qcom,pm8998@0:qcom,pm8998_rtc: setting system clock to 1970-01-14 19:46:55 UTC (1194415)
[    2.173237] lpm_levels_of: idx 1 7100
[    2.173249] lpm_levels_of: idx 2 5989
[    2.173259] lpm_levels_of: idx 2 3933
[    2.173370] lpm_levels_of: idx 1 1744
[    2.173381] lpm_levels_of: idx 2 1000
[    2.173391] lpm_levels_of: Residency < 0 for LPM
[    2.173401] lpm_levels_of: idx 2 1000
[    2.173543] lpm_levels: register_cluster_lpm_stats()
[    2.173685] lpm_levels: register_cluster_lpm_stats()
[    2.179247] rmnet_ipa3 started initialization
[    2.179977] RNDIS_IPA module is loaded.
[    2.181807] msm_bus_late_init: Remove handoff bw requests
[    2.182582] actuator_regulator: Failed to create debugfs directory
[    2.182629] ufs_card_gdsc: disabling
[    2.182699] actuator_regulator: disabling
[    2.182710] actuator_regulator: disabling
[    2.182728] ext_5v_boost: disabling
[    2.182739] regulator_proxy_consumer_remove_all: removing regulator proxy consumer requests
[    2.182921] ALSA device list:
[    2.182934]   No soundcards found.
[    2.185033] Freeing unused kernel memory: 8192K
[    2.413173] BQ: bq27541_hw_config: DEVICE_BQ27411
[    2.413260] BQ: bq27541_hw_config: DEVICE_TYPE is 0x421, FIRMWARE_VERSION is 0x109
[    2.413347] BQ: bq27541_hw_config: Complete bq27541 configuration 0x238A
[    2.507265] SMBLIB: smblib_get_apsd_result: APSD_DTC_STATUS_DONE_BIT is 0
[    2.508067] BQ: bq27541_battery_soc: bq27541_battery_soc = 100
[    2.508149] BQ: fg_soc_calibrate: soc=100, soc_load=-22
[    2.508266] SMBLIB: op_masked_write: pm_pon is NULL
[    2.990443] SMBLIB: handle_batt_temp_normal: triggered
[    2.990521] SMBLIB: set_chg_ibat_vbat_max: set ibatmax=1950 and set vbatmax=4400
[    2.990755] SMBLIB: op_battery_temp_region_set: set temp_region=5
[    2.991153] FG: fg_psy_get_property: unsupported property 1
[    3.326843] SMBLIB: smblib_handle_usb_source_change: APSD_STATUS=0x21
[    3.326977] SMBLIB: smblib_set_icl_current: icl_ua=475000
[    3.327131] SMBLIB: smblib_set_usb_suspend: suspend=0
[    3.327204] SMBLIB: smblib_set_icl_current: icl_ua=1500000
[    3.327310] SMBLIB: smblib_set_usb_suspend: suspend=0
[    3.327415] SMBLIB: smblib_set_icl_current: icl_ua=450000
[    3.327520] SMBLIB: smblib_set_usb_suspend: suspend=0
[    3.327590] SMBLIB: smblib_set_icl_current: icl_ua=900000
[    3.327694] SMBLIB: smblib_set_usb_suspend: suspend=0
[    3.327767] SMBLIB: op_charging_en: enable=1
[    3.327839] SMBLIB: smblib_handle_apsd_done: apsd result=0x10, name=FLOAT, psy_type=5
[    3.329636] SMBLIB: smblib_handle_apsd_done: apsd done,current_now=-275
[    3.330351] usbpd usbpd0: Type-C Source (medium - 1.5A) connected
[    4.269317] ufshcd-qcom 1d84000.ufshc: ufshcd_ioctl: User buffer is NULL!
[    4.276727] ufshcd-qcom 1d84000.ufshc: ufshcd_ioctl: User buffer is NULL!
[    4.279730] ufshcd-qcom 1d84000.ufshc: ufshcd_ioctl: User buffer is NULL!
[    4.282333] ufshcd-qcom 1d84000.ufshc: ufshcd_ioctl: User buffer is NULL!
[    4.282438] ufshcd-qcom 1d84000.ufshc: ufshcd_ioctl: User buffer is NULL!
[    4.301485] ufshcd-qcom 1d84000.ufshc: ufshcd_ioctl: User buffer is NULL!
[    4.302278] ufshcd-qcom 1d84000.ufshc: ufshcd_ioctl: User buffer is NULL!
[    4.302594] ufshcd-qcom 1d84000.ufshc: ufshcd_ioctl: User buffer is NULL!
[    4.302756] ufshcd-qcom 1d84000.ufshc: ufshcd_ioctl: User buffer is NULL!
[    4.306108] ufshcd-qcom 1d84000.ufshc: ufshcd_ioctl: User buffer is NULL!
[    4.309376] ufshcd-qcom 1d84000.ufshc: ufshcd_ioctl: User buffer is NULL!
[    4.310099] ufshcd-qcom 1d84000.ufshc: ufshcd_ioctl: User buffer is NULL!
[    4.313280] ufshcd-qcom 1d84000.ufshc: ufshcd_ioctl: User buffer is NULL!
[    4.313886] ufshcd-qcom 1d84000.ufshc: ufshcd_ioctl: User buffer is NULL!
[    4.313892] ufshcd-qcom 1d84000.ufshc: ufshcd_ioctl: User buffer is NULL!
[    4.313989] ufshcd-qcom 1d84000.ufshc: ufshcd_ioctl: User buffer is NULL!
[    4.314240] ufshcd-qcom 1d84000.ufshc: ufshcd_ioctl: User buffer is NULL!
[    4.315467] ufshcd-qcom 1d84000.ufshc: ufshcd_ioctl: User buffer is NULL!
[    4.316978] ufshcd-qcom 1d84000.ufshc: ufshcd_ioctl: User buffer is NULL!
[    4.317101] ufshcd-qcom 1d84000.ufshc: ufshcd_ioctl: User buffer is NULL!
[    4.324745] ufshcd-qcom 1d84000.ufshc: ufshcd_ioctl: User buffer is NULL!
[    4.327967] ufshcd-qcom 1d84000.ufshc: ufshcd_ioctl: User buffer is NULL!
[    4.329677] ufshcd-qcom 1d84000.ufshc: ufshcd_ioctl: User buffer is NULL!
[    4.333419] ufshcd-qcom 1d84000.ufshc: ufshcd_ioctl: User buffer is NULL!
[    4.335265] ufshcd-qcom 1d84000.ufshc: ufshcd_ioctl: User buffer is NULL!
[    4.335343] ufshcd-qcom 1d84000.ufshc: ufshcd_ioctl: User buffer is NULL!
[    4.335382] ufshcd-qcom 1d84000.ufshc: ufshcd_ioctl: User buffer is NULL!
[    4.335894] ufshcd-qcom 1d84000.ufshc: ufshcd_ioctl: User buffer is NULL!
[    4.336049] ufshcd-qcom 1d84000.ufshc: ufshcd_ioctl: User buffer is NULL!
[    4.336185] ufshcd-qcom 1d84000.ufshc: ufshcd_ioctl: User buffer is NULL!
[    4.336332] ufshcd-qcom 1d84000.ufshc: ufshcd_ioctl: User buffer is NULL!
[    4.336887] ufshcd-qcom 1d84000.ufshc: ufshcd_ioctl: User buffer is NULL!
[    4.336928] ufshcd-qcom 1d84000.ufshc: ufshcd_ioctl: User buffer is NULL!
[    4.336950] ufshcd-qcom 1d84000.ufshc: ufshcd_ioctl: User buffer is NULL!
[    4.338070] ufshcd-qcom 1d84000.ufshc: ufshcd_ioctl: User buffer is NULL!
[    4.339896] ufshcd-qcom 1d84000.ufshc: ufshcd_ioctl: User buffer is NULL!
[    4.340819] ufshcd-qcom 1d84000.ufshc: ufshcd_ioctl: User buffer is NULL!
[    4.346878] ufshcd-qcom 1d84000.ufshc: ufshcd_ioctl: User buffer is NULL!
[    4.347074] ufshcd-qcom 1d84000.ufshc: ufshcd_ioctl: User buffer is NULL!
[    4.348896] ufshcd-qcom 1d84000.ufshc: ufshcd_ioctl: User buffer is NULL!
[    4.351040] ufshcd-qcom 1d84000.ufshc: ufshcd_ioctl: User buffer is NULL!
[    4.352028] ufshcd-qcom 1d84000.ufshc: ufshcd_ioctl: User buffer is NULL!
[    4.352700] ufshcd-qcom 1d84000.ufshc: ufshcd_ioctl: User buffer is NULL!
[    4.353079] ufshcd-qcom 1d84000.ufshc: ufshcd_ioctl: User buffer is NULL!
[    4.353106] ufshcd-qcom 1d84000.ufshc: ufshcd_ioctl: User buffer is NULL!
[    4.353163] ufshcd-qcom 1d84000.ufshc: ufshcd_ioctl: User buffer is NULL!
[    4.353280] ufshcd-qcom 1d84000.ufshc: ufshcd_ioctl: User buffer is NULL!
[    4.354100] ufshcd-qcom 1d84000.ufshc: ufshcd_ioctl: User buffer is NULL!
[    4.354358] ufshcd-qcom 1d84000.ufshc: ufshcd_ioctl: User buffer is NULL!
[    4.354633] ufshcd-qcom 1d84000.ufshc: ufshcd_ioctl: User buffer is NULL!
[    4.354734] ufshcd-qcom 1d84000.ufshc: ufshcd_ioctl: User buffer is NULL!
[    4.354864] ufshcd-qcom 1d84000.ufshc: ufshcd_ioctl: User buffer is NULL!
[    4.355145] ufshcd-qcom 1d84000.ufshc: ufshcd_ioctl: User buffer is NULL!
[    4.355389] ufshcd-qcom 1d84000.ufshc: ufshcd_ioctl: User buffer is NULL!
[    4.357306] ufshcd-qcom 1d84000.ufshc: ufshcd_ioctl: User buffer is NULL!
[    4.358149] ufshcd-qcom 1d84000.ufshc: ufshcd_ioctl: User buffer is NULL!
[    4.362747] ufshcd-qcom 1d84000.ufshc: ufshcd_ioctl: User buffer is NULL!
[    4.362787] ufshcd-qcom 1d84000.ufshc: ufshcd_ioctl: User buffer is NULL!
[    4.363540] ufshcd-qcom 1d84000.ufshc: ufshcd_ioctl: User buffer is NULL!
[    4.365633] ufshcd-qcom 1d84000.ufshc: ufshcd_ioctl: User buffer is NULL!
[    4.365748] ufshcd-qcom 1d84000.ufshc: ufshcd_ioctl: User buffer is NULL!
[    4.365749] ufshcd-qcom 1d84000.ufshc: ufshcd_ioctl: User buffer is NULL!
[    4.367573] ufshcd-qcom 1d84000.ufshc: ufshcd_ioctl: User buffer is NULL!
[    4.367760] ufshcd-qcom 1d84000.ufshc: ufshcd_ioctl: User buffer is NULL!
[    4.368433] ufshcd-qcom 1d84000.ufshc: ufshcd_ioctl: User buffer is NULL!
[    4.368527] ufshcd-qcom 1d84000.ufshc: ufshcd_ioctl: User buffer is NULL!
[    4.369108] ufshcd-qcom 1d84000.ufshc: ufshcd_ioctl: User buffer is NULL!
[    4.371153] ufshcd-qcom 1d84000.ufshc: ufshcd_ioctl: User buffer is NULL!
[    4.371471] ufshcd-qcom 1d84000.ufshc: ufshcd_ioctl: User buffer is NULL!
[    4.371635] ufshcd-qcom 1d84000.ufshc: ufshcd_ioctl: User buffer is NULL!
[    4.373264] ufshcd-qcom 1d84000.ufshc: ufshcd_ioctl: User buffer is NULL!
[    4.376618] ufshcd-qcom 1d84000.ufshc: ufshcd_ioctl: User buffer is NULL!
[    4.377928] ufshcd-qcom 1d84000.ufshc: ufshcd_ioctl: User buffer is NULL!
[    4.379152] ufshcd-qcom 1d84000.ufshc: ufshcd_ioctl: User buffer is NULL!
[    4.379284] ufshcd-qcom 1d84000.ufshc: ufshcd_ioctl: User buffer is NULL!
[    4.379296] ufshcd-qcom 1d84000.ufshc: ufshcd_ioctl: User buffer is NULL!
[    4.379431] ufshcd-qcom 1d84000.ufshc: ufshcd_ioctl: User buffer is NULL!
[    4.379822] ufshcd-qcom 1d84000.ufshc: ufshcd_ioctl: User buffer is NULL!
[    4.379876] ufshcd-qcom 1d84000.ufshc: ufshcd_ioctl: User buffer is NULL!
[    4.379999] ufshcd-qcom 1d84000.ufshc: ufshcd_ioctl: User buffer is NULL!
[    4.380562] ufshcd-qcom 1d84000.ufshc: ufshcd_ioctl: User buffer is NULL!
[    4.381602] ufshcd-qcom 1d84000.ufshc: ufshcd_ioctl: User buffer is NULL!
[    4.381767] ufshcd-qcom 1d84000.ufshc: ufshcd_ioctl: User buffer is NULL!
[    4.381923] ufshcd-qcom 1d84000.ufshc: ufshcd_ioctl: User buffer is NULL!
[    4.382183] ufshcd-qcom 1d84000.ufshc: ufshcd_ioctl: User buffer is NULL!
[    4.382823] ufshcd-qcom 1d84000.ufshc: ufshcd_ioctl: User buffer is NULL!
[    4.384950] ufshcd-qcom 1d84000.ufshc: ufshcd_ioctl: User buffer is NULL!
[    4.385774] ufshcd-qcom 1d84000.ufshc: ufshcd_ioctl: User buffer is NULL!
[    4.392069] ufshcd-qcom 1d84000.ufshc: ufshcd_ioctl: User buffer is NULL!
[    4.392087] ufshcd-qcom 1d84000.ufshc: ufshcd_ioctl: User buffer is NULL!
[    4.392124] ufshcd-qcom 1d84000.ufshc: ufshcd_ioctl: User buffer is NULL!
[    4.393055] ufshcd-qcom 1d84000.ufshc: ufshcd_ioctl: User buffer is NULL!
[    4.400070] ufshcd-qcom 1d84000.ufshc: ufshcd_ioctl: User buffer is NULL!
[    4.400369] ufshcd-qcom 1d84000.ufshc: ufshcd_ioctl: User buffer is NULL!
[    4.405459] ufshcd-qcom 1d84000.ufshc: ufshcd_ioctl: User buffer is NULL!
[    4.405473] ufshcd-qcom 1d84000.ufshc: ufshcd_ioctl: User buffer is NULL!
[    4.405567] ufshcd-qcom 1d84000.ufshc: ufshcd_ioctl: User buffer is NULL!
[    4.407607] ufshcd-qcom 1d84000.ufshc: ufshcd_ioctl: User buffer is NULL!
[    4.410043] ufshcd-qcom 1d84000.ufshc: ufshcd_ioctl: User buffer is NULL!
[    4.410150] ufshcd-qcom 1d84000.ufshc: ufshcd_ioctl: User buffer is NULL!
[    4.410186] ufshcd-qcom 1d84000.ufshc: ufshcd_ioctl: User buffer is NULL!
[    4.410225] ufshcd-qcom 1d84000.ufshc: ufshcd_ioctl: User buffer is NULL!
[    4.411306] ufshcd-qcom 1d84000.ufshc: ufshcd_ioctl: User buffer is NULL!
[    4.411866] ufshcd-qcom 1d84000.ufshc: ufshcd_ioctl: User buffer is NULL!
[    4.412187] ufshcd-qcom 1d84000.ufshc: ufshcd_ioctl: User buffer is NULL!
[    4.412687] ufshcd-qcom 1d84000.ufshc: ufshcd_ioctl: User buffer is NULL!
[    4.413172] ufshcd-qcom 1d84000.ufshc: ufshcd_ioctl: User buffer is NULL!
[    4.414037] ufshcd-qcom 1d84000.ufshc: ufshcd_ioctl: User buffer is NULL!
[    4.416596] ufshcd-qcom 1d84000.ufshc: ufshcd_ioctl: User buffer is NULL!
[    4.722945] FG: fg_psy_get_property: unsupported property 1
[    4.738955] FG: fg_psy_get_property: unsupported property 1
[    5.360438] SMBLIB: op_rerun_apsd: OP Reruning APSD type
[    5.680202] Begin: Running /scripts/nfs-top ... 
[    5.680598] done.
[    5.680939] Begin: Running /scripts/nfs-premount ... 
[    5.681239] done.
[    5.681611] Begin: Running /scripts/local-top ... 
[    5.681905] done.
[    5.682160] Begin: Running /scripts/local-premount ... 
[    5.685861] done.
[    5.746367] initrd: checking filesystem integrity for the userdata partition
[    5.774248] ufshcd-qcom 1d84000.ufshc: ufshcd_ioctl: User buffer is NULL!
[    5.783988] EXT4-fs (sda17): couldn't mount as ext3 due to feature incompatibilities
[    5.786037] EXT4-fs (sda17): couldn't mount as ext2 due to feature incompatibilities
[    6.111019] JBD2: Invalid checksum recovering block 711098 in log
[    6.111056] JBD2: Invalid checksum recovering block 711099 in log
[    6.111524] JBD2: Invalid checksum recovering block 711123 in log
[    6.111531] JBD2: Invalid checksum recovering block 711124 in log
[    6.111537] JBD2: Invalid checksum recovering block 711125 in log
[    6.111543] JBD2: Invalid checksum recovering block 711126 in log
[    6.111549] JBD2: Invalid checksum recovering block 711127 in log
[    6.111765] JBD2: Invalid checksum recovering block 711435 in log
[    6.117631] JBD2: Invalid checksum recovering block 712826 in log
[    6.121328] JBD2: Invalid checksum recovering block 712952 in log
[    6.121366] JBD2: Invalid checksum recovering block 712961 in log
[    6.121389] JBD2: Invalid checksum recovering block 712965 in log
[    6.121402] JBD2: Invalid checksum recovering block 712968 in log
[    6.122087] JBD2: Invalid checksum recovering block 712993 in log
[    6.122099] JBD2: Invalid checksum recovering block 712994 in log
[    6.122199] JBD2: Invalid checksum recovering block 713000 in log
[    6.122330] JBD2: Invalid checksum recovering block 713007 in log
[    6.122728] JBD2: Invalid checksum recovering block 713014 in log
[    6.122938] JBD2: Invalid checksum recovering block 713019 in log
[    6.123197] JBD2: Invalid checksum recovering block 713025 in log
[    6.123211] JBD2: Invalid checksum recovering block 713027 in log
[    6.123293] JBD2: Invalid checksum recovering block 713036 in log
[    6.124411] JBD2: Invalid checksum recovering block 713076 in log
[    6.125041] JBD2: Invalid checksum recovering block 713089 in log
[    6.125048] JBD2: Invalid checksum recovering block 713090 in log
[    6.125301] JBD2: Invalid checksum recovering block 713104 in log
[    6.125312] JBD2: Invalid checksum recovering block 713106 in log
[    6.126163] JBD2: Invalid checksum recovering block 713122 in log
[    6.126180] JBD2: Invalid checksum recovering block 713125 in log
[    6.126246] JBD2: Invalid checksum recovering block 713129 in log
[    6.126257] JBD2: Invalid checksum recovering block 713131 in log
[    6.126404] JBD2: Invalid checksum recovering block 713134 in log
[    6.126731] JBD2: Invalid checksum recovering block 713144 in log
[    6.126865] JBD2: Invalid checksum recovering block 713145 in log
[    6.126912] JBD2: Invalid checksum recovering block 713146 in log
[    6.126992] JBD2: Invalid checksum recovering block 713147 in log
[    6.134944] JBD2: Invalid checksum recovering block 713149 in log
[    6.135201] JBD2: Invalid checksum recovering block 713150 in log
[    6.138045] JBD2: Invalid checksum recovering block 713188 in log
[    6.145474] JBD2: Invalid checksum recovering block 713196 in log
[    6.169116] JBD2: Invalid checksum recovering block 713206 in log
[    6.169184] JBD2: Invalid checksum recovering block 713207 in log
[    6.169304] JBD2: Invalid checksum recovering block 713217 in log
[    6.176054] JBD2: Invalid checksum recovering block 720996 in log
[    6.176087] JBD2: Invalid checksum recovering block 721002 in log
[    6.176100] JBD2: Invalid checksum recovering block 721005 in log
[    6.176116] JBD2: Invalid checksum recovering block 721009 in log
[    6.176134] JBD2: Invalid checksum recovering block 721013 in log
[    6.176140] JBD2: Invalid checksum recovering block 721014 in log
[    6.176146] JBD2: Invalid checksum recovering block 721015 in log
[    6.176151] JBD2: Invalid checksum recovering block 721016 in log
[    6.176843] JBD2: Invalid checksum recovering block 721036 in log
[    6.176908] JBD2: Invalid checksum recovering block 721040 in log
[    6.176932] JBD2: Invalid checksum recovering block 721045 in log
[    6.176942] JBD2: Invalid checksum recovering block 721046 in log
[    6.176947] JBD2: Invalid checksum recovering block 721047 in log
[    6.177147] JBD2: Invalid checksum recovering block 721052 in log
[    6.177423] JBD2: Invalid checksum recovering block 721054 in log
[    6.177807] JBD2: Invalid checksum recovering block 721061 in log
[    6.177837] JBD2: Invalid checksum recovering block 721067 in log
[    6.178101] JBD2: Invalid checksum recovering block 721079 in log
[    6.178108] JBD2: Invalid checksum recovering block 721080 in log
[    6.178117] JBD2: Invalid checksum recovering block 721082 in log
[    6.179012] JBD2: Invalid checksum recovering block 721099 in log
[    6.179046] JBD2: Invalid checksum recovering block 721106 in log
[    6.179055] JBD2: Invalid checksum recovering block 721108 in log
[    6.179865] JBD2: Invalid checksum recovering block 721125 in log
[    6.179883] JBD2: Invalid checksum recovering block 721128 in log
[    6.180088] JBD2: Invalid checksum recovering block 721134 in log
[    6.180139] JBD2: Invalid checksum recovering block 721146 in log
[    6.180652] JBD2: Invalid checksum recovering block 721150 in log
[    6.180941] JBD2: Invalid checksum recovering block 721153 in log
[    6.181106] JBD2: Invalid checksum recovering block 721155 in log
[    6.181137] JBD2: Invalid checksum recovering block 721161 in log
[    6.181409] JBD2: Invalid checksum recovering block 721172 in log
[    6.181885] JBD2: Invalid checksum recovering block 721178 in log
[    6.182008] JBD2: Invalid checksum recovering block 721179 in log
[    6.182018] JBD2: Invalid checksum recovering block 721180 in log
[    6.182032] JBD2: Invalid checksum recovering block 721182 in log
[    6.182239] JBD2: Invalid checksum recovering block 721196 in log
[    6.182246] JBD2: Invalid checksum recovering block 721197 in log
[    6.182255] JBD2: Invalid checksum recovering block 721199 in log
[    6.183152] JBD2: Invalid checksum recovering block 721217 in log
[    6.183170] JBD2: Invalid checksum recovering block 721219 in log
[    6.183183] JBD2: Invalid checksum recovering block 721222 in log
[    6.183398] JBD2: Invalid checksum recovering block 721229 in log
[    6.183436] JBD2: Invalid checksum recovering block 721237 in log
[    6.183446] JBD2: Invalid checksum recovering block 721239 in log
[    6.183472] JBD2: Invalid checksum recovering block 721245 in log
[    6.183478] JBD2: Invalid checksum recovering block 721246 in log
[    6.183521] JBD2: Invalid checksum recovering block 721257 in log
[    6.183527] JBD2: Invalid checksum recovering block 721258 in log
[    6.184142] JBD2: Invalid checksum recovering block 721273 in log
[    6.184248] JBD2: Invalid checksum recovering block 721275 in log
[    6.184268] JBD2: Invalid checksum recovering block 721280 in log
[    6.184277] JBD2: Invalid checksum recovering block 721282 in log
[    6.184415] JBD2: Invalid checksum recovering block 721290 in log
[    6.185091] JBD2: Invalid checksum recovering block 721301 in log
[    6.185169] JBD2: Invalid checksum recovering block 721305 in log
[    6.185239] JBD2: Invalid checksum recovering block 721311 in log
[    6.185740] JBD2: Invalid checksum recovering block 721324 in log
[    6.185897] JBD2: Invalid checksum recovering block 721328 in log
[    6.186382] JBD2: Invalid checksum recovering block 721340 in log
[    6.188925] JBD2: Invalid checksum recovering block 713231 in log
[    6.220719] JBD2: Invalid checksum recovering block 713246 in log
[    6.230243] JBD2: Invalid checksum recovering block 19999241 in log
[    6.239152] JBD2: Invalid checksum recovering block 721206 in log
[    6.242820] JBD2: Invalid checksum recovering block 721328 in log
[    6.243188] JBD2: Invalid checksum recovering block 721340 in log
[    6.243195] JBD2: Invalid checksum recovering block 721341 in log
[    6.243202] JBD2: Invalid checksum recovering block 721342 in log
[    6.243427] JBD2: Invalid checksum recovering block 721354 in log
[    6.243445] JBD2: Invalid checksum recovering block 721355 in log
[    6.243768] JBD2: Invalid checksum recovering block 721357 in log
[    6.243775] JBD2: Invalid checksum recovering block 721358 in log
[    6.243785] JBD2: Invalid checksum recovering block 721359 in log
[    6.244262] JBD2: Invalid checksum recovering block 721368 in log
[    6.244272] JBD2: Invalid checksum recovering block 721369 in log
[    6.244361] JBD2: Invalid checksum recovering block 713250 in log
[    6.244418] JBD2: Invalid checksum recovering block 713262 in log
[    6.244440] JBD2: Invalid checksum recovering block 713268 in log
[    6.244446] JBD2: Invalid checksum recovering block 5355008 in log
[    6.252477] JBD2: Invalid checksum recovering block 713133 in log
[    6.252560] JBD2: Invalid checksum recovering block 713135 in log
[    6.252930] JBD2: Invalid checksum recovering block 713141 in log
[    6.253026] JBD2: Invalid checksum recovering block 713144 in log
[    6.253037] JBD2: Invalid checksum recovering block 713145 in log
[    6.253112] JBD2: Invalid checksum recovering block 713148 in log
[    6.253290] JBD2: Invalid checksum recovering block 713162 in log
[    6.253633] JBD2: Invalid checksum recovering block 713175 in log
[    6.253645] JBD2: Invalid checksum recovering block 713178 in log
[    6.253657] JBD2: Invalid checksum recovering block 713181 in log
[    6.254189] JBD2: Invalid checksum recovering block 713191 in log
[    6.254543] JBD2: Invalid checksum recovering block 713216 in log
[    6.254549] JBD2: Invalid checksum recovering block 713217 in log
[    6.254555] JBD2: Invalid checksum recovering block 713218 in log
[    6.254565] JBD2: Invalid checksum recovering block 713219 in log
[    6.254571] JBD2: Invalid checksum recovering block 713220 in log
[    6.254577] JBD2: Invalid checksum recovering block 713221 in log
[    6.254583] JBD2: Invalid checksum recovering block 713222 in log
[    6.254671] JBD2: Invalid checksum recovering block 713226 in log
[    6.254677] JBD2: Invalid checksum recovering block 713227 in log
[    6.254899] JBD2: Invalid checksum recovering block 713230 in log
[    6.255129] JBD2: Invalid checksum recovering block 713238 in log
[    6.255377] JBD2: Invalid checksum recovering block 721377 in log
[    6.255383] JBD2: Invalid checksum recovering block 713273 in log
[    6.255389] JBD2: Invalid checksum recovering block 713274 in log
[    6.352417] JBD2: Invalid checksum recovering block 713309 in log
[    6.352434] JBD2: Invalid checksum recovering block 713312 in log
[    6.352441] JBD2: Invalid checksum recovering block 713314 in log
[    6.352447] JBD2: Invalid checksum recovering block 5355008 in log
[    6.352455] JBD2: Invalid checksum recovering block 713144 in log
[    6.352461] JBD2: Invalid checksum recovering block 713145 in log
[    6.352467] JBD2: Invalid checksum recovering block 713155 in log
[    6.352473] JBD2: Invalid checksum recovering block 713167 in log
[    6.352479] JBD2: Invalid checksum recovering block 713205 in log
[    6.352485] JBD2: Invalid checksum recovering block 713206 in log
[    6.352491] JBD2: Invalid checksum recovering block 713207 in log
[    6.352496] JBD2: Invalid checksum recovering block 713218 in log
[    6.352503] JBD2: Invalid checksum recovering block 713219 in log
[    6.352508] JBD2: Invalid checksum recovering block 713220 in log
[    6.352515] JBD2: Invalid checksum recovering block 713221 in log
[    6.352523] JBD2: Invalid checksum recovering block 713222 in log
[    6.352530] JBD2: Invalid checksum recovering block 713226 in log
[    6.352536] JBD2: Invalid checksum recovering block 713227 in log
[    6.352543] JBD2: Invalid checksum recovering block 713230 in log
[    6.352548] JBD2: Invalid checksum recovering block 713238 in log
[    6.352554] JBD2: Invalid checksum recovering block 713295 in log
[    6.352561] JBD2: Invalid checksum recovering block 713298 in log
[    6.356865] JBD2: Invalid checksum recovering block 713315 in log
[    6.356875] JBD2: Invalid checksum recovering block 713317 in log
[    6.356881] JBD2: Invalid checksum recovering block 5355008 in log
[    6.356889] JBD2: Invalid checksum recovering block 713144 in log
[    6.356895] JBD2: Invalid checksum recovering block 713145 in log
[    6.356901] JBD2: Invalid checksum recovering block 713155 in log
[    6.356908] JBD2: Invalid checksum recovering block 713205 in log
[    6.356914] JBD2: Invalid checksum recovering block 713206 in log
[    6.356920] JBD2: Invalid checksum recovering block 713207 in log
[    6.356925] JBD2: Invalid checksum recovering block 713218 in log
[    6.356931] JBD2: Invalid checksum recovering block 713219 in log
[    6.356937] JBD2: Invalid checksum recovering block 713220 in log
[    6.356943] JBD2: Invalid checksum recovering block 713221 in log
[    6.356950] JBD2: Invalid checksum recovering block 713222 in log
[    6.356956] JBD2: Invalid checksum recovering block 713226 in log
[    6.356962] JBD2: Invalid checksum recovering block 713227 in log
[    6.356968] JBD2: Invalid checksum recovering block 713230 in log
[    6.356974] JBD2: Invalid checksum recovering block 713238 in log
[    6.357999] JBD2: Invalid checksum recovering block 713318 in log
[    6.358008] JBD2: Invalid checksum recovering block 5355008 in log
[    6.358018] JBD2: Invalid checksum recovering block 713144 in log
[    6.358024] JBD2: Invalid checksum recovering block 713145 in log
[    6.358030] JBD2: Invalid checksum recovering block 713155 in log
[    6.358038] JBD2: Invalid checksum recovering block 713205 in log
[    6.358044] JBD2: Invalid checksum recovering block 713206 in log
[    6.358050] JBD2: Invalid checksum recovering block 713207 in log
[    6.358057] JBD2: Invalid checksum recovering block 713218 in log
[    6.358063] JBD2: Invalid checksum recovering block 713219 in log
[    6.363254] JBD2: Invalid checksum recovering block 713317 in log
[    6.363264] JBD2: Invalid checksum recovering block 713319 in log
[    6.363269] JBD2: Invalid checksum recovering block 713320 in log
[    6.363275] JBD2: Invalid checksum recovering block 713321 in log
[    6.363281] JBD2: Invalid checksum recovering block 713322 in log
[    6.363287] JBD2: Invalid checksum recovering block 713323 in log
[    6.363292] JBD2: Invalid checksum recovering block 713324 in log
[    6.363298] JBD2: Invalid checksum recovering block 713325 in log
[    6.363303] JBD2: Invalid checksum recovering block 713326 in log
[    6.363309] JBD2: Invalid checksum recovering block 5355008 in log
[    6.363317] JBD2: Invalid checksum recovering block 713144 in log
[    6.363323] JBD2: Invalid checksum recovering block 713145 in log
[    6.363329] JBD2: Invalid checksum recovering block 713155 in log
[    6.363337] JBD2: Invalid checksum recovering block 713218 in log
[    6.363343] JBD2: Invalid checksum recovering block 713219 in log
[    6.363378] JBD2: Invalid checksum recovering block 713220 in log
[    6.363384] JBD2: Invalid checksum recovering block 713221 in log
[    6.363390] JBD2: Invalid checksum recovering block 713222 in log
[    6.363395] JBD2: Invalid checksum recovering block 713226 in log
[    6.363401] JBD2: Invalid checksum recovering block 713227 in log
[    6.363407] JBD2: Invalid checksum recovering block 713230 in log
[    6.363412] JBD2: Invalid checksum recovering block 713238 in log
[    6.363418] JBD2: Invalid checksum recovering block 713295 in log
[    6.363427] JBD2: Invalid checksum recovering block 713327 in log
[    6.369137] JBD2: Invalid checksum recovering block 5355008 in log
[    6.369152] JBD2: Invalid checksum recovering block 713145 in log
[    6.369652] JBD2: Invalid checksum recovering block 713330 in log
[    6.373234] JBD2: Invalid checksum recovering block 713322 in log
[    6.373242] JBD2: Invalid checksum recovering block 713323 in log
[    6.373296] JBD2: Invalid checksum recovering block 713324 in log
[    6.373327] JBD2: Invalid checksum recovering block 713325 in log
[    6.373401] JBD2: Invalid checksum recovering block 713327 in log
[    6.373466] JBD2: Invalid checksum recovering block 713331 in log
[    6.373558] JBD2: Invalid checksum recovering block 713145 in log
[    6.373564] JBD2: Invalid checksum recovering block 713155 in log
[    6.373573] JBD2: Invalid checksum recovering block 713167 in log
[    6.373615] JBD2: Invalid checksum recovering block 713219 in log
[    6.373696] JBD2: Invalid checksum recovering block 713220 in log
[    6.373702] JBD2: Invalid checksum recovering block 713221 in log
[    6.382176] JBD2: Invalid checksum recovering block 713320 in log
[    6.382184] JBD2: Invalid checksum recovering block 713321 in log
[    6.382190] JBD2: Invalid checksum recovering block 713322 in log
[    6.382196] JBD2: Invalid checksum recovering block 713323 in log
[    6.382203] JBD2: Invalid checksum recovering block 713324 in log
[    6.382210] JBD2: Invalid checksum recovering block 713325 in log
[    6.382215] JBD2: Invalid checksum recovering block 713327 in log
[    6.382221] JBD2: Invalid checksum recovering block 713334 in log
[    6.382227] JBD2: Invalid checksum recovering block 5355008 in log
[    6.382236] JBD2: Invalid checksum recovering block 713144 in log
[    6.382242] JBD2: Invalid checksum recovering block 713145 in log
[    6.382249] JBD2: Invalid checksum recovering block 713155 in log
[    6.382258] JBD2: Invalid checksum recovering block 713218 in log
[    6.382265] JBD2: Invalid checksum recovering block 713219 in log
[    6.382271] JBD2: Invalid checksum recovering block 713220 in log
[    6.382278] JBD2: Invalid checksum recovering block 713221 in log
[    6.382284] JBD2: Invalid checksum recovering block 713222 in log
[    6.382291] JBD2: Invalid checksum recovering block 713226 in log
[    6.382298] JBD2: Invalid checksum recovering block 713227 in log
[    6.382305] JBD2: Invalid checksum recovering block 713230 in log
[    6.382311] JBD2: Invalid checksum recovering block 713238 in log
[    6.382317] JBD2: Invalid checksum recovering block 713295 in log
[    6.382518] JBD2: Invalid checksum recovering block 713315 in log
[    6.382574] JBD2: Invalid checksum recovering block 713317 in log
[    6.387775] JBD2: Invalid checksum recovering block 713320 in log
[    6.387783] JBD2: Invalid checksum recovering block 713321 in log
[    6.387789] JBD2: Invalid checksum recovering block 713322 in log
[    6.387796] JBD2: Invalid checksum recovering block 713323 in log
[    6.387801] JBD2: Invalid checksum recovering block 713324 in log
[    6.387807] JBD2: Invalid checksum recovering block 713325 in log
[    6.387813] JBD2: Invalid checksum recovering block 713327 in log
[    6.387818] JBD2: Invalid checksum recovering block 713335 in log
[    6.387824] JBD2: Invalid checksum recovering block 713337 in log
[    6.387830] JBD2: Invalid checksum recovering block 713339 in log
[    6.387835] JBD2: Invalid checksum recovering block 713342 in log
[    6.387841] JBD2: Invalid checksum recovering block 713344 in log
[    6.387846] JBD2: Invalid checksum recovering block 713346 in log
[    6.387852] JBD2: Invalid checksum recovering block 713349 in log
[    6.387858] JBD2: Invalid checksum recovering block 5355008 in log
[    6.387866] JBD2: Invalid checksum recovering block 713144 in log
[    6.387873] JBD2: Invalid checksum recovering block 713145 in log
[    6.387879] JBD2: Invalid checksum recovering block 713155 in log
[    6.387886] JBD2: Invalid checksum recovering block 713226 in log
[    6.387892] JBD2: Invalid checksum recovering block 713227 in log
[    6.387898] JBD2: Invalid checksum recovering block 713230 in log
[    6.387904] JBD2: Invalid checksum recovering block 713238 in log
[    6.387909] JBD2: Invalid checksum recovering block 713295 in log
[    6.388242] JBD2: Invalid checksum recovering block 713315 in log
[    6.388295] JBD2: Invalid checksum recovering block 713317 in log
[    6.404267] JBD2: Invalid checksum recovering block 713167 in log
[    6.404282] JBD2: Invalid checksum recovering block 713227 in log
[    6.404288] JBD2: Invalid checksum recovering block 713230 in log
[    6.404294] JBD2: Invalid checksum recovering block 713239 in log
[    6.404300] JBD2: Invalid checksum recovering block 713295 in log
[    6.404309] JBD2: Invalid checksum recovering block 713312 in log
[    6.404314] JBD2: Invalid checksum recovering block 713315 in log
[    6.404320] JBD2: Invalid checksum recovering block 713317 in log
[    6.404326] JBD2: Invalid checksum recovering block 713319 in log
[    6.404331] JBD2: Invalid checksum recovering block 713320 in log
[    6.404337] JBD2: Invalid checksum recovering block 713321 in log
[    6.404343] JBD2: Invalid checksum recovering block 713322 in log
[    6.404348] JBD2: Invalid checksum recovering block 713323 in log
[    6.404354] JBD2: Invalid checksum recovering block 713324 in log
[    6.404359] JBD2: Invalid checksum recovering block 713325 in log
[    6.404567] JBD2: Invalid checksum recovering block 713335 in log
[    6.404617] JBD2: Invalid checksum recovering block 713337 in log
[    6.404654] JBD2: Invalid checksum recovering block 713340 in log
[    6.404690] JBD2: Invalid checksum recovering block 713342 in log
[    6.404697] JBD2: Invalid checksum recovering block 713344 in log
[    6.404704] JBD2: Invalid checksum recovering block 713346 in log
[    6.404728] JBD2: Invalid checksum recovering block 713359 in log
[    6.406501] JBD2: Invalid checksum recovering block 713317 in log
[    6.406509] JBD2: Invalid checksum recovering block 713319 in log
[    6.406707] JBD2: Invalid checksum recovering block 713320 in log
[    6.406893] JBD2: Invalid checksum recovering block 713321 in log
[    6.406900] JBD2: Invalid checksum recovering block 713322 in log
[    6.406916] JBD2: Invalid checksum recovering block 713323 in log
[    6.412864] JBD2: Invalid checksum recovering block 713338 in log
[    6.412873] JBD2: Invalid checksum recovering block 713340 in log
[    6.412879] JBD2: Invalid checksum recovering block 713342 in log
[    6.412885] JBD2: Invalid checksum recovering block 713344 in log
[    6.412893] JBD2: Invalid checksum recovering block 713356 in log
[    6.412900] JBD2: Invalid checksum recovering block 713364 in log
[    6.412906] JBD2: Invalid checksum recovering block 5355008 in log
[    6.418910] JBD2: Invalid checksum recovering block 713335 in log
[    6.418920] JBD2: Invalid checksum recovering block 713338 in log
[    6.418926] JBD2: Invalid checksum recovering block 713340 in log
[    6.418932] JBD2: Invalid checksum recovering block 713342 in log
[    6.418938] JBD2: Invalid checksum recovering block 713344 in log
[    6.418944] JBD2: Invalid checksum recovering block 713346 in log
[    6.418950] JBD2: Invalid checksum recovering block 713356 in log
[    6.418956] JBD2: Invalid checksum recovering block 713360 in log
[    6.418964] JBD2: Invalid checksum recovering block 713365 in log
[    6.418972] JBD2: Invalid checksum recovering block 713367 in log
[    6.418980] JBD2: Invalid checksum recovering block 5355008 in log
[    6.418991] JBD2: Invalid checksum recovering block 713144 in log
[    6.418997] JBD2: Invalid checksum recovering block 713145 in log
[    6.419004] JBD2: Invalid checksum recovering block 713155 in log
[    6.419017] JBD2: Invalid checksum recovering block 713239 in log
[    6.419024] JBD2: Invalid checksum recovering block 713295 in log
[    6.419610] JBD2: Invalid checksum recovering block 713370 in log
[    6.423640] JBD2: Invalid checksum recovering block 713167 in log
[    6.423649] JBD2: Invalid checksum recovering block 713239 in log
[    6.423654] JBD2: Invalid checksum recovering block 713295 in log
[    6.423660] JBD2: Invalid checksum recovering block 713298 in log
[    6.423667] JBD2: Invalid checksum recovering block 713312 in log
[    6.423677] JBD2: Invalid checksum recovering block 713321 in log
[    6.423682] JBD2: Invalid checksum recovering block 713322 in log
[    6.423688] JBD2: Invalid checksum recovering block 713323 in log
[    6.423693] JBD2: Invalid checksum recovering block 713324 in log
[    6.423699] JBD2: Invalid checksum recovering block 713325 in log
[    6.423704] JBD2: Invalid checksum recovering block 713327 in log
[    6.436283] JBD2: Invalid checksum recovering block 5355008 in log
[    6.436902] JBD2: Invalid checksum recovering block 713377 in log
[    6.440932] JBD2: Invalid checksum recovering block 713378 in log
[    6.440948] JBD2: Invalid checksum recovering block 5355008 in log
[    6.449858] JBD2: Invalid checksum recovering block 713338 in log
[    6.449875] JBD2: Invalid checksum recovering block 713340 in log
[    6.449888] JBD2: Invalid checksum recovering block 713342 in log
[    6.449899] JBD2: Invalid checksum recovering block 713344 in log
[    6.449910] JBD2: Invalid checksum recovering block 713346 in log
[    6.449921] JBD2: Invalid checksum recovering block 713356 in log
[    6.449932] JBD2: Invalid checksum recovering block 713360 in log
[    6.449944] JBD2: Invalid checksum recovering block 713365 in log
[    6.449955] JBD2: Invalid checksum recovering block 713367 in log
[    6.449970] JBD2: Invalid checksum recovering block 713382 in log
[    6.449981] JBD2: Invalid checksum recovering block 5355008 in log
[    6.449996] JBD2: Invalid checksum recovering block 713144 in log
[    6.450007] JBD2: Invalid checksum recovering block 713145 in log
[    6.450030] JBD2: Invalid checksum recovering block 713155 in log
[    6.450044] JBD2: Invalid checksum recovering block 713239 in log
[    6.450056] JBD2: Invalid checksum recovering block 713295 in log
[    6.450067] JBD2: Invalid checksum recovering block 713298 in log
[    6.450084] JBD2: Invalid checksum recovering block 713319 in log
[    6.450095] JBD2: Invalid checksum recovering block 713320 in log
[    6.450107] JBD2: Invalid checksum recovering block 713321 in log
[    6.450119] JBD2: Invalid checksum recovering block 713322 in log
[    6.450335] JBD2: Invalid checksum recovering block 713323 in log
[    6.450434] JBD2: Invalid checksum recovering block 713324 in log
[    6.450450] JBD2: Invalid checksum recovering block 713325 in log
[    6.450496] JBD2: Invalid checksum recovering block 713335 in log
[    6.450585] JBD2: Invalid checksum recovering block 713383 in log
[    6.486345] JBD2: Invalid checksum recovering block 713399 in log
[    6.486368] JBD2: Invalid checksum recovering block 5355008 in log
[    6.486380] JBD2: Invalid checksum recovering block 713144 in log
[    6.486390] JBD2: Invalid checksum recovering block 713145 in log
[    6.486401] JBD2: Invalid checksum recovering block 713155 in log
[    6.486411] JBD2: Invalid checksum recovering block 713167 in log
[    6.486421] JBD2: Invalid checksum recovering block 713295 in log
[    6.486431] JBD2: Invalid checksum recovering block 713298 in log
[    6.486443] JBD2: Invalid checksum recovering block 713312 in log
[    6.486453] JBD2: Invalid checksum recovering block 713319 in log
[    6.486462] JBD2: Invalid checksum recovering block 713320 in log
[    6.486472] JBD2: Invalid checksum recovering block 713321 in log
[    6.486482] JBD2: Invalid checksum recovering block 713322 in log
[    6.486492] JBD2: Invalid checksum recovering block 713323 in log
[    6.486501] JBD2: Invalid checksum recovering block 713324 in log
[    6.486511] JBD2: Invalid checksum recovering block 713325 in log
[    6.486521] JBD2: Invalid checksum recovering block 713336 in log
[    6.486531] JBD2: Invalid checksum recovering block 713338 in log
[    6.486540] JBD2: Invalid checksum recovering block 713340 in log
[    6.486550] JBD2: Invalid checksum recovering block 713342 in log
[    6.486560] JBD2: Invalid checksum recovering block 713344 in log
[    6.486568] JBD2: Invalid checksum recovering block 713346 in log
[    6.486577] JBD2: Invalid checksum recovering block 713356 in log
[    6.486832] JBD2: Invalid checksum recovering block 713360 in log
[    6.486842] JBD2: Invalid checksum recovering block 713365 in log
[    6.486852] JBD2: Invalid checksum recovering block 713368 in log
[    6.486861] JBD2: Invalid checksum recovering block 713379 in log
[    6.519451] JBD2: Invalid checksum recovering block 713336 in log
[    6.519471] JBD2: Invalid checksum recovering block 713338 in log
[    6.519478] JBD2: Invalid checksum recovering block 713340 in log
[    6.519486] JBD2: Invalid checksum recovering block 713342 in log
[    6.519493] JBD2: Invalid checksum recovering block 713344 in log
[    6.519501] JBD2: Invalid checksum recovering block 713346 in log
[    6.519508] JBD2: Invalid checksum recovering block 713356 in log
[    6.519516] JBD2: Invalid checksum recovering block 713357 in log
[    6.519524] JBD2: Invalid checksum recovering block 713361 in log
[    6.519531] JBD2: Invalid checksum recovering block 713365 in log
[    6.519539] JBD2: Invalid checksum recovering block 713368 in log
[    6.519546] JBD2: Invalid checksum recovering block 713379 in log
[    6.519553] JBD2: Invalid checksum recovering block 713384 in log
[    6.519578] JBD2: Invalid checksum recovering block 713410 in log
[    6.519585] JBD2: Invalid checksum recovering block 713412 in log
[    6.519592] JBD2: Invalid checksum recovering block 5355008 in log
[    6.520403] JBD2: Invalid checksum recovering block 713144 in log
[    6.520416] JBD2: Invalid checksum recovering block 713145 in log
[    6.520428] JBD2: Invalid checksum recovering block 713148 in log
[    6.520436] JBD2: Invalid checksum recovering block 713155 in log
[    6.521209] JBD2: Invalid checksum recovering block 713413 in log
[    6.601702] JBD2: recovery failed
[    6.601762] EXT4-fs (sda17): error loading journal
[    6.666805] get_hw_version: hw version: 22
[    6.666861] extcon_dev_work ,hw_version=22
[    6.666920] extcon_dev_work ,key[0]=1,key[1]=0,key[2]=1
[    6.721370] F2FS-fs (sda17): Magic Mismatch, valid(0xf2f52010) - read(0x6ba000)
[    6.721417] F2FS-fs (sda17): Can't find valid F2FS filesystem in 1th superblock
[    6.721696] F2FS-fs (sda17): Magic Mismatch, valid(0xf2f52010) - read(0x80000)
[    6.721727] F2FS-fs (sda17): Can't find valid F2FS filesystem in 2th superblock
[    6.721767] F2FS-fs (sda17): Magic Mismatch, valid(0xf2f52010) - read(0x6ba000)
[    6.721795] F2FS-fs (sda17): Can't find valid F2FS filesystem in 1th superblock
[    6.721825] F2FS-fs (sda17): Magic Mismatch, valid(0xf2f52010) - read(0x80000)
[    6.721852] F2FS-fs (sda17): Can't find valid F2FS filesystem in 2th superblock
[    6.722118] mount: mounting /dev/sda17 on /tmpmnt failed: Invalid argument
[    6.723744] umount: can't umount /tmpmnt: Invalid argument
[    7.308825] SMBLIB: smblib_handle_usb_source_change: APSD_STATUS=0x21
[    7.308982] SMBLIB: smblib_set_icl_current: icl_ua=475000
[    7.309092] SMBLIB: smblib_set_usb_suspend: suspend=0
[    7.309162] SMBLIB: smblib_set_icl_current: icl_ua=1500000
[    7.309257] SMBLIB: smblib_set_usb_suspend: suspend=0
[    7.309326] SMBLIB: op_charging_en: enable=1
[    7.309393] SMBLIB: smblib_handle_apsd_done: apsd result=0x10, name=FLOAT, psy_type=5
[    7.311420] SMBLIB: smblib_handle_apsd_done: apsd done,current_now=-103
[    7.930277] initrd: checking filesystem for userdata took 2 seconds
[    7.941996] dumpe2fs 1.43.4 (31-Jan-2017)
[    7.960663] EXT4-fs: Warning: mounting with data=journal disables delayed allocation and O_DIRECT support!
[    7.960779] EXT4-fs (sda17): couldn't mount as ext3 due to feature incompatibilities
[    7.963102] EXT4-fs (sda17): Mount option "data=journal" incompatible with ext2
[    8.000519] EXT4-fs (sda17): mounted filesystem with journalled data mode. Opts: discard,data=journal
[    8.007039] initrd: boot mode: halium
[    8.008254] initrd: Halium rootfs is  /dev/disk/by-partlabel/system_a
[    8.008715] initrd: mounting system rootfs at /halium-system
[    8.010464] EXT4-fs (sda13): couldn't mount as ext3 due to feature incompatibilities
[    8.010850] EXT4-fs (sda13): couldn't mount as ext2 due to feature incompatibilities
[    8.013523] EXT4-fs (sda13): mounted filesystem with ordered data mode. Opts: (null)
[    8.018440] initrd: mounting /dev/disk/by-partlabel/system_a  (user mode)
[    8.020731] EXT4-fs (sda13): re-mounted. Opts: data=ordered
[    8.021579] initrd: mounting android system image (/tmpmnt/android-rootfs.img) ro, in /android-rootfs (rootfs mode)
[    8.021659] initrd: mounting android system image from system rootfs
[    8.039073] EXT4-fs (loop0): couldn't mount as ext3 due to feature incompatibilities
[    8.039279] EXT4-fs (loop0): couldn't mount as ext2 due to feature incompatibilities
[    8.042970] EXT4-fs (loop0): mounted filesystem without journal. Opts: (null)
[    8.046088] initrd: Normal boot
[    8.085266] initrd: device is halium_arm64
[    8.088669] initrd: Adding bind-mounts to /root/etc/fstab
[    8.634602] initrd: checking fstab /root/var/lib/lxc/android/rootfs/fstab* for additional mount points
[    8.643192] initrd: A/B slot system detected! Slot suffix is _a
[    8.645519] cat: can't open '/root/var/lib/lxc/android/rootfs/fstab*': No such file or directory
[    8.647678] initrd: moving Android system to /android/system
[    8.658349] Begin: Running /scripts/local-bottom ... 
[    8.658781] done.
[    8.659080] done.
[    8.694359] Begin: Running /scripts/nfs-bottom ... 
[    8.694661] done.
[    8.695302] Begin: Running /scripts/init-bottom ... 
[    8.712087] done.
[    8.922087] systemd[1]: System time before build time, advancing clock.
[    8.947368] cgroup: cgroup2: unknown option "nsdelegate"
[    8.983098] systemd[1]: systemd 255.4-1ubuntu8.16 running in system mode (+PAM +AUDIT +SELINUX +APPARMOR +IMA +SMACK +SECCOMP +GCRYPT -GNUTLS +OPENSSL +ACL +BLKID +CURL +ELFUTILS +FIDO2 +IDN2 -IDN +IPTC +KMOD +LIBCRYPTSETUP +LIBFDISK +PCRE2 -PWQUALITY +P11KIT +QRENCODE +TPM2 +BZIP2 +LZ4 +XZ +ZLIB +ZSTD -BPF_FRAMEWORK -XKBCOMMON +UTMP +SYSVINIT default-hierarchy=unified)
[    8.983232] systemd[1]: Detected architecture arm64.
[    8.983647] systemd[1]: Warning! Reported kernel version 4.9.112-g6b190d86b is older than systemd's required baseline kernel version 4.15. Your mileage may vary.
[    8.987040] systemd[1]: Hostname set to <ubuntu-phablet>.
[    8.987720] systemd[1]: Initializing machine ID from random generator.
[    8.987890] systemd[1]: Installed transient /etc/machine-id file.
[    9.463713] systemd[1]: /usr/lib/systemd/system/bluebinder.service:14: Unknown key name 'StartLimitIntervalSec' in section 'Service', ignoring.
[    9.866734] synap rmidev_create_attr
[    9.925304] systemd[1]: Queued start job for default target graphical.target.
[    9.929583] systemd[1]: Created slice system-modprobe.slice - Slice /system/modprobe.
[    9.930225] systemd[1]: Created slice user.slice - User and Session Slice.
[    9.930555] systemd[1]: Started systemd-ask-password-wall.path - Forward Password Requests to Wall Directory Watch.
[    9.930898] systemd[1]: proc-sys-fs-binfmt_misc.automount - Arbitrary Executable File Formats File System Automount Point was skipped because of an unmet condition check (ConditionPathExists=/proc/sys/fs/binfmt_misc).
[    9.931028] systemd[1]: Reached target integritysetup.target - Local Integrity Protected Volumes.
[    9.931230] systemd[1]: Reached target nss-user-lookup.target - User and Group Name Lookups.
[    9.931401] systemd[1]: Reached target remote-fs.target - Remote File Systems.
[    9.931545] systemd[1]: Reached target slices.target - Slice Units.
[    9.931701] systemd[1]: Reached target snapd.mounts-pre.target - Mounting snaps.
[    9.931852] systemd[1]: Reached target snapd.mounts.target - Mounted snaps.
[    9.932037] systemd[1]: Reached target time-set.target - System Time Set.
[    9.932249] systemd[1]: Reached target veritysetup.target - Local Verity Protected Volumes.
[    9.932572] systemd[1]: Listening on systemd-initctl.socket - initctl Compatibility Named Pipe.
[    9.933039] systemd[1]: Listening on systemd-journald-dev-log.socket - Journal Socket (/dev/log).
[    9.933507] systemd[1]: Listening on systemd-journald.socket - Journal Socket.
[    9.933724] systemd[1]: systemd-pcrextend.socket - TPM2 PCR Extension (Varlink) was skipped because of an unmet condition check (ConditionSecurity=measured-uki).
[    9.935275] systemd[1]: Listening on systemd-udevd-control.socket - udev Control Socket.
[    9.935643] systemd[1]: Listening on systemd-udevd-kernel.socket - udev Kernel Socket.
[    9.936138] systemd[1]: dev-hugepages.mount - Huge Pages File System was skipped because of an unmet condition check (ConditionPathExists=/sys/kernel/mm/hugepages).
[    9.938756] systemd[1]: Mounting dev-mqueue.mount - POSIX Message Queue File System...
[    9.940432] systemd[1]: Mounting sys-kernel-debug.mount - Kernel Debug File System...
[    9.941651] systemd[1]: Mounting sys-kernel-tracing.mount - Kernel Trace File System...
[    9.945168] systemd[1]: Starting systemd-journald.service - Journal Service...
[    9.949371] systemd[1]: Starting keyboard-setup.service - Set the console keyboard layout...
[    9.949577] systemd[1]: kmod-static-nodes.service - Create List of Static Device Nodes was skipped because of an unmet condition check (ConditionFileNotEmpty=/lib/modules/4.9.112-g6b190d86b/modules.devname).
[    9.951453] systemd[1]: Starting modprobe@configfs.service - Load Kernel Module configfs...
[    9.958074] systemd[1]: Starting modprobe@dm_mod.service - Load Kernel Module dm_mod...
[    9.959933] systemd[1]: Starting modprobe@drm.service - Load Kernel Module drm...
[    9.961684] systemd[1]: Starting modprobe@efi_pstore.service - Load Kernel Module efi_pstore...
[    9.963601] systemd[1]: Starting modprobe@fuse.service - Load Kernel Module fuse...
[    9.965568] systemd[1]: Starting modprobe@loop.service - Load Kernel Module loop...
[    9.965833] systemd[1]: mount-android-system.service - Find the Android's system or root image was skipped because of an unmet condition check (ConditionPathIsMountPoint=!/android).
[    9.970620] systemd[1]: Starting systemd-modules-load.service - Load Kernel Modules...
[    9.970885] systemd[1]: systemd-pcrmachine.service - TPM2 PCR Machine ID Measurement was skipped because of an unmet condition check (ConditionSecurity=measured-uki).
[    9.976724] systemd[1]: Starting systemd-remount-fs.service - Remount Root and Kernel File Systems...
[    9.979020] systemd[1]: Starting systemd-tmpfiles-setup-dev-early.service - Create Static Device Nodes in /dev gracefully...
[    9.979322] systemd[1]: systemd-tpm2-setup-early.service - TPM2 SRK Setup (Early) was skipped because of an unmet condition check (ConditionSecurity=measured-uki).
[    9.982623] systemd[1]: Mounted dev-mqueue.mount - POSIX Message Queue File System.
[    9.982861] systemd[1]: Mounted sys-kernel-debug.mount - Kernel Debug File System.
[    9.983000] systemd[1]: Mounted sys-kernel-tracing.mount - Kernel Trace File System.
[    9.983249] systemd[1]: modprobe@configfs.service: Deactivated successfully.
[    9.983342] systemd[1]: Finished modprobe@configfs.service - Load Kernel Module configfs.
[    9.984105] systemd[1]: modprobe@dm_mod.service: Deactivated successfully.
[    9.984178] systemd[1]: Finished modprobe@dm_mod.service - Load Kernel Module dm_mod.
[    9.984445] systemd[1]: modprobe@drm.service: Deactivated successfully.
[    9.984513] systemd[1]: Finished modprobe@drm.service - Load Kernel Module drm.
[    9.984764] systemd[1]: modprobe@efi_pstore.service: Deactivated successfully.
[    9.984835] systemd[1]: Finished modprobe@efi_pstore.service - Load Kernel Module efi_pstore.
[    9.985079] systemd[1]: modprobe@fuse.service: Deactivated successfully.
[    9.985145] systemd[1]: Finished modprobe@fuse.service - Load Kernel Module fuse.
[    9.985371] systemd[1]: modprobe@loop.service: Deactivated successfully.
[    9.985437] systemd[1]: Finished modprobe@loop.service - Load Kernel Module loop.
[    9.988078] systemd[1]: Mounting sys-fs-fuse-connections.mount - FUSE Control File System...
[    9.988852] systemd[1]: Mounting sys-kernel-config.mount - Kernel Configuration File System...
[    9.988976] systemd[1]: systemd-repart.service - Repartition Root Disk was skipped because no trigger condition checks were met.
[    9.992522] systemd[1]: Finished systemd-modules-load.service - Load Kernel Modules.
[    9.992557] systemd-journald[820]: Collecting audit messages is disabled.
[    9.993788] systemd[1]: Starting systemd-sysctl.service - Apply Kernel Variables...
[    9.994805] systemd[1]: Started systemd-journald.service - Journal Service.
[    9.995681] EXT4-fs (sda13): re-mounted. Opts: (null)
[   10.296066] systemd-journald[820]: Received client request to flush runtime journal.
[   10.353539] audit: type=1400 audit(1780673790.430:2): apparmor="STATUS" operation="profile_load" profile="unconfined" name="brave" pid=998 comm="apparmor_parser"
[   10.353588] audit: type=1400 audit(1780673790.430:3): apparmor="STATUS" operation="profile_load" profile="unconfined" name=4D6F6E676F444220436F6D70617373 pid=995 comm="apparmor_parser"
[   10.353630] audit: type=1400 audit(1780673790.430:4): apparmor="STATUS" operation="profile_load" profile="unconfined" name="Discord" pid=994 comm="apparmor_parser"
[   10.353668] audit: type=1400 audit(1780673790.430:5): apparmor="STATUS" operation="profile_load" profile="unconfined" name="busybox" pid=1000 comm="apparmor_parser"
[   10.354232] audit: type=1400 audit(1780673790.430:6): apparmor="STATUS" operation="profile_load" profile="unconfined" name="balena-etcher" pid=997 comm="apparmor_parser"
[   10.354271] audit: type=1400 audit(1780673790.430:7): apparmor="STATUS" operation="profile_load" profile="unconfined" name="buildah" pid=999 comm="apparmor_parser"
[   10.355040] audit: type=1400 audit(1780673790.430:8): apparmor="STATUS" operation="profile_load" profile="unconfined" name="cam" pid=1001 comm="apparmor_parser"
[   10.357498] audit: type=1400 audit(1780673790.433:9): apparmor="STATUS" operation="profile_load" profile="unconfined" name="1password" pid=992 comm="apparmor_parser"
[   10.358071] audit: type=1400 audit(1780673790.433:10): apparmor="STATUS" operation="profile_load" profile="unconfined" name="vscode" pid=1009 comm="apparmor_parser"
[   10.358183] audit: type=1400 audit(1780673790.433:11): apparmor="STATUS" operation="profile_load" profile="unconfined" name="ch-checkns" pid=1006 comm="apparmor_parser"
[   10.401410] ufshcd-qcom 1d84000.ufshc: ufshcd_ioctl: User buffer is NULL!
[   10.406648] ufshcd-qcom 1d84000.ufshc: ufshcd_ioctl: User buffer is NULL!
[   10.413753] ufshcd-qcom 1d84000.ufshc: ufshcd_ioctl: User buffer is NULL!
[   10.420499] ufshcd-qcom 1d84000.ufshc: ufshcd_ioctl: User buffer is NULL!
[   10.439423] ufshcd-qcom 1d84000.ufshc: ufshcd_ioctl: User buffer is NULL!
[   10.443576] ufshcd-qcom 1d84000.ufshc: ufshcd_ioctl: User buffer is NULL!
[   10.448766] ufshcd-qcom 1d84000.ufshc: ufshcd_ioctl: User buffer is NULL!
[   10.453319] ufshcd-qcom 1d84000.ufshc: ufshcd_ioctl: User buffer is NULL!
[   10.462011] ufshcd-qcom 1d84000.ufshc: ufshcd_ioctl: User buffer is NULL!
[   10.467546] ufshcd-qcom 1d84000.ufshc: ufshcd_ioctl: User buffer is NULL!
[   10.476274] ufshcd-qcom 1d84000.ufshc: ufshcd_ioctl: User buffer is NULL!
[   10.481963] ufshcd-qcom 1d84000.ufshc: ufshcd_ioctl: User buffer is NULL!
[   10.485498] ufshcd-qcom 1d84000.ufshc: ufshcd_ioctl: User buffer is NULL!
[   10.487894] ufshcd-qcom 1d84000.ufshc: ufshcd_ioctl: User buffer is NULL!
[   10.490375] ufshcd-qcom 1d84000.ufshc: ufshcd_ioctl: User buffer is NULL!
[   10.494722] ufshcd-qcom 1d84000.ufshc: ufshcd_ioctl: User buffer is NULL!
[   10.506750] ufshcd-qcom 1d84000.ufshc: ufshcd_ioctl: User buffer is NULL!
[   10.510490] ufshcd-qcom 1d84000.ufshc: ufshcd_ioctl: User buffer is NULL!
[   10.514833] ufshcd-qcom 1d84000.ufshc: ufshcd_ioctl: User buffer is NULL!
[   10.520272] ufshcd-qcom 1d84000.ufshc: ufshcd_ioctl: User buffer is NULL!
[   10.523595] ufshcd-qcom 1d84000.ufshc: ufshcd_ioctl: User buffer is NULL!
[   10.527351] ufshcd-qcom 1d84000.ufshc: ufshcd_ioctl: User buffer is NULL!
[   10.531769] ufshcd-qcom 1d84000.ufshc: ufshcd_ioctl: User buffer is NULL!
[   10.536929] ufshcd-qcom 1d84000.ufshc: ufshcd_ioctl: User buffer is NULL!
[   10.549968] ufshcd-qcom 1d84000.ufshc: ufshcd_ioctl: User buffer is NULL!
[   10.558037] ufshcd-qcom 1d84000.ufshc: ufshcd_ioctl: User buffer is NULL!
[   10.565324] ufshcd-qcom 1d84000.ufshc: ufshcd_ioctl: User buffer is NULL!
[   10.571543] ufshcd-qcom 1d84000.ufshc: ufshcd_ioctl: User buffer is NULL!
[   10.576515] ufshcd-qcom 1d84000.ufshc: ufshcd_ioctl: User buffer is NULL!
[   10.588107] ufshcd-qcom 1d84000.ufshc: ufshcd_ioctl: User buffer is NULL!
[   10.592299] ufshcd-qcom 1d84000.ufshc: ufshcd_ioctl: User buffer is NULL!
[   10.597922] ufshcd-qcom 1d84000.ufshc: ufshcd_ioctl: User buffer is NULL!
[   10.614424] ufshcd-qcom 1d84000.ufshc: ufshcd_ioctl: User buffer is NULL!
[   10.628514] ufshcd-qcom 1d84000.ufshc: ufshcd_ioctl: User buffer is NULL!
[   10.636193] ufshcd-qcom 1d84000.ufshc: ufshcd_ioctl: User buffer is NULL!
[   10.643532] ufshcd-qcom 1d84000.ufshc: ufshcd_ioctl: User buffer is NULL!
[   10.657433] ufshcd-qcom 1d84000.ufshc: ufshcd_ioctl: User buffer is NULL!
[   10.671051] ufshcd-qcom 1d84000.ufshc: ufshcd_ioctl: User buffer is NULL!
[   10.683117] ufshcd-qcom 1d84000.ufshc: ufshcd_ioctl: User buffer is NULL!
[   10.694164] ufshcd-qcom 1d84000.ufshc: ufshcd_ioctl: User buffer is NULL!
[   10.704470] ufshcd-qcom 1d84000.ufshc: ufshcd_ioctl: User buffer is NULL!
[   10.716133] ufshcd-qcom 1d84000.ufshc: ufshcd_ioctl: User buffer is NULL!
[   10.726063] ufshcd-qcom 1d84000.ufshc: ufshcd_ioctl: User buffer is NULL!
[   10.740463] ufshcd-qcom 1d84000.ufshc: ufshcd_ioctl: User buffer is NULL!
[   10.750280] ufshcd-qcom 1d84000.ufshc: ufshcd_ioctl: User buffer is NULL!
[   10.763286] ufshcd-qcom 1d84000.ufshc: ufshcd_ioctl: User buffer is NULL!
[   10.774564] ufshcd-qcom 1d84000.ufshc: ufshcd_ioctl: User buffer is NULL!
[   10.783943] ufshcd-qcom 1d84000.ufshc: ufshcd_ioctl: User buffer is NULL!
[   10.793188] ufshcd-qcom 1d84000.ufshc: ufshcd_ioctl: User buffer is NULL!
[   10.803579] ufshcd-qcom 1d84000.ufshc: ufshcd_ioctl: User buffer is NULL!
[   10.831098] ufshcd-qcom 1d84000.ufshc: ufshcd_ioctl: User buffer is NULL!
[   10.844180] ufshcd-qcom 1d84000.ufshc: ufshcd_ioctl: User buffer is NULL!
[   10.852783] ufshcd-qcom 1d84000.ufshc: ufshcd_ioctl: User buffer is NULL!
[   10.868422] ufshcd-qcom 1d84000.ufshc: ufshcd_ioctl: User buffer is NULL!
[   10.883741] ufshcd-qcom 1d84000.ufshc: ufshcd_ioctl: User buffer is NULL!
[   10.896269] ufshcd-qcom 1d84000.ufshc: ufshcd_ioctl: User buffer is NULL!
[   10.909034] ufshcd-qcom 1d84000.ufshc: ufshcd_ioctl: User buffer is NULL!
[   10.923076] ufshcd-qcom 1d84000.ufshc: ufshcd_ioctl: User buffer is NULL!
[   10.936534] ufshcd-qcom 1d84000.ufshc: ufshcd_ioctl: User buffer is NULL!
[   10.951721] ufshcd-qcom 1d84000.ufshc: ufshcd_ioctl: User buffer is NULL!
[   10.976864] ufshcd-qcom 1d84000.ufshc: ufshcd_ioctl: User buffer is NULL!
[   10.989093] ufshcd-qcom 1d84000.ufshc: ufshcd_ioctl: User buffer is NULL!
[   11.010594] ufshcd-qcom 1d84000.ufshc: ufshcd_ioctl: User buffer is NULL!
[   11.025802] ufshcd-qcom 1d84000.ufshc: ufshcd_ioctl: User buffer is NULL!
[   11.039925] ufshcd-qcom 1d84000.ufshc: ufshcd_ioctl: User buffer is NULL!
[   11.051395] ufshcd-qcom 1d84000.ufshc: ufshcd_ioctl: User buffer is NULL!
[   11.067780] ufshcd-qcom 1d84000.ufshc: ufshcd_ioctl: User buffer is NULL!
[   11.080848] ufshcd-qcom 1d84000.ufshc: ufshcd_ioctl: User buffer is NULL!
[   11.095505] ufshcd-qcom 1d84000.ufshc: ufshcd_ioctl: User buffer is NULL!
[   11.110249] ufshcd-qcom 1d84000.ufshc: ufshcd_ioctl: User buffer is NULL!
[   11.124258] ufshcd-qcom 1d84000.ufshc: ufshcd_ioctl: User buffer is NULL!
[   11.140548] ufshcd-qcom 1d84000.ufshc: ufshcd_ioctl: User buffer is NULL!
[   11.157953] ufshcd-qcom 1d84000.ufshc: ufshcd_ioctl: User buffer is NULL!
[   11.170327] ufshcd-qcom 1d84000.ufshc: ufshcd_ioctl: User buffer is NULL!
[   11.186930] ufshcd-qcom 1d84000.ufshc: ufshcd_ioctl: User buffer is NULL!
[   11.202176] ufshcd-qcom 1d84000.ufshc: ufshcd_ioctl: User buffer is NULL!
[   11.226478] ufshcd-qcom 1d84000.ufshc: ufshcd_ioctl: User buffer is NULL!
[   11.251559] ufshcd-qcom 1d84000.ufshc: ufshcd_ioctl: User buffer is NULL!
[   11.280851] ufshcd-qcom 1d84000.ufshc: ufshcd_ioctl: User buffer is NULL!
[   11.295869] ufshcd-qcom 1d84000.ufshc: ufshcd_ioctl: User buffer is NULL!
[   11.307859] ufshcd-qcom 1d84000.ufshc: ufshcd_ioctl: User buffer is NULL!
[   11.318933] ufshcd-qcom 1d84000.ufshc: ufshcd_ioctl: User buffer is NULL!
[   11.340324] ufshcd-qcom 1d84000.ufshc: ufshcd_ioctl: User buffer is NULL!
[   11.353529] ufshcd-qcom 1d84000.ufshc: ufshcd_ioctl: User buffer is NULL!
[   11.364526] ufshcd-qcom 1d84000.ufshc: ufshcd_ioctl: User buffer is NULL!
[   11.369125] ufshcd-qcom 1d84000.ufshc: ufshcd_ioctl: User buffer is NULL!
[   11.381626] ufshcd-qcom 1d84000.ufshc: ufshcd_ioctl: User buffer is NULL!
[   11.404624] ufshcd-qcom 1d84000.ufshc: ufshcd_ioctl: User buffer is NULL!
[   11.427366] ufshcd-qcom 1d84000.ufshc: ufshcd_ioctl: User buffer is NULL!
[   11.440344] ufshcd-qcom 1d84000.ufshc: ufshcd_ioctl: User buffer is NULL!
[   11.447908] ufshcd-qcom 1d84000.ufshc: ufshcd_ioctl: User buffer is NULL!
[   11.469015] ufshcd-qcom 1d84000.ufshc: ufshcd_ioctl: User buffer is NULL!
[   11.479966] ufshcd-qcom 1d84000.ufshc: ufshcd_ioctl: User buffer is NULL!
[   11.487349] ufshcd-qcom 1d84000.ufshc: ufshcd_ioctl: User buffer is NULL!
[   11.490834] ufshcd-qcom 1d84000.ufshc: ufshcd_ioctl: User buffer is NULL!
[   11.498224] ufshcd-qcom 1d84000.ufshc: ufshcd_ioctl: User buffer is NULL!
[   11.502629] ufshcd-qcom 1d84000.ufshc: ufshcd_ioctl: User buffer is NULL!
[   11.521221] ufshcd-qcom 1d84000.ufshc: ufshcd_ioctl: User buffer is NULL!
[   11.541407] ufshcd-qcom 1d84000.ufshc: ufshcd_ioctl: User buffer is NULL!
[   11.553031] ufshcd-qcom 1d84000.ufshc: ufshcd_ioctl: User buffer is NULL!
[   11.564344] ufshcd-qcom 1d84000.ufshc: ufshcd_ioctl: User buffer is NULL!
[   11.571090] ufshcd-qcom 1d84000.ufshc: ufshcd_ioctl: User buffer is NULL!
[   11.653072] ufshcd-qcom 1d84000.ufshc: ufshcd_ioctl: User buffer is NULL!
[   11.707990] EXT4-fs (sde16): mounted filesystem without journal. Opts: barrier=1,discard
[   11.801489] ufshcd-qcom 1d84000.ufshc: ufshcd_ioctl: User buffer is NULL!
[   11.806569] ufshcd-qcom 1d84000.ufshc: ufshcd_ioctl: User buffer is NULL!
[   11.809857] ufshcd-qcom 1d84000.ufshc: ufshcd_ioctl: User buffer is NULL!
[   11.815159] ufshcd-qcom 1d84000.ufshc: ufshcd_ioctl: User buffer is NULL!
[   11.819861] ufshcd-qcom 1d84000.ufshc: ufshcd_ioctl: User buffer is NULL!
[   11.825907] ufshcd-qcom 1d84000.ufshc: ufshcd_ioctl: User buffer is NULL!
[   11.830215] ufshcd-qcom 1d84000.ufshc: ufshcd_ioctl: User buffer is NULL!
[   11.833604] ufshcd-qcom 1d84000.ufshc: ufshcd_ioctl: User buffer is NULL!
[   11.839017] ufshcd-qcom 1d84000.ufshc: ufshcd_ioctl: User buffer is NULL!
[   11.844654] ufshcd-qcom 1d84000.ufshc: ufshcd_ioctl: User buffer is NULL!
[   11.861530] ufshcd-qcom 1d84000.ufshc: ufshcd_ioctl: User buffer is NULL!
[   11.868920] ufshcd-qcom 1d84000.ufshc: ufshcd_ioctl: User buffer is NULL!
[   11.875565] ufshcd-qcom 1d84000.ufshc: ufshcd_ioctl: User buffer is NULL!
[   11.880719] ufshcd-qcom 1d84000.ufshc: ufshcd_ioctl: User buffer is NULL!
[   11.886626] ufshcd-qcom 1d84000.ufshc: ufshcd_ioctl: User buffer is NULL!
[   11.895351] ufshcd-qcom 1d84000.ufshc: ufshcd_ioctl: User buffer is NULL!
[   11.900132] ufshcd-qcom 1d84000.ufshc: ufshcd_ioctl: User buffer is NULL!
[   11.908970] ufshcd-qcom 1d84000.ufshc: ufshcd_ioctl: User buffer is NULL!
[   11.918075] ufshcd-qcom 1d84000.ufshc: ufshcd_ioctl: User buffer is NULL!
[   11.926192] ufshcd-qcom 1d84000.ufshc: ufshcd_ioctl: User buffer is NULL!
[   11.935009] ufshcd-qcom 1d84000.ufshc: ufshcd_ioctl: User buffer is NULL!
[   11.946411] ufshcd-qcom 1d84000.ufshc: ufshcd_ioctl: User buffer is NULL!
[   11.959561] ufshcd-qcom 1d84000.ufshc: ufshcd_ioctl: User buffer is NULL!
[   11.970457] ufshcd-qcom 1d84000.ufshc: ufshcd_ioctl: User buffer is NULL!
[   11.978875] ufshcd-qcom 1d84000.ufshc: ufshcd_ioctl: User buffer is NULL!
[   12.004051] ufshcd-qcom 1d84000.ufshc: ufshcd_ioctl: User buffer is NULL!
[   12.010716] ufshcd-qcom 1d84000.ufshc: ufshcd_ioctl: User buffer is NULL!
[   12.019185] ufshcd-qcom 1d84000.ufshc: ufshcd_ioctl: User buffer is NULL!
[   12.045652] ufshcd-qcom 1d84000.ufshc: ufshcd_ioctl: User buffer is NULL!
[   12.062796] ufshcd-qcom 1d84000.ufshc: ufshcd_ioctl: User buffer is NULL!
[   12.070928] ufshcd-qcom 1d84000.ufshc: ufshcd_ioctl: User buffer is NULL!
[   12.078522] ufshcd-qcom 1d84000.ufshc: ufshcd_ioctl: User buffer is NULL!
[   12.090735] ufshcd-qcom 1d84000.ufshc: ufshcd_ioctl: User buffer is NULL!
[   12.101373] ufshcd-qcom 1d84000.ufshc: ufshcd_ioctl: User buffer is NULL!
[   12.110095] ufshcd-qcom 1d84000.ufshc: ufshcd_ioctl: User buffer is NULL!
[   12.116401] ufshcd-qcom 1d84000.ufshc: ufshcd_ioctl: User buffer is NULL!
[   12.124297] ufshcd-qcom 1d84000.ufshc: ufshcd_ioctl: User buffer is NULL!
[   12.139697] ufshcd-qcom 1d84000.ufshc: ufshcd_ioctl: User buffer is NULL!
[   12.147090] ufshcd-qcom 1d84000.ufshc: ufshcd_ioctl: User buffer is NULL!
[   12.156859] ufshcd-qcom 1d84000.ufshc: ufshcd_ioctl: User buffer is NULL!
[   12.166766] ufshcd-qcom 1d84000.ufshc: ufshcd_ioctl: User buffer is NULL!
[   12.174811] ufshcd-qcom 1d84000.ufshc: ufshcd_ioctl: User buffer is NULL!
[   12.182683] ufshcd-qcom 1d84000.ufshc: ufshcd_ioctl: User buffer is NULL!
[   12.192870] ufshcd-qcom 1d84000.ufshc: ufshcd_ioctl: User buffer is NULL!
[   12.221180] ufshcd-qcom 1d84000.ufshc: ufshcd_ioctl: User buffer is NULL!
[   12.229956] ufshcd-qcom 1d84000.ufshc: ufshcd_ioctl: User buffer is NULL!
[   12.242823] ufshcd-qcom 1d84000.ufshc: ufshcd_ioctl: User buffer is NULL!
[   12.253225] ufshcd-qcom 1d84000.ufshc: ufshcd_ioctl: User buffer is NULL!
[   12.261668] ufshcd-qcom 1d84000.ufshc: ufshcd_ioctl: User buffer is NULL!
[   12.269846] ufshcd-qcom 1d84000.ufshc: ufshcd_ioctl: User buffer is NULL!
[   12.279028] ufshcd-qcom 1d84000.ufshc: ufshcd_ioctl: User buffer is NULL!
[   12.288312] ufshcd-qcom 1d84000.ufshc: ufshcd_ioctl: User buffer is NULL!
[   12.298687] ufshcd-qcom 1d84000.ufshc: ufshcd_ioctl: User buffer is NULL!
[   12.318796] ufshcd-qcom 1d84000.ufshc: ufshcd_ioctl: User buffer is NULL!
[   12.327846] ufshcd-qcom 1d84000.ufshc: ufshcd_ioctl: User buffer is NULL!
[   12.345720] ufshcd-qcom 1d84000.ufshc: ufshcd_ioctl: User buffer is NULL!
[   12.357158] ufshcd-qcom 1d84000.ufshc: ufshcd_ioctl: User buffer is NULL!
[   12.368877] ufshcd-qcom 1d84000.ufshc: ufshcd_ioctl: User buffer is NULL!
[   12.377258] ufshcd-qcom 1d84000.ufshc: ufshcd_ioctl: User buffer is NULL!
[   12.390866] ufshcd-qcom 1d84000.ufshc: ufshcd_ioctl: User buffer is NULL!
[   12.401744] ufshcd-qcom 1d84000.ufshc: ufshcd_ioctl: User buffer is NULL!
[   12.411841] ufshcd-qcom 1d84000.ufshc: ufshcd_ioctl: User buffer is NULL!
[   12.424470] ufshcd-qcom 1d84000.ufshc: ufshcd_ioctl: User buffer is NULL!
[   12.438837] ufshcd-qcom 1d84000.ufshc: ufshcd_ioctl: User buffer is NULL!
[   12.450341] ufshcd-qcom 1d84000.ufshc: ufshcd_ioctl: User buffer is NULL!
[   12.462320] ufshcd-qcom 1d84000.ufshc: ufshcd_ioctl: User buffer is NULL!
[   12.472315] ufshcd-qcom 1d84000.ufshc: ufshcd_ioctl: User buffer is NULL!
[   12.485163] ufshcd-qcom 1d84000.ufshc: ufshcd_ioctl: User buffer is NULL!
[   12.495091] ufshcd-qcom 1d84000.ufshc: ufshcd_ioctl: User buffer is NULL!
[   12.508777] ufshcd-qcom 1d84000.ufshc: ufshcd_ioctl: User buffer is NULL!
[   12.521503] ufshcd-qcom 1d84000.ufshc: ufshcd_ioctl: User buffer is NULL!
[   12.530872] ufshcd-qcom 1d84000.ufshc: ufshcd_ioctl: User buffer is NULL!
[   12.542614] ufshcd-qcom 1d84000.ufshc: ufshcd_ioctl: User buffer is NULL!
[   12.553809] ufshcd-qcom 1d84000.ufshc: ufshcd_ioctl: User buffer is NULL!
[   12.564907] ufshcd-qcom 1d84000.ufshc: ufshcd_ioctl: User buffer is NULL!
[   12.569344] ufshcd-qcom 1d84000.ufshc: ufshcd_ioctl: User buffer is NULL!
[   12.594348] ufshcd-qcom 1d84000.ufshc: ufshcd_ioctl: User buffer is NULL!
[   12.610473] ufshcd-qcom 1d84000.ufshc: ufshcd_ioctl: User buffer is NULL!
[   12.618933] ufshcd-qcom 1d84000.ufshc: ufshcd_ioctl: User buffer is NULL!
[   12.631993] ufshcd-qcom 1d84000.ufshc: ufshcd_ioctl: User buffer is NULL!
[   12.641207] ufshcd-qcom 1d84000.ufshc: ufshcd_ioctl: User buffer is NULL!
[   12.645530] ufshcd-qcom 1d84000.ufshc: ufshcd_ioctl: User buffer is NULL!
[   12.654578] ufshcd-qcom 1d84000.ufshc: ufshcd_ioctl: User buffer is NULL!
[   12.659715] ufshcd-qcom 1d84000.ufshc: ufshcd_ioctl: User buffer is NULL!
[   12.674488] ufshcd-qcom 1d84000.ufshc: ufshcd_ioctl: User buffer is NULL!
[   12.688629] ufshcd-qcom 1d84000.ufshc: ufshcd_ioctl: User buffer is NULL!
[   12.698249] ufshcd-qcom 1d84000.ufshc: ufshcd_ioctl: User buffer is NULL!
[   12.763893] ufshcd-qcom 1d84000.ufshc: ufshcd_ioctl: User buffer is NULL!
[   12.773694] ufshcd-qcom 1d84000.ufshc: ufshcd_ioctl: User buffer is NULL!
[   12.793182] ufshcd-qcom 1d84000.ufshc: ufshcd_ioctl: User buffer is NULL!
[   12.804246] ufshcd-qcom 1d84000.ufshc: ufshcd_ioctl: User buffer is NULL!
[   12.818429] ufshcd-qcom 1d84000.ufshc: ufshcd_ioctl: User buffer is NULL!
[   12.825440] ufshcd-qcom 1d84000.ufshc: ufshcd_ioctl: User buffer is NULL!
[   12.833442] ufshcd-qcom 1d84000.ufshc: ufshcd_ioctl: User buffer is NULL!
[   12.920662] ufshcd-qcom 1d84000.ufshc: ufshcd_ioctl: User buffer is NULL!
[   12.925790] ufshcd-qcom 1d84000.ufshc: ufshcd_ioctl: User buffer is NULL!
[   12.929091] ufshcd-qcom 1d84000.ufshc: ufshcd_ioctl: User buffer is NULL!
[   12.934531] ufshcd-qcom 1d84000.ufshc: ufshcd_ioctl: User buffer is NULL!
[   12.939197] ufshcd-qcom 1d84000.ufshc: ufshcd_ioctl: User buffer is NULL!
[   12.944525] ufshcd-qcom 1d84000.ufshc: ufshcd_ioctl: User buffer is NULL!
[   12.947842] ufshcd-qcom 1d84000.ufshc: ufshcd_ioctl: User buffer is NULL!
[   12.950450] ufshcd-qcom 1d84000.ufshc: ufshcd_ioctl: User buffer is NULL!
[   12.954523] ufshcd-qcom 1d84000.ufshc: ufshcd_ioctl: User buffer is NULL!
[   12.958285] ufshcd-qcom 1d84000.ufshc: ufshcd_ioctl: User buffer is NULL!
[   12.968694] ufshcd-qcom 1d84000.ufshc: ufshcd_ioctl: User buffer is NULL!
[   12.973075] ufshcd-qcom 1d84000.ufshc: ufshcd_ioctl: User buffer is NULL!
[   12.977835] ufshcd-qcom 1d84000.ufshc: ufshcd_ioctl: User buffer is NULL!
[   12.981434] ufshcd-qcom 1d84000.ufshc: ufshcd_ioctl: User buffer is NULL!
[   12.985548] ufshcd-qcom 1d84000.ufshc: ufshcd_ioctl: User buffer is NULL!
[   12.993203] ufshcd-qcom 1d84000.ufshc: ufshcd_ioctl: User buffer is NULL!
[   12.996358] ufshcd-qcom 1d84000.ufshc: ufshcd_ioctl: User buffer is NULL!
[   13.001747] ufshcd-qcom 1d84000.ufshc: ufshcd_ioctl: User buffer is NULL!
[   13.006720] ufshcd-qcom 1d84000.ufshc: ufshcd_ioctl: User buffer is NULL!
[   13.010627] ufshcd-qcom 1d84000.ufshc: ufshcd_ioctl: User buffer is NULL!
[   13.014864] ufshcd-qcom 1d84000.ufshc: ufshcd_ioctl: User buffer is NULL!
[   13.021045] ufshcd-qcom 1d84000.ufshc: ufshcd_ioctl: User buffer is NULL!
[   13.028532] ufshcd-qcom 1d84000.ufshc: ufshcd_ioctl: User buffer is NULL!
[   13.034443] ufshcd-qcom 1d84000.ufshc: ufshcd_ioctl: User buffer is NULL!
[   13.038971] ufshcd-qcom 1d84000.ufshc: ufshcd_ioctl: User buffer is NULL!
[   13.050764] ufshcd-qcom 1d84000.ufshc: ufshcd_ioctl: User buffer is NULL!
[   13.054361] ufshcd-qcom 1d84000.ufshc: ufshcd_ioctl: User buffer is NULL!
[   13.059412] ufshcd-qcom 1d84000.ufshc: ufshcd_ioctl: User buffer is NULL!
[   13.076076] ufshcd-qcom 1d84000.ufshc: ufshcd_ioctl: User buffer is NULL!
[   13.091001] ufshcd-qcom 1d84000.ufshc: ufshcd_ioctl: User buffer is NULL!
[   13.097813] ufshcd-qcom 1d84000.ufshc: ufshcd_ioctl: User buffer is NULL!
[   13.105359] ufshcd-qcom 1d84000.ufshc: ufshcd_ioctl: User buffer is NULL!
[   13.117411] ufshcd-qcom 1d84000.ufshc: ufshcd_ioctl: User buffer is NULL!
[   13.127583] ufshcd-qcom 1d84000.ufshc: ufshcd_ioctl: User buffer is NULL!
[   13.136524] ufshcd-qcom 1d84000.ufshc: ufshcd_ioctl: User buffer is NULL!
[   13.143643] ufshcd-qcom 1d84000.ufshc: ufshcd_ioctl: User buffer is NULL!
[   13.150724] ufshcd-qcom 1d84000.ufshc: ufshcd_ioctl: User buffer is NULL!
[   13.163053] ufshcd-qcom 1d84000.ufshc: ufshcd_ioctl: User buffer is NULL!
[   13.171404] ufshcd-qcom 1d84000.ufshc: ufshcd_ioctl: User buffer is NULL!
[   13.182325] ufshcd-qcom 1d84000.ufshc: ufshcd_ioctl: User buffer is NULL!
[   13.192494] ufshcd-qcom 1d84000.ufshc: ufshcd_ioctl: User buffer is NULL!
[   13.201169] ufshcd-qcom 1d84000.ufshc: ufshcd_ioctl: User buffer is NULL!
[   13.210423] ufshcd-qcom 1d84000.ufshc: ufshcd_ioctl: User buffer is NULL!
[   13.220592] ufshcd-qcom 1d84000.ufshc: ufshcd_ioctl: User buffer is NULL!
[   13.247878] ufshcd-qcom 1d84000.ufshc: ufshcd_ioctl: User buffer is NULL!
[   13.256873] ufshcd-qcom 1d84000.ufshc: ufshcd_ioctl: User buffer is NULL!
[   13.268279] ufshcd-qcom 1d84000.ufshc: ufshcd_ioctl: User buffer is NULL!
[   13.277229] ufshcd-qcom 1d84000.ufshc: ufshcd_ioctl: User buffer is NULL!
[   13.284943] ufshcd-qcom 1d84000.ufshc: ufshcd_ioctl: User buffer is NULL!
[   13.293299] ufshcd-qcom 1d84000.ufshc: ufshcd_ioctl: User buffer is NULL!
[   13.302598] ufshcd-qcom 1d84000.ufshc: ufshcd_ioctl: User buffer is NULL!
[   13.311870] ufshcd-qcom 1d84000.ufshc: ufshcd_ioctl: User buffer is NULL!
[   13.322118] ufshcd-qcom 1d84000.ufshc: ufshcd_ioctl: User buffer is NULL!
[   13.344188] ufshcd-qcom 1d84000.ufshc: ufshcd_ioctl: User buffer is NULL!
[   13.358547] ufshcd-qcom 1d84000.ufshc: ufshcd_ioctl: User buffer is NULL!
[   13.384301] ufshcd-qcom 1d84000.ufshc: ufshcd_ioctl: User buffer is NULL!
[   13.397378] ufshcd-qcom 1d84000.ufshc: ufshcd_ioctl: User buffer is NULL!
[   13.410497] ufshcd-qcom 1d84000.ufshc: ufshcd_ioctl: User buffer is NULL!
[   13.420004] ufshcd-qcom 1d84000.ufshc: ufshcd_ioctl: User buffer is NULL!
[   13.434569] ufshcd-qcom 1d84000.ufshc: ufshcd_ioctl: User buffer is NULL!
[   13.445583] ufshcd-qcom 1d84000.ufshc: ufshcd_ioctl: User buffer is NULL!
[   13.455386] ufshcd-qcom 1d84000.ufshc: ufshcd_ioctl: User buffer is NULL!
[   13.469028] ufshcd-qcom 1d84000.ufshc: ufshcd_ioctl: User buffer is NULL!
[   13.482412] ufshcd-qcom 1d84000.ufshc: ufshcd_ioctl: User buffer is NULL!
[   13.493713] ufshcd-qcom 1d84000.ufshc: ufshcd_ioctl: User buffer is NULL!
[   13.506653] ufshcd-qcom 1d84000.ufshc: ufshcd_ioctl: User buffer is NULL!
[   13.516618] ufshcd-qcom 1d84000.ufshc: ufshcd_ioctl: User buffer is NULL!
[   13.528786] ufshcd-qcom 1d84000.ufshc: ufshcd_ioctl: User buffer is NULL!
[   13.538857] ufshcd-qcom 1d84000.ufshc: ufshcd_ioctl: User buffer is NULL!
[   13.550754] ufshcd-qcom 1d84000.ufshc: ufshcd_ioctl: User buffer is NULL!
[   13.561525] ufshcd-qcom 1d84000.ufshc: ufshcd_ioctl: User buffer is NULL!
[   13.573619] ufshcd-qcom 1d84000.ufshc: ufshcd_ioctl: User buffer is NULL!
[   13.586670] ufshcd-qcom 1d84000.ufshc: ufshcd_ioctl: User buffer is NULL!
[   13.597533] ufshcd-qcom 1d84000.ufshc: ufshcd_ioctl: User buffer is NULL!
[   13.608280] ufshcd-qcom 1d84000.ufshc: ufshcd_ioctl: User buffer is NULL!
[   13.612766] ufshcd-qcom 1d84000.ufshc: ufshcd_ioctl: User buffer is NULL!
[   13.637726] ufshcd-qcom 1d84000.ufshc: ufshcd_ioctl: User buffer is NULL!
[   13.654051] ufshcd-qcom 1d84000.ufshc: ufshcd_ioctl: User buffer is NULL!
[   13.662842] ufshcd-qcom 1d84000.ufshc: ufshcd_ioctl: User buffer is NULL!
[   13.676034] ufshcd-qcom 1d84000.ufshc: ufshcd_ioctl: User buffer is NULL!
[   13.685574] ufshcd-qcom 1d84000.ufshc: ufshcd_ioctl: User buffer is NULL!
[   13.690000] ufshcd-qcom 1d84000.ufshc: ufshcd_ioctl: User buffer is NULL!
[   13.699139] ufshcd-qcom 1d84000.ufshc: ufshcd_ioctl: User buffer is NULL!
[   13.704379] ufshcd-qcom 1d84000.ufshc: ufshcd_ioctl: User buffer is NULL!
[   13.719243] ufshcd-qcom 1d84000.ufshc: ufshcd_ioctl: User buffer is NULL!
[   13.734182] ufshcd-qcom 1d84000.ufshc: ufshcd_ioctl: User buffer is NULL!
[   13.743299] ufshcd-qcom 1d84000.ufshc: ufshcd_ioctl: User buffer is NULL!
[   13.812750] ufshcd-qcom 1d84000.ufshc: ufshcd_ioctl: User buffer is NULL!
[   13.829299] ufshcd-qcom 1d84000.ufshc: ufshcd_ioctl: User buffer is NULL!
[   13.848934] ufshcd-qcom 1d84000.ufshc: ufshcd_ioctl: User buffer is NULL!
[   13.870170] ufshcd-qcom 1d84000.ufshc: ufshcd_ioctl: User buffer is NULL!
[   13.886151] ufshcd-qcom 1d84000.ufshc: ufshcd_ioctl: User buffer is NULL!
[   13.908479] ufshcd-qcom 1d84000.ufshc: ufshcd_ioctl: User buffer is NULL!
[   13.917684] ufshcd-qcom 1d84000.ufshc: ufshcd_ioctl: User buffer is NULL!
[   13.938862] ufshcd-qcom 1d84000.ufshc: ufshcd_ioctl: User buffer is NULL!
[   13.947352] ufshcd-qcom 1d84000.ufshc: ufshcd_ioctl: User buffer is NULL!
[   13.989686] ufshcd-qcom 1d84000.ufshc: ufshcd_ioctl: User buffer is NULL!
[   14.021140] EXT4-fs (sde9): mounted filesystem with ordered data mode. Opts: barrier=1
[   14.112975] EXT4-fs (sda2): recovery complete
[   14.113449] EXT4-fs (sda2): mounted filesystem with ordered data mode. Opts: barrier=1
[   14.149516] ufshcd-qcom 1d84000.ufshc: ufshcd_ioctl: User buffer is NULL!
[   14.154470] ufshcd-qcom 1d84000.ufshc: ufshcd_ioctl: User buffer is NULL!
[   14.157656] ufshcd-qcom 1d84000.ufshc: ufshcd_ioctl: User buffer is NULL!
[   14.162851] ufshcd-qcom 1d84000.ufshc: ufshcd_ioctl: User buffer is NULL!
[   14.167260] ufshcd-qcom 1d84000.ufshc: ufshcd_ioctl: User buffer is NULL!
[   14.172434] ufshcd-qcom 1d84000.ufshc: ufshcd_ioctl: User buffer is NULL!
[   14.176234] ufshcd-qcom 1d84000.ufshc: ufshcd_ioctl: User buffer is NULL!
[   14.179081] ufshcd-qcom 1d84000.ufshc: ufshcd_ioctl: User buffer is NULL!
[   14.183550] ufshcd-qcom 1d84000.ufshc: ufshcd_ioctl: User buffer is NULL!
[   14.187376] ufshcd-qcom 1d84000.ufshc: ufshcd_ioctl: User buffer is NULL!
[   14.197482] ufshcd-qcom 1d84000.ufshc: ufshcd_ioctl: User buffer is NULL!
[   14.201754] ufshcd-qcom 1d84000.ufshc: ufshcd_ioctl: User buffer is NULL!
[   14.206169] ufshcd-qcom 1d84000.ufshc: ufshcd_ioctl: User buffer is NULL!
[   14.209377] ufshcd-qcom 1d84000.ufshc: ufshcd_ioctl: User buffer is NULL!
[   14.212744] ufshcd-qcom 1d84000.ufshc: ufshcd_ioctl: User buffer is NULL!
[   14.218130] ufshcd-qcom 1d84000.ufshc: ufshcd_ioctl: User buffer is NULL!
[   14.220613] ufshcd-qcom 1d84000.ufshc: ufshcd_ioctl: User buffer is NULL!
[   14.225009] ufshcd-qcom 1d84000.ufshc: ufshcd_ioctl: User buffer is NULL!
[   14.229572] ufshcd-qcom 1d84000.ufshc: ufshcd_ioctl: User buffer is NULL!
[   14.233071] ufshcd-qcom 1d84000.ufshc: ufshcd_ioctl: User buffer is NULL!
[   14.237086] ufshcd-qcom 1d84000.ufshc: ufshcd_ioctl: User buffer is NULL!
[   14.242495] ufshcd-qcom 1d84000.ufshc: ufshcd_ioctl: User buffer is NULL!
[   14.248610] ufshcd-qcom 1d84000.ufshc: ufshcd_ioctl: User buffer is NULL!
[   14.253236] ufshcd-qcom 1d84000.ufshc: ufshcd_ioctl: User buffer is NULL!
[   14.256874] ufshcd-qcom 1d84000.ufshc: ufshcd_ioctl: User buffer is NULL!
[   14.266661] ufshcd-qcom 1d84000.ufshc: ufshcd_ioctl: User buffer is NULL!
[   14.269649] ufshcd-qcom 1d84000.ufshc: ufshcd_ioctl: User buffer is NULL!
[   14.274070] ufshcd-qcom 1d84000.ufshc: ufshcd_ioctl: User buffer is NULL!
[   14.287336] ufshcd-qcom 1d84000.ufshc: ufshcd_ioctl: User buffer is NULL!
[   14.297749] ufshcd-qcom 1d84000.ufshc: ufshcd_ioctl: User buffer is NULL!
[   14.301977] ufshcd-qcom 1d84000.ufshc: ufshcd_ioctl: User buffer is NULL!
[   14.306258] ufshcd-qcom 1d84000.ufshc: ufshcd_ioctl: User buffer is NULL!
[   14.313631] ufshcd-qcom 1d84000.ufshc: ufshcd_ioctl: User buffer is NULL!
[   14.320067] ufshcd-qcom 1d84000.ufshc: ufshcd_ioctl: User buffer is NULL!
[   14.325484] ufshcd-qcom 1d84000.ufshc: ufshcd_ioctl: User buffer is NULL!
[   14.329538] ufshcd-qcom 1d84000.ufshc: ufshcd_ioctl: User buffer is NULL!
[   14.333489] ufshcd-qcom 1d84000.ufshc: ufshcd_ioctl: User buffer is NULL!
[   14.340764] ufshcd-qcom 1d84000.ufshc: ufshcd_ioctl: User buffer is NULL!
[   14.345634] ufshcd-qcom 1d84000.ufshc: ufshcd_ioctl: User buffer is NULL!
[   14.353435] ufshcd-qcom 1d84000.ufshc: ufshcd_ioctl: User buffer is NULL!
[   14.359632] ufshcd-qcom 1d84000.ufshc: ufshcd_ioctl: User buffer is NULL!
[   14.365521] ufshcd-qcom 1d84000.ufshc: ufshcd_ioctl: User buffer is NULL!
[   14.370723] ufshcd-qcom 1d84000.ufshc: ufshcd_ioctl: User buffer is NULL!
[   14.376348] ufshcd-qcom 1d84000.ufshc: ufshcd_ioctl: User buffer is NULL!
[   14.397546] ufshcd-qcom 1d84000.ufshc: ufshcd_ioctl: User buffer is NULL!
[   14.402754] ufshcd-qcom 1d84000.ufshc: ufshcd_ioctl: User buffer is NULL!
[   14.411189] ufshcd-qcom 1d84000.ufshc: ufshcd_ioctl: User buffer is NULL!
[   14.419123] ufshcd-qcom 1d84000.ufshc: ufshcd_ioctl: User buffer is NULL!
[   14.425605] ufshcd-qcom 1d84000.ufshc: ufshcd_ioctl: User buffer is NULL!
[   14.431990] ufshcd-qcom 1d84000.ufshc: ufshcd_ioctl: User buffer is NULL!
[   14.439133] ufshcd-qcom 1d84000.ufshc: ufshcd_ioctl: User buffer is NULL!
[   14.446219] ufshcd-qcom 1d84000.ufshc: ufshcd_ioctl: User buffer is NULL!
[   14.453630] ufshcd-qcom 1d84000.ufshc: ufshcd_ioctl: User buffer is NULL!
[   14.470733] ufshcd-qcom 1d84000.ufshc: ufshcd_ioctl: User buffer is NULL!
[   14.479297] ufshcd-qcom 1d84000.ufshc: ufshcd_ioctl: User buffer is NULL!
[   14.498658] ufshcd-qcom 1d84000.ufshc: ufshcd_ioctl: User buffer is NULL!
[   14.511430] ufshcd-qcom 1d84000.ufshc: ufshcd_ioctl: User buffer is NULL!
[   14.523989] ufshcd-qcom 1d84000.ufshc: ufshcd_ioctl: User buffer is NULL!
[   14.532388] ufshcd-qcom 1d84000.ufshc: ufshcd_ioctl: User buffer is NULL!
[   14.546858] ufshcd-qcom 1d84000.ufshc: ufshcd_ioctl: User buffer is NULL!
[   14.557675] ufshcd-qcom 1d84000.ufshc: ufshcd_ioctl: User buffer is NULL!
[   14.569889] ufshcd-qcom 1d84000.ufshc: ufshcd_ioctl: User buffer is NULL!
[   14.583689] ufshcd-qcom 1d84000.ufshc: ufshcd_ioctl: User buffer is NULL!
[   14.594814] ufshcd-qcom 1d84000.ufshc: ufshcd_ioctl: User buffer is NULL!
[   14.606273] ufshcd-qcom 1d84000.ufshc: ufshcd_ioctl: User buffer is NULL!
[   14.618112] ufshcd-qcom 1d84000.ufshc: ufshcd_ioctl: User buffer is NULL!
[   14.627571] ufshcd-qcom 1d84000.ufshc: ufshcd_ioctl: User buffer is NULL!
[   14.641236] ufshcd-qcom 1d84000.ufshc: ufshcd_ioctl: User buffer is NULL!
[   14.651124] ufshcd-qcom 1d84000.ufshc: ufshcd_ioctl: User buffer is NULL!
[   14.663522] ufshcd-qcom 1d84000.ufshc: ufshcd_ioctl: User buffer is NULL!
[   14.677985] ufshcd-qcom 1d84000.ufshc: ufshcd_ioctl: User buffer is NULL!
[   14.688258] ufshcd-qcom 1d84000.ufshc: ufshcd_ioctl: User buffer is NULL!
[   14.699533] ufshcd-qcom 1d84000.ufshc: ufshcd_ioctl: User buffer is NULL!
[   14.712224] ufshcd-qcom 1d84000.ufshc: ufshcd_ioctl: User buffer is NULL!
[   14.723582] ufshcd-qcom 1d84000.ufshc: ufshcd_ioctl: User buffer is NULL!
[   14.727151] ufshcd-qcom 1d84000.ufshc: ufshcd_ioctl: User buffer is NULL!
[   14.749296] ufshcd-qcom 1d84000.ufshc: ufshcd_ioctl: User buffer is NULL!
[   14.764957] ufshcd-qcom 1d84000.ufshc: ufshcd_ioctl: User buffer is NULL!
[   14.774538] ufshcd-qcom 1d84000.ufshc: ufshcd_ioctl: User buffer is NULL!
[   14.787394] ufshcd-qcom 1d84000.ufshc: ufshcd_ioctl: User buffer is NULL!
[   14.796102] ufshcd-qcom 1d84000.ufshc: ufshcd_ioctl: User buffer is NULL!
[   14.800666] ufshcd-qcom 1d84000.ufshc: ufshcd_ioctl: User buffer is NULL!
[   14.809618] ufshcd-qcom 1d84000.ufshc: ufshcd_ioctl: User buffer is NULL!
[   14.814850] ufshcd-qcom 1d84000.ufshc: ufshcd_ioctl: User buffer is NULL!
[   14.829141] ufshcd-qcom 1d84000.ufshc: ufshcd_ioctl: User buffer is NULL!
[   14.844205] ufshcd-qcom 1d84000.ufshc: ufshcd_ioctl: User buffer is NULL!
[   14.853725] ufshcd-qcom 1d84000.ufshc: ufshcd_ioctl: User buffer is NULL!
[   14.921428] ufshcd-qcom 1d84000.ufshc: ufshcd_ioctl: User buffer is NULL!
[   14.933918] ufshcd-qcom 1d84000.ufshc: ufshcd_ioctl: User buffer is NULL!
[   14.956286] ufshcd-qcom 1d84000.ufshc: ufshcd_ioctl: User buffer is NULL!
[   14.972882] ufshcd-qcom 1d84000.ufshc: ufshcd_ioctl: User buffer is NULL!
[   14.981704] ufshcd-qcom 1d84000.ufshc: ufshcd_ioctl: User buffer is NULL!
[   14.990562] ufshcd-qcom 1d84000.ufshc: ufshcd_ioctl: User buffer is NULL!
[   15.001447] ufshcd-qcom 1d84000.ufshc: ufshcd_ioctl: User buffer is NULL!
[   15.007504] ufshcd-qcom 1d84000.ufshc: ufshcd_ioctl: User buffer is NULL!
[   15.026097] ufshcd-qcom 1d84000.ufshc: ufshcd_ioctl: User buffer is NULL!
[   15.044971] ufshcd-qcom 1d84000.ufshc: ufshcd_ioctl: User buffer is NULL!
[   15.060362] ufshcd-qcom 1d84000.ufshc: ufshcd_ioctl: User buffer is NULL!
[   15.079893] ufshcd-qcom 1d84000.ufshc: ufshcd_ioctl: User buffer is NULL!
[   15.088561] ufshcd-qcom 1d84000.ufshc: ufshcd_ioctl: User buffer is NULL!
[   16.165985] init: init second stage started!
[   16.177498] init: Using Android DT directory /proc/device-tree/firmware/android/
[   16.184882] selinux: SELinux: Loaded file_contexts

[   16.184892] init: Running restorecon...
[   16.184940] init: waitid failed: No child processes
[   16.187065] init: Unable to set property '' to '' in property file '/product/build.prop': Illegal property name
[   16.187116] init: Couldn't load property file '/odm/default.prop': open() failed: No such file or directory: No such file or directory
[   16.187585] init: Created socket '/dev/socket/property_service', mode 666, user 0, group 0
[   16.188767] init: Forked subcontext for 'u:r:vendor_init:s0' with pid 8
[   16.189795] init: Forked subcontext for 'u:r:vendor_init:s0' with pid 9
[   16.189856] init: Parsing file /init.rc...
[   16.191660] init: property 'ro.product.cpu.abi' doesn't exist while expanding '/init.extraenv.${ro.product.cpu.abi}.rc'
[   16.191768] init: /init.rc: 11: error while expanding import
[   16.191789] init: Added '/init.environ.rc' to import list
[   16.191801] init: Added '/init.qcom.rc' to import list
[   16.191817] init: Added '/vendor/etc/init/hw/init.qcom.rc' to import list
[   16.191828] init: Added '/init.zygote64_32.rc' to import list
[   16.192792] init: Parsing file /init.environ.rc...
[   16.193938] init: /init.environ.rc: 17: export requires 2 arguments
[   16.193974] init: /init.environ.rc: 18: export requires 2 arguments
[   16.194003] init: Parsing file /init.qcom.rc...
[   16.194021] init: Unable to read config file '/init.qcom.rc': open() failed: No such file or directory
[   16.194048] init: /init.rc: 15: Could not import file '/init.qcom.rc': No such file or directory
[   16.194487] init: Parsing file /vendor/etc/init/hw/init.qcom.rc...
[   16.195143] init: Added '/vendor/etc/init/hw/init.oem.rc' to import list
[   16.195153] init: Added '/vendor/etc/init/hw/init.oem.debug.rc' to import list
[   16.195163] init: Added '/vendor/etc/init/hw/init.qcom.usb.rc' to import list
[   16.195171] init: Added '/vendor/etc/init/hw/init.msm.usb.configfs.rc' to import list
[   16.195181] init: Added '/vendor/etc/init/hw/init.target.rc' to import list
[   16.195189] init: Added '/vendor/etc/init/hw/init.qcom.factory.rc' to import list
[   16.195197] init: Added '/vendor/etc/init/hw/init.qcom.test.rc' to import list
[   16.195465] init: /vendor/etc/init/hw/init.qcom.rc: 239: chown requires between 2 and 3 arguments
[   16.195499] init: /vendor/etc/init/hw/init.qcom.rc: 240: chmod requires 2 arguments
[   16.195539] init: /vendor/etc/init/hw/init.qcom.rc: 243: chown requires between 2 and 3 arguments
[   16.195570] init: /vendor/etc/init/hw/init.qcom.rc: 244: chmod requires 2 arguments
[   16.197000] init: /vendor/etc/init/hw/init.qcom.rc: 520: ParseTriggers() failed: unexported property trigger found: persist.sys.ssr.enable_debug
[   16.197038] init: /vendor/etc/init/hw/init.qcom.rc: 523: ParseTriggers() failed: unexported property trigger found: persist.sys.mba_boot_timeout
[   16.197075] init: /vendor/etc/init/hw/init.qcom.rc: 526: ParseTriggers() failed: unexported property trigger found: persist.sys.modem_auth_timeout
[   16.197111] init: /vendor/etc/init/hw/init.qcom.rc: 529: ParseTriggers() failed: unexported property trigger found: persist.sys.pil_proxy_timeout
[   16.197191] init: /vendor/etc/init/hw/init.qcom.rc: 559: ParseTriggers() failed: unexported property trigger found: persist.debug.trace
[   16.197227] init: /vendor/etc/init/hw/init.qcom.rc: 563: ParseTriggers() failed: unexported property trigger found: init.svc.wpa_supplicant
[   16.197276] init: /vendor/etc/init/hw/init.qcom.rc: 572: ParseTriggers() failed: unexported property trigger found: ro.bluetooth.ftm_enabled
[   16.197356] init: /vendor/etc/init/hw/init.qcom.rc: 604: ParseTriggers() failed: unexported property trigger found: persist.env.fastdorm.enabled
[   16.197424] init: /vendor/etc/init/hw/init.qcom.rc: 617: Invalid keyword '//VENDOR_EIDT'
[   16.197454] init: /vendor/etc/init/hw/init.qcom.rc: 623: Invalid keyword '//VENDOR_EIDTv'
[   16.197620] init: /vendor/etc/init/hw/init.qcom.rc: 677: Unable to decode GID for 'net_bt_stack': getpwnam failed: No such file or directory
[   16.197805] init: /vendor/etc/init/hw/init.qcom.rc: 749: ParseTriggers() failed: unexported property trigger found: ro.data.large_tcp_window_size
[   16.197843] init: /vendor/etc/init/hw/init.qcom.rc: 752: ParseTriggers() failed: unexported property trigger found: sys.sysctl.tcp_adv_win_scale
[   16.199036] init: /vendor/etc/init/hw/init.qcom.rc: 912: ParseTriggers() failed: unexported property trigger found: sys.powerctl
[   16.199146] init: /vendor/etc/init/hw/init.qcom.rc: 948: ParseTriggers() failed: unexported property trigger found: crypto.driver.load
[   16.199527] init: /vendor/etc/init/hw/init.qcom.rc: 1047: ParseTriggers() failed: unexported property trigger found: persist.ims.regmanager.mode
[   16.199565] init: /vendor/etc/init/hw/init.qcom.rc: 1050: ParseTriggers() failed: unexported property trigger found: ro.data.large_tcp_window_size
[   16.199714] init: /vendor/etc/init/hw/init.qcom.rc: 1095: ParseTriggers() failed: unexported property trigger found: persist.usb.hvdcp.detect
[   16.199750] init: /vendor/etc/init/hw/init.qcom.rc: 1098: ParseTriggers() failed: unexported property trigger found: persist.usb.hvdcp.detect
[   16.199807] init: /vendor/etc/init/hw/init.qcom.rc: 1110: ParseTriggers() failed: unexported property trigger found: sys.qbcharger.enable
[   16.199842] init: /vendor/etc/init/hw/init.qcom.rc: 1113: ParseTriggers() failed: unexported property trigger found: sys.qbcharger.enable
[   16.199941] init: /vendor/etc/init/hw/init.qcom.rc: 1134: ParseTriggers() failed: unexported property trigger found: persist.sys.qlogd
[   16.199975] init: /vendor/etc/init/hw/init.qcom.rc: 1136: ParseTriggers() failed: unexported property trigger found: persist.sys.qlogd
[   16.200219] init: /vendor/etc/init/hw/init.qcom.rc: 1205: ParseTriggers() failed: unexported property trigger found: ro.logdumpd.enabled
[   16.200294] init: /vendor/etc/init/hw/init.qcom.rc: 1216: Unable to decode GID for 'rfs_shared': getpwnam failed: No such file or directory
[   16.200452] init: Parsing file /vendor/etc/init/hw/init.oem.rc...
[   16.202104] init: /vendor/etc/init/hw/init.oem.rc: 193: ParseTriggers() failed: unexported property trigger found: persist.sys.usb.config
[   16.202164] init: /vendor/etc/init/hw/init.oem.rc: 196: ParseTriggers() failed: unexported property trigger found: persist.sys.usb.config
[   16.202202] init: /vendor/etc/init/hw/init.oem.rc: 199: ParseTriggers() failed: unexported property trigger found: persist.sys.usb.config
[   16.202424] init: /vendor/etc/init/hw/init.oem.rc: 319: ParseTriggers() failed: unexported property trigger found: nfc.transmit.start
[   16.202460] init: /vendor/etc/init/hw/init.oem.rc: 322: ParseTriggers() failed: unexported property trigger found: nfc.transmit.start
[   16.202494] init: /vendor/etc/init/hw/init.oem.rc: 325: ParseTriggers() failed: unexported property trigger found: nfc.transmit.stop
[   16.202528] init: /vendor/etc/init/hw/init.oem.rc: 328: ParseTriggers() failed: unexported property trigger found: nfc.transmit.stop
[   16.202748] init: /vendor/etc/init/hw/init.oem.rc: 426: Invalid keyword '/*'
[   16.202775] init: /vendor/etc/init/hw/init.oem.rc: 429: Invalid keyword '/*'
[   16.202853] init: /vendor/etc/init/hw/init.oem.rc: 460: ParseTriggers() failed: unexported property trigger found: sys.fastcharger
[   16.202888] init: /vendor/etc/init/hw/init.oem.rc: 463: ParseTriggers() failed: unexported property trigger found: sys.fastcharger
[   16.202931] init: /vendor/etc/init/hw/init.oem.rc: 471: ignored duplicate definition of service 'bugreport'
[   16.202965] init: /vendor/etc/init/hw/init.oem.rc: 480: Invalid keyword 'md'
[   16.203032] init: /vendor/etc/init/hw/init.oem.rc: 493: ParseTriggers() failed: unexported property trigger found: persist.sys.oem.otg_support
[   16.203069] init: /vendor/etc/init/hw/init.oem.rc: 495: ParseTriggers() failed: unexported property trigger found: persist.sys.oem.otg_support
[   16.203115] init: /vendor/etc/init/hw/init.oem.rc: 507: ParseTriggers() failed: unexported property trigger found: persist.sys.systrace.enable
[   16.203152] init: /vendor/etc/init/hw/init.oem.rc: 509: ParseTriggers() failed: unexported property trigger found: persist.sys.systrace.enable
[   16.203294] init: /vendor/etc/init/hw/init.oem.rc: 584: ParseTriggers() failed: unexported property trigger found: net.tcpdump.enable
[   16.203329] init: /vendor/etc/init/hw/init.oem.rc: 587: ParseTriggers() failed: unexported property trigger found: net.tcpdump.enable
[   16.203426] init: /vendor/etc/init/hw/init.oem.rc: 618: ParseTriggers() failed: unexported property trigger found: persist.sys.gamemode.wifiboost
[   16.203462] init: /vendor/etc/init/hw/init.oem.rc: 621: ParseTriggers() failed: unexported property trigger found: persist.sys.gamemode.wifiboost
[   16.203497] init: /vendor/etc/init/hw/init.oem.rc: 624: ParseTriggers() failed: unexported property trigger found: persist.sys.gamemode.wifiboost
[   16.203560] init: /vendor/etc/init/hw/init.oem.rc: 645: ParseTriggers() failed: unexported property trigger found: persist.sys.oiface.enable
[   16.203596] init: /vendor/etc/init/hw/init.oem.rc: 648: ParseTriggers() failed: unexported property trigger found: persist.sys.oiface.enable
[   16.203633] init: /vendor/etc/init/hw/init.oem.rc: 651: ParseTriggers() failed: unexported property trigger found: persist.sys.oiface.enable
[   16.203796] init: Parsing file /vendor/etc/init/hw/init.oem.debug.rc...
[   16.204864] init: /vendor/etc/init/hw/init.oem.debug.rc: 24: ParseTriggers() failed: unexported property trigger found: persist.sys.assert.enable
[   16.204902] init: /vendor/etc/init/hw/init.oem.debug.rc: 31: ParseTriggers() failed: unexported property trigger found: sys.oem.long_pwr_dump
[   16.204938] init: /vendor/etc/init/hw/init.oem.debug.rc: 34: ParseTriggers() failed: unexported property trigger found: sys.oem.long_pwr_dump
[   16.205017] init: /vendor/etc/init/hw/init.oem.debug.rc: 57: ParseTriggers() failed: unexported property trigger found: sys.oem.aging_test
[   16.205055] init: /vendor/etc/init/hw/init.oem.debug.rc: 61: ParseTriggers() failed: unexported property trigger found: sys.oem.aging_test
[   16.205089] init: /vendor/etc/init/hw/init.oem.debug.rc: 64: ParseTriggers() failed: unexported property trigger found: sys.oem.dump.trigger
[   16.205123] init: /vendor/etc/init/hw/init.oem.debug.rc: 67: ParseTriggers() failed: unexported property trigger found: sys.oem.dtest
[   16.205157] init: /vendor/etc/init/hw/init.oem.debug.rc: 70: ParseTriggers() failed: unexported property trigger found: sys.oem.dtest
[   16.205244] init: Parsing file /vendor/etc/init/hw/init.qcom.usb.rc...
[   16.206476] init: /vendor/etc/init/hw/init.qcom.usb.rc: 29: ParseTriggers() failed: multiple event triggers are not allowed
[   16.209672] init: Parsing file /vendor/etc/init/hw/init.msm.usb.configfs.rc...
[   16.214048] init: Parsing file /vendor/etc/init/hw/init.target.rc...
[   16.215823] init: /vendor/etc/init/hw/init.target.rc: 438: ignored duplicate definition of service 'cnss_diag'
[   16.215985] init: /vendor/etc/init/hw/init.target.rc: 522: ParseTriggers() failed: unexported property trigger found: sys.srgb
[   16.216020] init: /vendor/etc/init/hw/init.target.rc: 524: ParseTriggers() failed: unexported property trigger found: sys.srgb
[   16.216054] init: /vendor/etc/init/hw/init.target.rc: 527: ParseTriggers() failed: unexported property trigger found: sys.dci3p
[   16.216088] init: /vendor/etc/init/hw/init.target.rc: 529: ParseTriggers() failed: unexported property trigger found: sys.dci3p
[   16.216122] init: /vendor/etc/init/hw/init.target.rc: 532: ParseTriggers() failed: unexported property trigger found: sys.hbm
[   16.216155] init: /vendor/etc/init/hw/init.target.rc: 534: ParseTriggers() failed: unexported property trigger found: sys.hbm
[   16.216188] init: /vendor/etc/init/hw/init.target.rc: 536: ParseTriggers() failed: unexported property trigger found: sys.hbm
[   16.216221] init: /vendor/etc/init/hw/init.target.rc: 538: ParseTriggers() failed: unexported property trigger found: sys.hbm
[   16.216255] init: /vendor/etc/init/hw/init.target.rc: 540: ParseTriggers() failed: unexported property trigger found: sys.hbm
[   16.216288] init: /vendor/etc/init/hw/init.target.rc: 542: ParseTriggers() failed: unexported property trigger found: sys.hbm
[   16.216322] init: /vendor/etc/init/hw/init.target.rc: 545: ParseTriggers() failed: unexported property trigger found: sys.aod
[   16.216355] init: /vendor/etc/init/hw/init.target.rc: 547: ParseTriggers() failed: unexported property trigger found: sys.aod
[   16.216387] init: /vendor/etc/init/hw/init.target.rc: 549: ParseTriggers() failed: unexported property trigger found: sys.aod
[   16.216419] init: /vendor/etc/init/hw/init.target.rc: 551: ParseTriggers() failed: unexported property trigger found: sys.aod
[   16.216453] init: /vendor/etc/init/hw/init.target.rc: 553: ParseTriggers() failed: unexported property trigger found: sys.aod
[   16.216487] init: /vendor/etc/init/hw/init.target.rc: 556: ParseTriggers() failed: unexported property trigger found: sys.night_mode
[   16.216521] init: /vendor/etc/init/hw/init.target.rc: 558: ParseTriggers() failed: unexported property trigger found: sys.night_mode
[   16.216555] init: /vendor/etc/init/hw/init.target.rc: 560: ParseTriggers() failed: unexported property trigger found: sys.default_mode
[   16.216589] init: /vendor/etc/init/hw/init.target.rc: 562: ParseTriggers() failed: unexported property trigger found: sys.default_mode
[   16.216624] init: /vendor/etc/init/hw/init.target.rc: 564: ParseTriggers() failed: unexported property trigger found: sys.automode
[   16.216658] init: /vendor/etc/init/hw/init.target.rc: 566: ParseTriggers() failed: unexported property trigger found: sys.automode
[   16.216736] init: /vendor/etc/init/hw/init.target.rc: 568: ParseTriggers() failed: unexported property trigger found: sys.aod.disable
[   16.216771] init: /vendor/etc/init/hw/init.target.rc: 570: ParseTriggers() failed: unexported property trigger found: sys.aod.disable
[   16.216817] init: Parsing file /vendor/etc/init/hw/init.qcom.factory.rc...
[   16.218319] init: Parsing file /vendor/etc/init/hw/init.qcom.test.rc...
[   16.218339] init: Unable to read config file '/vendor/etc/init/hw/init.qcom.test.rc': open() failed: No such file or directory
[   16.218371] init: /init.rc: 36: Could not import file '/vendor/etc/init/hw/init.qcom.test.rc': No such file or directory
[   16.218421] init: Parsing file /init.zygote64_32.rc...
[   16.218854] init: Parsing file /usr/libexec/droid-hybris/system/etc/init...
[   16.218872] init: Unable to read config file '/usr/libexec/droid-hybris/system/etc/init': open() failed: No such file or directory
[   16.218910] init: Parsing directory /system/etc/init...
[   16.219039] init: Parsing file /system/etc/init/android.hidl.allocator@1.0-service.rc...
[   16.219409] init: Parsing file /system/etc/init/android.system.net.netd@1.1-service.rc...
[   16.219705] init: Parsing file /system/etc/init/atrace.rc...
[   16.220693] init: Parsing file /system/etc/init/atrace_userdebug.rc...
[   16.221416] init: Parsing file /system/etc/init/blank_screen.rc...
[   16.221588] init: Parsing file /system/etc/init/bootanim.rc...
[   16.221748] init: Parsing file /system/etc/init/bootstat-debug.rc...
[   16.221894] init: Parsing file /system/etc/init/bootstat.rc...
[   16.222209] init: Parsing file /system/etc/init/camera_service.rc...
[   16.222394] init: Parsing file /system/etc/init/drmserver.rc...
[   16.222560] init: Parsing file /system/etc/init/dumpstate.rc...
[   16.223817] init: Parsing file /system/etc/init/fake_crypt.rc...
[   16.224161] init: Parsing file /system/etc/init/healthd.rc...
[   16.224314] init: Parsing file /system/etc/init/hwservicemanager.rc...
[   16.224508] init: Parsing file /system/etc/init/init-debug.rc...
[   16.224851] init: Parsing file /system/etc/init/init.disabled.rc...
[   16.225284] init: Parsing file /system/etc/init/init.gsi.rc...
[   16.225687] init: Added '/system/etc/init/gsi/init.vndk-28.rc' to import list
[   16.225809] init: Parsing file /system/etc/init/gsi/init.vndk-28.rc...
[   16.225837] init: Unable to read config file '/system/etc/init/gsi/init.vndk-28.rc': open() failed: No such file or directory
[   16.225885] init: /init.rc: 2: Could not import file '/system/etc/init/gsi/init.vndk-28.rc': No such file or directory
[   16.225923] init: Parsing file /system/etc/init/init.halium.rc...
[   16.226859] init: /system/etc/init/init.halium.rc: 47: ignored duplicate definition of service 'charger'
[   16.226902] init: Parsing file /system/etc/init/lmkd.rc...
[   16.227310] init: /system/etc/init/lmkd.rc: 1: ignored duplicate definition of service 'lmkd'
[   16.227349] init: Parsing file /system/etc/init/logd.rc...
[   16.227614] init: Parsing file /system/etc/init/logtagd.rc...
[   16.227769] init: Parsing file /system/etc/init/mediadrmserver.rc...
[   16.227924] init: Parsing file /system/etc/init/mediaextractor.rc...
[   16.228079] init: Parsing file /system/etc/init/servicemanager.rc...
[   16.228376] init: Parsing file /system/etc/init/storaged.rc...
[   16.228531] init: Parsing file /system/etc/init/surfaceflinger.rc...
[   16.228735] init: Parsing file /system/etc/init/thermalservice.rc...
[   16.228911] init: Parsing file /system/etc/init/tombstoned.rc...
[   16.229103] init: Parsing file /system/etc/init/usbd.rc...
[   16.229264] init: Parsing file /system/etc/init/vndservicemanager.rc...
[   16.230639] init: Parsing file /product/etc/init...
[   16.230669] init: Unable to read config file '/product/etc/init': open() failed: No such file or directory
[   16.230719] init: Parsing file /odm/etc/init...
[   16.230743] init: Unable to read config file '/odm/etc/init': open() failed: No such file or directory
[   16.230790] init: Parsing directory /vendor/etc/init...
[   16.231081] init: Parsing file /vendor/etc/init/android.hardware.audio@2.0-service.rc...
[   16.232131] init: /vendor/etc/init/android.hardware.audio@2.0-service.rc: 1: ignored duplicate definition of service 'vendor.audio-hal-2-0'
[   16.232177] init: Parsing file /vendor/etc/init/android.hardware.biometrics.fingerprint@2.1-service.rc...
[   16.232478] init: /vendor/etc/init/android.hardware.biometrics.fingerprint@2.1-service.rc: 1: ignored duplicate definition of service 'vendor.fps_hal'
[   16.232525] init: Parsing file /vendor/etc/init/android.hardware.bluetooth@1.0-service-qti.rc...
[   16.232824] init: Parsing file /vendor/etc/init/android.hardware.boot@1.0-service.rc...
[   16.233094] init: Parsing file /vendor/etc/init/android.hardware.camera.provider@2.4-service.rc...
[   16.233410] init: /vendor/etc/init/android.hardware.camera.provider@2.4-service.rc: 4: Unable to decode GID for 'sysfs_graphics': getpwnam failed: No such file or directory
[   16.233477] init: Parsing file /vendor/etc/init/android.hardware.cas@1.0-service.rc...
[   16.233751] init: Parsing file /vendor/etc/init/android.hardware.configstore@1.1-service.rc...
[   16.234018] init: Parsing file /vendor/etc/init/android.hardware.contexthub@1.0-service.rc...
[   16.234278] init: Parsing file /vendor/etc/init/android.hardware.drm@1.0-service.rc...
[   16.234546] init: Parsing file /vendor/etc/init/android.hardware.drm@1.1-service.clearkey.rc...
[   16.234841] init: Parsing file /vendor/etc/init/android.hardware.drm@1.1-service.widevine.rc...
[   16.235174] init: Parsing file /vendor/etc/init/android.hardware.gatekeeper@1.0-service-qti.rc...
[   16.235473] init: Parsing file /vendor/etc/init/android.hardware.graphics.composer@2.1-service.rc...
[   16.235763] init: Parsing file /vendor/etc/init/android.hardware.health@2.0-service.rc...
[   16.236022] init: Parsing file /vendor/etc/init/android.hardware.keymaster@3.0-service-qti.rc...
[   16.236285] init: Parsing file /vendor/etc/init/android.hardware.light@2.0-service.rc...
[   16.236831] init: Parsing file /vendor/etc/init/android.hardware.media.omx@1.0-service.rc...
[   16.237115] init: Parsing file /vendor/etc/init/android.hardware.memtrack@1.0-service.rc...
[   16.237372] init: Parsing file /vendor/etc/init/android.hardware.neuralnetworks@1.1-service-qti.rc...
[   16.237675] init: Parsing file /vendor/etc/init/android.hardware.nfc@1.1-service.rc...
[   16.237949] init: Parsing file /vendor/etc/init/android.hardware.power@1.0-service.rc...
[   16.238219] init: Parsing file /vendor/etc/init/android.hardware.secure_element@1.0-service.rc...
[   16.238492] init: Parsing file /vendor/etc/init/android.hardware.sensors@1.0-service.rc...
[   16.238807] init: Parsing file /vendor/etc/init/android.hardware.thermal@1.0-service.rc...
[   16.239086] init: Parsing file /vendor/etc/init/android.hardware.usb@1.0-service.rc...
[   16.239351] init: Parsing file /vendor/etc/init/android.hardware.vibrator@1.0-service.rc...
[   16.239605] init: Parsing file /vendor/etc/init/android.hardware.vr@1.0-service.rc...
[   16.239890] init: Parsing file /vendor/etc/init/android.hardware.wifi@1.0-service.rc...
[   16.240205] init: Parsing file /vendor/etc/init/com.qualcomm.qti.wifidisplayhal@1.0-service.rc...
[   16.240438] init: Parsing file /vendor/etc/init/hostapd.android.rc...
[   16.240879] init: /vendor/etc/init/hostapd.android.rc: 15: Interface 'android.hardware.wifi.hostapd@1.0::IHostapd/default' redefined in hostapd but is already defined by hostapd_fst
[   16.240938] init: Parsing file /vendor/etc/init/init.qti.fm.rc...
[   16.241206] init: Parsing file /vendor/etc/init/qcrild.rc...
[   16.241543] init: Parsing file /vendor/etc/init/vendor.display.color@1.0-service.rc...
[   16.241781] init: Parsing file /vendor/etc/init/vendor.oneplus.camera.CameraHIDL@1.0-service.rc...
[   16.242020] init: /vendor/etc/init/vendor.oneplus.camera.CameraHIDL@1.0-service.rc: 4: Unable to decode GID for 'sysfs_graphics': getpwnam failed: No such file or directory
[   16.242063] init: Parsing file /vendor/etc/init/vendor.oneplus.faceunlock.hal@1.0-service.rc...
[   16.242292] init: Parsing file /vendor/etc/init/vendor.oneplus.hardware.display@1.0-service.rc...
[   16.242518] init: /vendor/etc/init/vendor.oneplus.hardware.display@1.0-service.rc: 3: Unable to find UID for 'display': getpwnam failed: No such file or directory
[   16.242568] init: /vendor/etc/init/vendor.oneplus.hardware.display@1.0-service.rc: 4: Unable to decode GID for 'display': getpwnam failed: No such file or directory
[   16.242609] init: Parsing file /vendor/etc/init/vendor.oneplus.hardware.drmkey@1.0-service.rc...
[   16.242827] init: Parsing file /vendor/etc/init/vendor.oneplus.hardware.hdcpkey@1.0-service.rc...
[   16.243059] init: Parsing file /vendor/etc/init/vendor.oneplus.hardware.ifaa@2.0-service.rc...
[   16.243313] init: Parsing file /vendor/etc/init/vendor.oneplus.hardware.param@1.0-service.rc...
[   16.243605] init: Parsing file /vendor/etc/init/vendor.oneplus.hardware.rpmb@1.0-service.rc...
[   16.243850] init: Parsing file /vendor/etc/init/vendor.oneplus.hardware.wifi@1.0-service.rc...
[   16.244068] init: Parsing file /vendor/etc/init/vendor.qti.esepowermanager@1.0-service.rc...
[   16.244291] init: Parsing file /vendor/etc/init/vendor.qti.gnss@2.0-service.rc...
[   16.244514] init: Parsing file /vendor/etc/init/vendor.qti.hardware.alarm@1.0-service.rc...
[   16.244728] init: Parsing file /vendor/etc/init/vendor.qti.hardware.display.allocator@1.0-service.rc...
[   16.244955] init: Parsing file /vendor/etc/init/vendor.qti.hardware.iop@2.0-service.rc...
[   16.245172] init: Parsing file /vendor/etc/init/vendor.qti.hardware.perf@1.0-service.rc...
[   16.245419] init: Parsing file /vendor/etc/init/vendor.qti.hardware.qdutils_disp@1.0-service-qti.rc...
[   16.245662] init: Parsing file /vendor/etc/init/vendor.qti.hardware.qteeconnector@1.0-service.rc...
[   16.245888] init: Parsing file /vendor/etc/init/vendor.qti.hardware.sensorscalibrate@1.0-service.rc...
[   16.246112] init: Parsing file /vendor/etc/init/vendor.qti.hardware.soter@1.0-service.rc...
[   16.246340] init: Parsing file /vendor/etc/init/vendor.qti.hardware.tui_comm@1.0-service-qti.rc...
[   16.246557] init: Parsing file /vendor/etc/init/vndservicemanager.rc...
[   16.246786] init: /vendor/etc/init/vndservicemanager.rc: 1: ignored duplicate definition of service 'vndservicemanager'
[   16.246932] init: processing action (early-init) from (/init.rc:19)
[   16.252790] init: Command 'mkdir /acct/uid' action=early-init (/init.rc:34) took 0ms and failed: mkdir() failed: Read-only file system
[   16.252834] init: starting service 'ueventd'...
[   16.254638] init: processing action (early-init) from (/vendor/etc/init/hw/init.qcom.rc:38)
[   16.255101] init: Command 'chmod 0755 /sys/kernel/debug' action=early-init (/vendor/etc/init/hw/init.qcom.rc:40) took 0ms and failed: fchmodat() failed: Operation not permitted
[   16.255464] init: Command 'symlink /vendor/bt_firmware /bt_firmware' action=early-init (/vendor/etc/init/hw/init.qcom.rc:44) took 0ms and failed: symlink() failed: Read-only file system
[   16.257337] ueventd: ueventd started!
[   16.257578] init: starting service 'exec 1 (/vendor/bin/modprobe -a -d /vendor/lib/modules msm_11ad_proxy)'...
[   16.259050] init: SVC_EXEC pid 11 (uid 0 gid 0+0 context u:r:vendor_modprobe:s0) started; waiting...
[   16.265108] selinux: SELinux: Loaded file_contexts

[   16.265271] ueventd: Parsing file /ueventd.rc...
[   16.267508] ueventd: Parsing file /vendor/ueventd.rc...
[   16.270434] ueventd: Parsing file /odm/ueventd.rc...
[   16.270472] ueventd: Unable to read config file '/odm/ueventd.rc': open() failed: No such file or directory
[   16.270551] ueventd: Parsing file /ueventd.qcom.rc...
[   16.270580] ueventd: Unable to read config file '/ueventd.qcom.rc': open() failed: No such file or directory
[   16.321171] init: Service 'exec 1 (/vendor/bin/modprobe -a -d /vendor/lib/modules msm_11ad_proxy)' (pid 11) exited with status 1 waiting took 0.062000 seconds
[   16.321370] init: starting service 'exec 2 (/vendor/bin/modprobe -a -d /vendor/lib/modules-aging msm_11ad_proxy)'...
[   16.322196] init: SVC_EXEC pid 12 (uid 0 gid 0+0 context u:r:vendor_modprobe:s0) started; waiting...
[   16.331363] init: Service 'exec 2 (/vendor/bin/modprobe -a -d /vendor/lib/modules-aging msm_11ad_proxy)' (pid 12) exited with status 1 waiting took 0.009000 seconds
[   16.331488] init: processing action (early-init) from (/vendor/etc/init/hw/init.target.rc:30)
[   16.331806] init: starting service 'exec 3 (/vendor/bin/modprobe -a -d /vendor/lib/modules pinctrl-wcd wcd-dsp-glink snd-soc-wcd-spi snd-soc-sdm845)'...
[   16.332905] init: SVC_EXEC pid 13 (uid 0 gid 0+0 context u:r:vendor_modprobe:s0) started; waiting...
[   16.348654] pinctrl_wcd: disagrees about version of symbol module_layout
[   16.350117] wcd_dsp_glink: disagrees about version of symbol module_layout
[   16.351500] snd_soc_wcd_spi: disagrees about version of symbol module_layout
[   16.352222] wcd_core: disagrees about version of symbol module_layout
[   16.352844] init: Service 'exec 3 (/vendor/bin/modprobe -a -d /vendor/lib/modules pinctrl-wcd wcd-dsp-glink snd-soc-wcd-spi snd-soc-sdm845)' (pid 13) exited with status 1 waiting took 0.019000 seconds
[   16.353088] init: starting service 'exec 4 (/vendor/bin/modprobe -a -d /vendor/lib/modules-aging pinctrl-wcd wcd-dsp-glink snd-soc-wcd-spi snd-soc-sdm845)'...
[   16.353966] init: SVC_EXEC pid 14 (uid 0 gid 0+0 context u:r:vendor_modprobe:s0) started; waiting...
[   16.364125] pinctrl_wcd: disagrees about version of symbol module_layout
[   16.364649] wcd_dsp_glink: disagrees about version of symbol module_layout
[   16.365059] snd_soc_wcd_spi: disagrees about version of symbol module_layout
[   16.365756] wcd_core: disagrees about version of symbol module_layout
[   16.366397] init: Service 'exec 4 (/vendor/bin/modprobe -a -d /vendor/lib/modules-aging pinctrl-wcd wcd-dsp-glink snd-soc-wcd-spi snd-soc-sdm845)' (pid 14) exited with status 1 waiting took 0.012000 seconds
[   16.370146] init: Command 'mkdir /dsp 0771 media media' action=early-init (/vendor/etc/init/hw/init.target.rc:34) took 0ms and failed: fchmodat() failed: Read-only file system
[   16.370294] init: Command 'mkdir /firmware 0771 system system' action=early-init (/vendor/etc/init/hw/init.target.rc:35) took 0ms and failed: fchmodat() failed: Read-only file system
[   16.370423] init: Command 'mkdir /bt_firmware 0771 system system' action=early-init (/vendor/etc/init/hw/init.target.rc:36) took 0ms and failed: mkdir() failed: Read-only file system
[   16.370628] init: Command 'symlink /data/tombstones /tombstones' action=early-init (/vendor/etc/init/hw/init.target.rc:37) took 0ms and failed: symlink() failed: Read-only file system
[   16.370654] init: processing action (wait_for_coldboot_done) from (<Builtin Action>:0)
[   16.654203] FG: fg_psy_get_property: unsupported property 1
[   16.743515] ueventd: Cannot get SELinux label on '/dev/tty1' device: No data available
[   16.746194] ueventd: Cannot get SELinux label on '/dev/ptmx' device: Operation not supported on transport endpoint
[   16.746335] ueventd: Cannot get SELinux label on '/dev/console' device: Operation not supported on transport endpoint
[   16.748802] ueventd: Cannot get SELinux label on '/dev/kmsg' device: No data available
[   16.760298] ueventd: Cannot get SELinux label on '/dev/random' device: No data available
[   16.761984] ueventd: Cannot get SELinux label on '/dev/tty4' device: No data available
[   16.762164] ueventd: Cannot get SELinux label on '/dev/tty2' device: No data available
[   16.776520] ueventd: Cannot get SELinux label on '/dev/urandom' device: No data available
[   16.778410] ueventd: Cannot get SELinux label on '/dev/null' device: No data available
[   16.779755] ueventd: Cannot get SELinux label on '/dev/tty3' device: No data available
[   16.783855] ueventd: Coldboot took 0.511 seconds
[   16.787050] init: wait for '/dev/.coldboot_done' took 416ms
[   16.787092] init: Command 'wait_for_coldboot_done' action=wait_for_coldboot_done (<Builtin Action>:0) took 416ms and succeeded
[   16.787123] init: processing action (MixHwrngIntoLinuxRng) from (<Builtin Action>:0)
[   16.825564] init: Mixed 512 bytes from /dev/hw_random into /dev/urandom
[   16.825604] init: processing action (SetMmapRndBits) from (<Builtin Action>:0)
[   16.825756] init: processing action (SetKptrRestrict) from (<Builtin Action>:0)
[   16.825804] init: processing action (keychord_init) from (<Builtin Action>:0)
[   16.825839] keychord: using input dev qpnp_pon for fevent
[   16.825841] keychord: using input dev gf_input for fevent
[   16.825845] keychord: using input dev gpio-keys for fevent
[   16.825861] init: processing action (console_init) from (<Builtin Action>:0)
[   16.825900] init: processing action (init) from (/init.rc:38)
[   16.826543] init: Command 'loglevel 64' action=init (/init.rc:49) took 0ms and failed: invalid log level 64
[   16.832468] Registered swp emulation handler
[   16.833884] init: Command 'write /sys/class/leds/vibrator/trigger transient' action=init (/init.rc:264) took 1ms and failed: Unable to write to file '/sys/class/leds/vibrator/trigger': Unable to write file contents: Invalid argument
[   16.834061] init: processing action (init) from (/init.environ.rc:2)
[   16.834085] init: processing action (init) from (/vendor/etc/init/hw/init.qcom.rc:59)
[   16.834937] init: Command 'symlink /sdcard /storage/sdcard0' action=init (/vendor/etc/init/hw/init.qcom.rc:63) took 0ms and failed: symlink() failed: Read-only file system
[   16.836632] init: processing action (init) from (/vendor/etc/init/hw/init.oem.rc:226)
[   16.837315] init: processing action (init) from (/vendor/etc/init/hw/init.target.rc:39)
[   16.839570] init: processing action (init) from (/system/etc/init/init.halium.rc:28)
[   16.839620] init: starting service 'exec 5 (/system/bin/vndk-detect)'...
[   16.840969] init: SVC_EXEC pid 23 (uid 0 gid 0+0 context default) started; waiting...
[   16.865684] init: Service 'exec 5 (/system/bin/vndk-detect)' (pid 23) exited with status 0 waiting took 0.024000 seconds
[   16.865736] init: processing action (StartBoringSslSelfTest) from (<Builtin Action>:0)
[   16.867499] init: processing action (MixHwrngIntoLinuxRng) from (<Builtin Action>:0)
[   16.922720] init: Mixed 512 bytes from /dev/hw_random into /dev/urandom
[   16.922747] init: Command 'MixHwrngIntoLinuxRng' action=MixHwrngIntoLinuxRng (<Builtin Action>:0) took 55ms and succeeded
[   16.922784] init: Untracked pid 30 exited with status 0
[   16.922824] init: processing action (late-init) from (/init.rc:287)
[   16.922851] init: processing action (late-init) from (/system/etc/init/atrace.rc:3)
[   16.923878] init: processing action (queue_property_triggers) from (<Builtin Action>:0)
[   16.923905] init: processing action (ready) from (/init.rc:795)
[   16.923946] init: starting service 'droid_init_done'...
[   16.924883] init: processing action (fs) from (/vendor/etc/init/hw/init.target.rc:49)
[   16.924989] init: wait for '/dev/block/platform/soc/1d84000.ufshc' took 0ms
[   16.925372] init: Parsing file /usr/libexec/droid-hybris/system/etc/init...
[   16.925387] init: Unable to read config file '/usr/libexec/droid-hybris/system/etc/init': open() failed: No such file or directory
[   16.925412] init: Parsing file /product/etc/init...
[   16.925418] init: Unable to read config file '/product/etc/init': open() failed: No such file or directory
[   16.925430] init: Parsing file /odm/etc/init...
[   16.925435] init: Unable to read config file '/odm/etc/init': open() failed: No such file or directory
[   16.926993] init: [libfs_mgr]Unable to open zram conf comp device /sys/block/zram0/max_comp_streams
[   16.927029] init: Command 'swapon_all /vendor/etc/fstab.qcom' action=fs (/vendor/etc/init/hw/init.target.rc:55) took 0ms and failed: fs_mgr_swapon_all() failed
[   16.927678] init: processing action (fs) from (/system/etc/init/logd.rc:18)
[   16.927844] init: processing action (post-fs) from (/init.rc:320)
[   16.928009] init: Unable to set property 'ro.adb.secure' to '0' in property file '/system/build.prop': Read-only property was already set
[   16.928074] init: Unable to set property '' to '' in property file '/system/build.prop': Illegal property name
[   16.928098] init: Couldn't load property file '/odm/build.prop': open() failed: No such file or directory: No such file or directory
[   16.928725] init: Couldn't load property file '/factory/factory.prop': open() failed: No such file or directory: No such file or directory
[   16.928749] init: Couldn't load property file '/system/etc/halium.prop': open() failed: No such file or directory: No such file or directory
[   16.929002] init: /recovery not specified in fstab
[   16.929046] init: starting service 'logd'...
[   16.930047] init: starting service 'servicemanager'...
[   16.930960] init: Created socket '/dev/socket/logd', mode 666, user 1036, group 1036
[   16.931036] init: starting service 'hwservicemanager'...
[   16.931068] init: Created socket '/dev/socket/logdr', mode 666, user 1036, group 1036
[   16.931299] init: Created socket '/dev/socket/logdw', mode 222, user 1036, group 1036
[   16.931572] init: Opened file '/proc/kmsg', flags 0
[   16.931668] init: Opened file '/dev/kmsg', flags 1
[   16.931795] init: starting service 'vndservicemanager'...
[   16.935346] init: Command 'mkdir /metadata/vold' action=post-fs (/init.rc:382) took 1ms and failed: mkdir() failed: Read-only file system
[   16.935406] init: processing action (post-fs) from (/vendor/etc/init/hw/init.qcom.rc:72)
[   16.935819] init: processing action (post-fs) from (/vendor/etc/init/hw/init.oem.rc:384)
[   16.937211] init: Service 'droid_init_done' (pid 31) exited with status 127
[   16.943110] ufshcd-qcom 1d84000.ufshc: ufshcd_ioctl: User buffer is NULL!
[   16.943380] ufshcd-qcom 1d84000.ufshc: ufshcd_ioctl: User buffer is NULL!
[   16.945620] ufshcd-qcom 1d84000.ufshc: ufshcd_ioctl: User buffer is NULL!
[   16.945803] ufshcd-qcom 1d84000.ufshc: ufshcd_ioctl: User buffer is NULL!
[   16.947252] ufshcd-qcom 1d84000.ufshc: ufshcd_ioctl: User buffer is NULL!
[   16.949354] init: processing action (post-fs) from (/vendor/etc/init/hw/init.target.rc:62)
[   16.949459] init: starting service 'vendor.qseecomd'...
[   16.950669] init: starting service 'exec 6 (/vendor/bin/init.qti.qseecomd.sh)'...
[   16.951580] init: SVC_EXEC pid 38 (uid 1000 gid 1000+0 context default) started; waiting...
[   16.954569] logd.auditd: start
[   16.954584] logd.klogd: 16954565905
[   16.960543] ufshcd-qcom 1d84000.ufshc: ufshcd_ioctl: User buffer is NULL!
[   16.994734] binder: 1385:1385 ioctl 4018620d 7fc1900420 returned -22
[   17.015760] ufshcd-qcom 1d84000.ufshc: ufshcd_ioctl: User buffer is NULL!
[   17.020376] ufshcd-qcom 1d84000.ufshc: ufshcd_ioctl: User buffer is NULL!
[   17.022758] ufshcd-qcom 1d84000.ufshc: ufshcd_ioctl: User buffer is NULL!
[   17.024319] ufshcd-qcom 1d84000.ufshc: ufshcd_ioctl: User buffer is NULL!
[   17.024589] ufshcd-qcom 1d84000.ufshc: ufshcd_ioctl: User buffer is NULL!
[   17.031155] ufshcd-qcom 1d84000.ufshc: ufshcd_ioctl: User buffer is NULL!
[   17.031226] ufshcd-qcom 1d84000.ufshc: ufshcd_ioctl: User buffer is NULL!
[   17.031844] ufshcd-qcom 1d84000.ufshc: ufshcd_ioctl: User buffer is NULL!
[   17.033699] ufshcd-qcom 1d84000.ufshc: ufshcd_ioctl: User buffer is NULL!
[   17.034285] ufshcd-qcom 1d84000.ufshc: ufshcd_ioctl: User buffer is NULL!
[   17.036586] ufshcd-qcom 1d84000.ufshc: ufshcd_ioctl: User buffer is NULL!
[   17.036753] ufshcd-qcom 1d84000.ufshc: ufshcd_ioctl: User buffer is NULL!
[   17.037224] ufshcd-qcom 1d84000.ufshc: ufshcd_ioctl: User buffer is NULL!
[   17.039097] ufshcd-qcom 1d84000.ufshc: ufshcd_ioctl: User buffer is NULL!
[   17.043930] ufshcd-qcom 1d84000.ufshc: ufshcd_ioctl: User buffer is NULL!
[   17.045848] ufshcd-qcom 1d84000.ufshc: ufshcd_ioctl: User buffer is NULL!
[   17.046143] ufshcd-qcom 1d84000.ufshc: ufshcd_ioctl: User buffer is NULL!
[   17.047209] ufshcd-qcom 1d84000.ufshc: ufshcd_ioctl: User buffer is NULL!
[   17.047759] ufshcd-qcom 1d84000.ufshc: ufshcd_ioctl: User buffer is NULL!
[   17.047764] ufshcd-qcom 1d84000.ufshc: ufshcd_ioctl: User buffer is NULL!
[   17.048559] QSEECOM: qseecom_register_listener: Service 8192 is registered
[   17.048974] QSEECOM: qseecom_register_listener: Service 12288 is registered
[   17.049489] QSEECOM: qseecom_register_listener: Service 16384 is registered
[   17.049677] ufshcd-qcom 1d84000.ufshc: ufshcd_ioctl: User buffer is NULL!
[   17.050525] ufshcd-qcom 1d84000.ufshc: ufshcd_ioctl: User buffer is NULL!
[   17.052990] ufshcd-qcom 1d84000.ufshc: ufshcd_ioctl: User buffer is NULL!
[   17.053269] ufshcd-qcom 1d84000.ufshc: ufshcd_ioctl: User buffer is NULL!
[   17.053482] ufshcd-qcom 1d84000.ufshc: ufshcd_ioctl: User buffer is NULL!
[   17.054222] ufshcd-qcom 1d84000.ufshc: ufshcd_ioctl: User buffer is NULL!
[   17.054283] ufshcd-qcom 1d84000.ufshc: ufshcd_ioctl: User buffer is NULL!
[   17.055503] ufshcd-qcom 1d84000.ufshc: ufshcd_ioctl: User buffer is NULL!
[   17.056214] ufshcd-qcom 1d84000.ufshc: ufshcd_ioctl: User buffer is NULL!
[   17.056454] ufshcd-qcom 1d84000.ufshc: ufshcd_ioctl: User buffer is NULL!
[   17.057946] QSEECOM: qseecom_register_listener: Service 11 is registered
[   17.058596] QSEECOM: qseecom_register_listener: Service 10 is registered
[   17.058693] ufshcd-qcom 1d84000.ufshc: ufshcd_ioctl: User buffer is NULL!
[   17.059206] ufshcd-qcom 1d84000.ufshc: ufshcd_ioctl: User buffer is NULL!
[   17.059366] ufshcd-qcom 1d84000.ufshc: ufshcd_ioctl: User buffer is NULL!
[   17.060132] QSEECOM: qseecom_register_listener: Service 28672 is registered
[   17.060531] ufshcd-qcom 1d84000.ufshc: ufshcd_ioctl: User buffer is NULL!
[   17.061704] ufshcd-qcom 1d84000.ufshc: ufshcd_ioctl: User buffer is NULL!
[   17.061755] ufshcd-qcom 1d84000.ufshc: ufshcd_ioctl: User buffer is NULL!
[   17.062033] ufshcd-qcom 1d84000.ufshc: ufshcd_ioctl: User buffer is NULL!
[   17.062521] ufshcd-qcom 1d84000.ufshc: ufshcd_ioctl: User buffer is NULL!
[   17.062776] ufshcd-qcom 1d84000.ufshc: ufshcd_ioctl: User buffer is NULL!
[   17.063246] QSEECOM: qseecom_register_listener: Service 36864 is registered
[   17.065156] ufshcd-qcom 1d84000.ufshc: ufshcd_ioctl: User buffer is NULL!
[   17.065258] ufshcd-qcom 1d84000.ufshc: ufshcd_ioctl: User buffer is NULL!
[   17.065281] QSEECOM: qseecom_register_listener: Service 45056 is registered
[   17.067895] ufshcd-qcom 1d84000.ufshc: ufshcd_ioctl: User buffer is NULL!
[   17.068138] QSEECOM: qseecom_register_listener: Service 4352 is registered
[   17.071305] ufshcd-qcom 1d84000.ufshc: ufshcd_ioctl: User buffer is NULL!
[   17.071630] ufshcd-qcom 1d84000.ufshc: ufshcd_ioctl: User buffer is NULL!
[   17.072142] ufshcd-qcom 1d84000.ufshc: ufshcd_ioctl: User buffer is NULL!
[   17.073205] ufshcd-qcom 1d84000.ufshc: ufshcd_ioctl: User buffer is NULL!
[   17.073544] ufshcd-qcom 1d84000.ufshc: ufshcd_ioctl: User buffer is NULL!
[   17.073651] ufshcd-qcom 1d84000.ufshc: ufshcd_ioctl: User buffer is NULL!
[   17.075522] ufshcd-qcom 1d84000.ufshc: ufshcd_ioctl: User buffer is NULL!
[   17.078332] ufshcd-qcom 1d84000.ufshc: ufshcd_ioctl: User buffer is NULL!
[   17.079104] ufshcd-qcom 1d84000.ufshc: ufshcd_ioctl: User buffer is NULL!
[   17.081195] ufshcd-qcom 1d84000.ufshc: ufshcd_ioctl: User buffer is NULL!
[   17.081788] init: Service 'exec 6 (/vendor/bin/init.qti.qseecomd.sh)' (pid 38) exited with status 0 waiting took 0.130000 seconds
[   17.082118] IPA smmu_info.s1_bypass_arr[AP]=1 smmu_info.fast_map=0
[   17.082379] init: processing action (post-fs) from (/system/etc/init/atrace_userdebug.rc:7)
[   17.082481] init: processing action (late-fs) from (/init.rc:385)
[   17.082541] init: starting service 'settingsd_HYBRIS'...
[   17.082614] ufshcd-qcom 1d84000.ufshc: ufshcd_ioctl: User buffer is NULL!
[   17.082894] ufshcd-qcom 1d84000.ufshc: ufshcd_ioctl: User buffer is NULL!
[   17.083746] init: Created socket '/dev/socket/settingsd', mode 600, user 1001, group 1001
[   17.083810] init: starting service 'vendor.boot-hal-1-0'...
[   17.084561] init: starting service 'gatekeeper-1-0'...
[   17.084765] ufshcd-qcom 1d84000.ufshc: ufshcd_ioctl: User buffer is NULL!
[   17.085269] init: starting service 'keymaster-3-0'...
[   17.085893] ufshcd-qcom 1d84000.ufshc: ufshcd_ioctl: User buffer is NULL!
[   17.086018] init: Command 'exec_start update_verifier_nonencrypted' action=late-fs (/init.rc:395) took 0ms and failed: Service not found
[   17.086058] init: processing action (post-fs-data) from (/init.rc:397)
[   17.087020] ufshcd-qcom 1d84000.ufshc: ufshcd_ioctl: User buffer is NULL!
[   17.087930] IPA smmu_info.s1_bypass_arr[WLAN]=1 smmu_info.fast_map=0
[   17.088160] IPA smmu_info.s1_bypass_arr[UC]=1 smmu_info.fast_map=0
[   17.088646] ipa ipa3_uc_state_check:284 uC interface not initialized
[   17.090742] ufshcd-qcom 1d84000.ufshc: ufshcd_ioctl: User buffer is NULL!
[   17.093550] ufshcd-qcom 1d84000.ufshc: ufshcd_ioctl: User buffer is NULL!
[   17.093995] ufshcd-qcom 1d84000.ufshc: ufshcd_ioctl: User buffer is NULL!
[   17.094950] ufshcd-qcom 1d84000.ufshc: ufshcd_ioctl: User buffer is NULL!
[   17.095001] ueventd: firmware: loading 'ipa_fws.mdt' for '/devices/platform/soc/soc:qcom,ipa_fws/firmware/ipa_fws.mdt'
[   17.095016] init: Service 'settingsd_HYBRIS' (pid 56) exited with status 1
[   17.095534] ufshcd-qcom 1d84000.ufshc: ufshcd_ioctl: User buffer is NULL!
[   17.095965] ueventd: loading /devices/platform/soc/soc:qcom,ipa_fws/firmware/ipa_fws.mdt took 1ms
[   17.096055] subsys-pil-tz soc:qcom,ipa_fws: ipa_fws: loading from 0x000000008c400000 to 0x000000008c405000
[   17.096243] ufshcd-qcom 1d84000.ufshc: ufshcd_ioctl: User buffer is NULL!
[   17.096954] ufshcd-qcom 1d84000.ufshc: ufshcd_ioctl: User buffer is NULL!
[   17.097215] ufshcd-qcom 1d84000.ufshc: ufshcd_ioctl: User buffer is NULL!
[   17.097236] ufshcd-qcom 1d84000.ufshc: ufshcd_ioctl: User buffer is NULL!
[   17.098945] ufshcd-qcom 1d84000.ufshc: ufshcd_ioctl: User buffer is NULL!
[   17.104169] ufshcd-qcom 1d84000.ufshc: ufshcd_ioctl: User buffer is NULL!
[   17.106866] ufshcd-qcom 1d84000.ufshc: ufshcd_ioctl: User buffer is NULL!
[   17.107611] ufshcd-qcom 1d84000.ufshc: ufshcd_ioctl: User buffer is NULL!
[   17.108380] ufshcd-qcom 1d84000.ufshc: ufshcd_ioctl: User buffer is NULL!
[   17.111526] ufshcd-qcom 1d84000.ufshc: ufshcd_ioctl: User buffer is NULL!
[   17.111557] ufshcd-qcom 1d84000.ufshc: ufshcd_ioctl: User buffer is NULL!
[   17.112234] ufshcd-qcom 1d84000.ufshc: ufshcd_ioctl: User buffer is NULL!
[   17.115395] ufshcd-qcom 1d84000.ufshc: ufshcd_ioctl: User buffer is NULL!
[   17.115559] ufshcd-qcom 1d84000.ufshc: ufshcd_ioctl: User buffer is NULL!
[   17.117592] ufshcd-qcom 1d84000.ufshc: ufshcd_ioctl: User buffer is NULL!
[   17.119519] ufshcd-qcom 1d84000.ufshc: ufshcd_ioctl: User buffer is NULL!
[   17.120310] ufshcd-qcom 1d84000.ufshc: ufshcd_ioctl: User buffer is NULL!
[   17.121575] ufshcd-qcom 1d84000.ufshc: ufshcd_ioctl: User buffer is NULL!
[   17.123119] ufshcd-qcom 1d84000.ufshc: ufshcd_ioctl: User buffer is NULL!
[   17.124584] ufshcd-qcom 1d84000.ufshc: ufshcd_ioctl: User buffer is NULL!
[   17.124696] ufshcd-qcom 1d84000.ufshc: ufshcd_ioctl: User buffer is NULL!
[   17.125179] ufshcd-qcom 1d84000.ufshc: ufshcd_ioctl: User buffer is NULL!
[   17.126201] ufshcd-qcom 1d84000.ufshc: ufshcd_ioctl: User buffer is NULL!
[   17.127354] init: starting service 'exec 7 (/system/bin/tzdatacheck /system/usr/share/zoneinfo /data/misc/zoneinfo)'...
[   17.127654] ufshcd-qcom 1d84000.ufshc: ufshcd_ioctl: User buffer is NULL!
[   17.128301] init: SVC_EXEC pid 61 (uid 1000 gid 1000+0 context default) started; waiting...
[   17.131354] ufshcd-qcom 1d84000.ufshc: ufshcd_ioctl: User buffer is NULL!
[   17.135170] init: Service 'exec 7 (/system/bin/tzdatacheck /system/usr/share/zoneinfo /data/misc/zoneinfo)' (pid 61) exited with status 0 waiting took 0.006000 seconds
[   17.135221] init: processing action (post-fs-data) from (/vendor/etc/init/hw/init.qcom.rc:274)
[   17.135635] ufshcd-qcom 1d84000.ufshc: ufshcd_ioctl: User buffer is NULL!
[   17.139229] ufshcd-qcom 1d84000.ufshc: ufshcd_ioctl: User buffer is NULL!
[   17.139597] ueventd: firmware: loading 'ipa_fws.b02' for '/devices/platform/soc/soc:qcom,ipa_fws/firmware/ipa_fws.b02'
[   17.140122] ufshcd-qcom 1d84000.ufshc: ufshcd_ioctl: User buffer is NULL!
[   17.140969] ufshcd-qcom 1d84000.ufshc: ufshcd_ioctl: User buffer is NULL!
[   17.141668] ueventd: loading /devices/platform/soc/soc:qcom,ipa_fws/firmware/ipa_fws.b02 took 2ms
[   17.141887] ueventd: firmware: loading 'ipa_fws.b03' for '/devices/platform/soc/soc:qcom,ipa_fws/firmware/ipa_fws.b03'
[   17.142132] ufshcd-qcom 1d84000.ufshc: ufshcd_ioctl: User buffer is NULL!
[   17.142569] ueventd: loading /devices/platform/soc/soc:qcom,ipa_fws/firmware/ipa_fws.b03 took 0ms
[   17.144988] ueventd: firmware: loading 'ipa_fws.b04' for '/devices/platform/soc/soc:qcom,ipa_fws/firmware/ipa_fws.b04'
[   17.145433] ueventd: loading /devices/platform/soc/soc:qcom,ipa_fws/firmware/ipa_fws.b04 took 0ms
[   17.145886] init: Command 'chown root system /persist' action=post-fs-data (/vendor/etc/init/hw/init.qcom.rc:372) took 0ms and failed: lchown() failed: Read-only file system
[   17.145941] init: Command 'chmod 0771 /persist' action=post-fs-data (/vendor/etc/init/hw/init.qcom.rc:373) took 0ms and failed: fchmodat() failed: Read-only file system
[   17.147352] ufshcd-qcom 1d84000.ufshc: ufshcd_ioctl: User buffer is NULL!
[   17.147607] ufshcd-qcom 1d84000.ufshc: ufshcd_ioctl: User buffer is NULL!
[   17.147710] subsys-pil-tz soc:qcom,ipa_fws: ipa_fws: Brought out of reset
[   17.147742] ipa ipa3_uc_state_check:284 uC interface not initialized
[   17.148491] IPA FW loaded successfully
[   17.148911] ipa ipa3_uc_state_check:284 uC interface not initialized
[   17.149561] CHRDEV "ipaNatTable" major number 222 goes below the dynamic allocation range
[   17.149887] ufshcd-qcom 1d84000.ufshc: ufshcd_ioctl: User buffer is NULL!
[   17.150797] ufshcd-qcom 1d84000.ufshc: ufshcd_ioctl: User buffer is NULL!
[   17.151283] ipa ipa3_set_resorce_groups_min_max_limits:4956 skip configuring ipa_rx_hps_clients from HLOS
[   17.151608] ufshcd-qcom 1d84000.ufshc: ufshcd_ioctl: User buffer is NULL!
[   17.154207] gsi soc:qcom,msm_gsi: gsi_register_device:839 GSI irq is wake enabled 106
[   17.158189] ufshcd-qcom 1d84000.ufshc: ufshcd_ioctl: User buffer is NULL!
[   17.158397] init: processing action (post-fs-data) from (/vendor/etc/init/hw/init.oem.rc:26)
[   17.162133] ufshcd-qcom 1d84000.ufshc: ufshcd_ioctl: User buffer is NULL!
[   17.162765] init: Command 'mkdir /persist/hdcp 775 media mediadrm' action=post-fs-data (/vendor/etc/init/hw/init.oem.rc:52) took 0ms and failed: mkdir() failed: Read-only file system
[   17.163860] opchain: disagrees about version of symbol module_layout
[   17.163912] init: Command 'insmod /vendor/lib/modules/opchain.ko' action=post-fs-data (/vendor/etc/init/hw/init.oem.rc:57) took 0ms and failed: finit_module for "/vendor/lib/modules/opchain.ko" failed: Exec format error
[   17.164284] opchain: disagrees about version of symbol module_layout
[   17.164327] init: Command 'insmod /vendor/lib/modules-aging/opchain.ko' action=post-fs-data (/vendor/etc/init/hw/init.oem.rc:58) took 0ms and failed: finit_module for "/vendor/lib/modules-aging/opchain.ko" failed: Exec format error
[   17.164336] init: processing action (post-fs-data) from (/vendor/etc/init/hw/init.oem.debug.rc:20)
[   17.164457] ufshcd-qcom 1d84000.ufshc: ufshcd_ioctl: User buffer is NULL!
[   17.164714] init: processing action (post-fs-data) from (/vendor/etc/init/hw/init.target.rc:76)
[   17.164867] init: starting service 'self-init'...
[   17.166964] init: processing action (post-fs-data) from (/system/etc/init/bootstat.rc:7)
[   17.168272] init: processing action (post-fs-data) from (/system/etc/init/init.halium.rc:31)
[   17.168314] init: starting service 'exec 8 (/system/bin/on-post-data.sh)'...
[   17.170740] init: SVC_EXEC pid 68 (uid 0 gid 0+0 context default) started; waiting...
[   17.173783] CHRDEV "ipa_tethering_bridge" major number 221 goes below the dynamic allocation range
[   17.174318] ufshcd-qcom 1d84000.ufshc: ufshcd_ioctl: User buffer is NULL!
[   17.175036] ufshcd-qcom 1d84000.ufshc: ufshcd_ioctl: User buffer is NULL!
[   17.176013] ufshcd-qcom 1d84000.ufshc: ufshcd_ioctl: User buffer is NULL!
[   17.176944] IPA driver initialization was successful.
[   17.176955] rmnet_ipa3 started initialization
[   17.176959] IPA SSR support = True
[   17.176961] IPA ipa-loaduC = True
[   17.176962] IPA SG support = True
[   17.176964] IPA Napi Enable = True
[   17.176968] using default for wan-rx-desc-size = 256
[   17.178675] CHRDEV "wwan_ioctl" major number 220 goes below the dynamic allocation range
[   17.179992] rmnet_ipa completed initialization
[   17.186067] ptrace attach of "/vendor/bin/hw/android.hardware.keymaster@3.0-service-qti"[1474] was attempted by "crash_dump64 59 62 1"[1464]
[   17.193441] init: Service 'self-init' (pid 67) exited with status 0
[   17.203194] logd: logdr: UID=1000 GID=1000 PID=69 n tail=50 logMask=8 pid=59 start=0ns timeout=0ns
[   17.204383] logd: logdr: UID=1000 GID=1000 PID=69 n tail=50 logMask=1 pid=59 start=0ns timeout=0ns
[   17.206575] logd: logdr: UID=1000 GID=1000 PID=69 n tail=0 logMask=8 pid=59 start=0ns timeout=0ns
[   17.207258] logd: logdr: UID=1000 GID=1000 PID=69 n tail=0 logMask=1 pid=59 start=0ns timeout=0ns
[   17.213443] init: Untracked pid 69 exited with status 0
[   17.213468] init: Untracked pid 72 exited with status 0
[   17.213523] init: Service 'keymaster-3-0' (pid 59) received signal 6
[   17.213534] init: Sending signal 9 to service 'keymaster-3-0' (pid 59) process group... HYBRIS: killing PID instead of process group.
[   17.217516] SMBLIB: op_get_aicl_work: AICL result=1475mA
[   17.219914] SMBLIB: op_get_aicl_work: AICL result=1375mA
[   17.219953] SMBLIB: op_get_aicl_work: AICL result=1350mA
[   17.219976] SMBLIB: op_get_aicl_work: AICL result=1325mA
[   17.220058] SMBLIB: op_get_aicl_work: AICL result=1325mA
[   17.226813] ipa ipa3_uc_state_check:289 uC is not loaded
[   17.590422] init: Service 'exec 8 (/system/bin/on-post-data.sh)' (pid 68) exited with status 0 waiting took 0.419000 seconds
[   17.593449] init: processing action (post-fs-data) from (/system/etc/init/logtagd.rc:4)
[   17.593742] init: processing action (post-fs-data) from (/vendor/etc/init/hostapd.android.rc:9)
[   17.594272] init: processing action (post-fs-data) from (/vendor/etc/init/vendor.oneplus.faceunlock.hal@1.0-service.rc:7)
[   17.594710] init: processing action (ro.crypto.state=unencrypted && zygote-start) from (/init.rc:576)
[   17.594728] init: Command 'start netd' action=ro.crypto.state=unencrypted && zygote-start (/init.rc:577) took 0ms and failed: service netd not found
[   17.594783] init: processing action (load_persist_props_action) from (/init.rc:277)
[   17.598073] init: starting service 'logd-reinit'...
[   17.601596] init: processing action (load_persist_props_action) from (/vendor/etc/init/hw/init.qcom.usb.rc:114)
[   17.601990] init: processing action (firmware_mounts_complete) from (/init.rc:283)
[   17.602018] init: processing action (early-boot) from (/vendor/etc/init/hw/init.qcom.rc:75)
[   17.602654] subsys-pil-tz 17300000.qcom,lpass: adsp: loading from 0x000000008c500000 to 0x000000008df00000
[   17.603672] subsys-pil-tz 8300000.qcom,turing: cdsp: loading from 0x0000000095d00000 to 0x0000000096500000
[   17.613733] subsys-restart: __subsystem_get(): Changing subsys fw_name to slpi
[   17.614449] subsys-pil-tz 5c00000.qcom,ssc: slpi: loading from 0x0000000096700000 to 0x0000000097880000
[   17.615479] logd.daemon: reinit
[   17.615917] logd: /data/misc/logd/event-log-tags missing, damaged or truncated; rebuilt
[   17.615975] logd: Multiple tag 3174390323 sysui_multi_action (content|4) /data/misc/logd/event-log-tags
[   17.616384] using random self ethernet address
[   17.616385] using random host ethernet address
[   17.616860] rndis0: HOST MAC 56:be:91:31:a3:7c
[   17.617896] init: starting service 'exec 9 (/vendor/bin/init.qcom.early_boot.sh)'...
[   17.618788] init: SVC_EXEC pid 129 (uid 0 gid 0+0 context u:r:qti_init_shell:s0) started; waiting...
[   17.618830] init: Service 'logd-reinit' (pid 128) exited with status 0
[   17.620696] rndis0: MAC 76:5b:4a:93:39:85
[   17.627953] [RMNET:HI] rmnet_config_notify_cb(): Kernel is trying to unregister rndis0
[   17.651070] [RMNET:HI] rmnet_config_notify_cb(): Kernel is trying to unregister rndis0
[   17.652977] audit_printk_skb: 390 callbacks suppressed
[   17.652979] audit: type=1400 audit(1785006761.670:142): apparmor="STATUS" operation="profile_load" profile="unconfined" name="filemanager.ubports_filemanager_1.1.4" pid=1606 comm="apparmor_parser"
[   17.664766] audit: type=1400 audit(1785006761.683:143): apparmor="STATUS" operation="profile_load" profile="unconfined" name="calendar.ubports_calendar-helper_1.2.0" pid=1601 comm="apparmor_parser"
[   17.665084] audit: type=1400 audit(1785006761.683:144): apparmor="STATUS" operation="profile_load" profile="unconfined" name="clock.ubports_clock_4.1.1" pid=1605 comm="apparmor_parser"
[   17.667598] audit: type=1400 audit(1785006761.686:145): apparmor="STATUS" operation="profile_load" profile="unconfined" name="camera.ubports_barcode-reader_4.1.1" pid=1603 comm="apparmor_parser"
[   17.672107] audit: type=1400 audit(1785006761.690:146): apparmor="STATUS" operation="profile_load" profile="unconfined" name="calendar.ubports_calendar_1.2.0" pid=1602 comm="apparmor_parser"
[   17.673249] audit: type=1400 audit(1785006761.690:147): apparmor="STATUS" operation="profile_load" profile="unconfined" name="gallery.ubports_gallery_3.1.1" pid=1607 comm="apparmor_parser"
[   17.681676] audit: type=1400 audit(1785006761.700:148): apparmor="STATUS" operation="profile_load" profile="unconfined" name="music.ubports_music_3.3.0" pid=1610 comm="apparmor_parser"
[   17.682010] audit: type=1400 audit(1785006761.700:149): apparmor="STATUS" operation="profile_load" profile="unconfined" name="calculator.ubports_calculator_4.1.0" pid=1600 comm="apparmor_parser"
[   17.685011] audit: type=1400 audit(1785006761.703:150): apparmor="STATUS" operation="profile_load" profile="unconfined" name="terminal.ubports_terminal_2.0.6" pid=1636 comm="apparmor_parser"
[   17.685745] audit: type=1400 audit(1785006761.703:151): apparmor="STATUS" operation="profile_load" profile="unconfined" name="openstore.openstore-team_openstore_4.0.0" pid=1630 comm="apparmor_parser"
[   17.702086] init: Received control message 'interface_start' for 'android.hardware.biometrics.fingerprint@2.1::IBiometricsFingerprint/default' from pid: 34 (/system/bin/hwservicemanager)
[   17.702107] init: Could not find service hosting interface android.hardware.biometrics.fingerprint@2.1::IBiometricsFingerprint/default
[   17.704328] init: Received control message 'interface_start' for 'android.hardware.biometrics.fingerprint@2.1::IBiometricsFingerprint/default' from pid: 34 (/system/bin/hwservicemanager)
[   17.704348] init: Could not find service hosting interface android.hardware.biometrics.fingerprint@2.1::IBiometricsFingerprint/default
[   17.738971] init: Unable to set property 'ro.sf.lcd_density' to '420' from uid:0 gid:0 pid:138: Read-only property was already set
[   17.748733] proc: unrecognized mount option "hidepid=invisible" or missing value
[   17.786558] subsys-pil-tz 8300000.qcom,turing: cdsp: Brought out of reset
[   17.795944] subsys-pil-tz 8300000.qcom,turing: Subsystem error monitoring/handling services are up
[   17.797489] binder: undelivered death notification, 0000000000000000
[   17.800218] binder: undelivered death notification, 0000000000000000
[   17.801083] sysmon-qmi: sysmon_clnt_svc_arrive: Connection established between QMI handle and cdsp's SSCTL service
[   17.804743] subsys-pil-tz 8300000.qcom,turing: cdsp: Power/Clock ready interrupt received
[   17.805118] diag: In diag_send_feature_mask_update, control channel is not open, p: 5, 0000000000000000
[   17.805138] diag: In diag_send_peripheral_buffering_mode, buffering flag not set for 5
[   17.805829] diag: In diag_send_peripheral_buffering_mode, buffering flag not set for 5
[   17.850678] init: Received control message 'interface_start' for 'android.hardware.vibrator@1.0::IVibrator/default' from pid: 34 (/system/bin/hwservicemanager)
[   17.850699] init: Could not find service hosting interface android.hardware.vibrator@1.0::IVibrator/default
[   17.863078] init: Received control message 'interface_start' for 'android.hardware.light@2.0::ILight/default' from pid: 34 (/system/bin/hwservicemanager)
[   17.863125] init: starting service 'vendor.light-hal-2-0'...
[   17.864578] binder: undelivered death notification, 0000000000000000
[   17.871402] Mass Storage Function, version: 2009/09/11
[   17.871405] LUN: removable file: (no medium)
[   17.883616] Gadget function do not bind yet.
[   17.926313] binder: undelivered death notification, 0000000000000000
[   17.926492] binder: undelivered death notification, 0000000000000000
[   17.927933] init: Received control message 'interface_start' for 'android.hardware.sensors@1.0::ISensors/default' from pid: 34 (/system/bin/hwservicemanager)
[   17.927978] init: Could not find service hosting interface android.hardware.sensors@1.0::ISensors/default
[   17.931211] init: Received control message 'interface_start' for 'android.hardware.sensors@2.0::ISensors/default' from pid: 34 (/system/bin/hwservicemanager)
[   17.931234] init: Could not find service hosting interface android.hardware.sensors@2.0::ISensors/default
[   17.931413] init: Received control message 'interface_start' for 'android.hardware.sensors@2.1::ISensors/default' from pid: 34 (/system/bin/hwservicemanager)
[   17.931421] init: Could not find service hosting interface android.hardware.sensors@2.1::ISensors/default
[   17.953672] subsys-pil-tz 5c00000.qcom,ssc: slpi: Brought out of reset
[   17.968229] capability: warning: `ofonod' uses 32-bit capabilities (legacy support in use)
[   17.970129] init: Received control message 'interface_start' for 'android.hardware.radio@1.2::IRadio/slot1' from pid: 34 (/system/bin/hwservicemanager)
[   17.970150] init: Could not find service hosting interface android.hardware.radio@1.2::IRadio/slot1
[   17.972421] init: Received control message 'interface_start' for 'android.hardware.radio@1.1::IRadio/slot1' from pid: 34 (/system/bin/hwservicemanager)
[   17.972458] init: Could not find service hosting interface android.hardware.radio@1.1::IRadio/slot1
[   17.972509] binder: undelivered death notification, 0000000000000000
[   17.972592] init: Received control message 'interface_start' for 'android.hardware.radio@1.0::IRadio/slot1' from pid: 34 (/system/bin/hwservicemanager)
[   17.972607] init: Could not find service hosting interface android.hardware.radio@1.0::IRadio/slot1
[   17.973306] init: Received control message 'interface_start' for 'android.hardware.radio@1.2::IRadio/slot2' from pid: 34 (/system/bin/hwservicemanager)
[   17.973316] init: Could not find service hosting interface android.hardware.radio@1.2::IRadio/slot2
[   17.973543] init: Received control message 'interface_start' for 'android.hardware.radio@1.1::IRadio/slot2' from pid: 34 (/system/bin/hwservicemanager)
[   17.973550] init: Could not find service hosting interface android.hardware.radio@1.1::IRadio/slot2
[   17.973851] binder: undelivered death notification, 0000000000000000
[   17.974294] init: Received control message 'interface_start' for 'android.hardware.radio@1.0::IRadio/slot2' from pid: 34 (/system/bin/hwservicemanager)
[   17.974302] init: Could not find service hosting interface android.hardware.radio@1.0::IRadio/slot2
[   17.977964] [RMNET:HI] rmnet_config_notify_cb(): Kernel is trying to unregister ip6tnl0
[   17.994533] subsys-pil-tz 5c00000.qcom,ssc: Subsystem error monitoring/handling services are up
[   18.001632] subsys-pil-tz 5c00000.qcom,ssc: slpi: Power/Clock ready interrupt received
[   18.005011] sysmon-qmi: sysmon_clnt_svc_arrive: Connection established between QMI handle and slpi's SSCTL service
[   18.007183] diag: In diag_send_feature_mask_update, control channel is not open, p: 3, 0000000000000000
[   18.007204] diag: In diag_send_peripheral_buffering_mode, buffering flag not set for 3
[   18.007294] diag: In diag_send_peripheral_buffering_mode, buffering flag not set for 3
[   18.037725] init: Service 'exec 9 (/vendor/bin/init.qcom.early_boot.sh)' (pid 129) exited with status 0 waiting took 0.418000 seconds
[   18.038973] subsys-pil-tz 17300000.qcom,lpass: adsp: Brought out of reset
[   18.039589] ipa-wan ipa3_wwan_ioctl:1802 [rmnet_ipa0] unsupported cmd[35585]
[   18.041515] init: processing action (boot) from (/init.rc:591)
[   18.043975] init: starting service 'hidl_memory'...
[   18.048177] init: starting service 'netd-hal-1-1-stub'...
[   18.049886] subsys-pil-tz 17300000.qcom,lpass: Subsystem error monitoring/handling services are up
[   18.049995] init: starting service 'fake_crypt'...
[   18.051947] init: starting service 'healthd'...
[   18.053827] init: starting service 'vendor.bluetooth-1-0-qti'...
[   18.054943] init: starting service 'vendor.camera-provider-2-4'...
[   18.055966] init: starting service 'vendor.cas-hal-1-0'...
[   18.057009] init: starting service 'vendor.configstore-hal'...
[   18.057275] subsys-pil-tz 17300000.qcom,lpass: adsp: Power/Clock ready interrupt received
[   18.057988] init: starting service 'vendor.contexthub-hal-1-0'...
[   18.059053] init: starting service 'vendor.drm-hal-1-0'...
[   18.059600] init: couldn't write 168 to /dev/cpuset/camera-daemon/tasks: No such file or directory
[   18.060099] init: starting service 'vendor.drm-clearkey-hal-1-1'...
[   18.061120] init: starting service 'vendor.drm-widevine-hal-1-1'...
[   18.062112] init: starting service 'vendor.hwcomposer-2-1'...
[   18.063085] init: starting service 'health-hal-2-0'...
[   18.064667] init: Created socket '/dev/socket/pps', mode 660, user 1000, group 1000
[   18.066093] init: starting service 'vendor.memtrack-hal-1-0'...
[   18.067062] [RMNET:HI] rmnet_config_notify_cb(): Kernel is trying to unregister ip6tnl0
[   18.067143] apr_tal_link_state_cb: edge[lpass] link state[0]
[   18.067723] [RMNET:HI] rmnet_config_notify_cb(): Kernel is trying to unregister sit0
[   18.068022] init: Opened file '/dev/kmsg', flags 1
[   18.069557] init: starting service 'neuralnetworks_hal_service'...
[   18.070342] init: starting service 'nfc_hal_service'...
[   18.071059] init: starting service 'vendor.power-hal-1-0'...
[   18.071786] init: starting service 'secure_element_hal_service'...
[   18.072506] init: starting service 'vendor.sensors-hal-1-0'...
[   18.073242] init: starting service 'vendor.thermal-hal-1-0'...
[   18.074711] init: starting service 'vendor.usb-hal-1-0'...
[   18.075468] init: starting service 'vendor.vibrator-1-0'...
[   18.076209] init: starting service 'vendor.vr-1-0'...
[   18.077379] init: starting service 'vendor.wifi_hal_legacy'...
[   18.086857] sysmon-qmi: sysmon_clnt_svc_arrive: Connection established between QMI handle and adsp's SSCTL service
[   18.086883] diag: In diag_send_feature_mask_update, control channel is not open, p: 1, 0000000000000000
[   18.086915] diag: In diag_send_peripheral_buffering_mode, buffering flag not set for 1
[   18.087074] diag: In diag_send_peripheral_buffering_mode, buffering flag not set for 1
[   18.096127] init: starting service 'display-color-hal-1-0'...
[   18.099108] init: starting service 'vendor.opcamera-provider-1-0'...
[   18.099973] init: starting service 'oneplus_display_service'...
[   18.101176] init: starting service 'oneplus_drmkey_service'...
[   18.101922] init: starting service 'oneplus_hdcpkey_service'...
[   18.102639] init: starting service 'oneplus_param_service'...
[   18.103693] init: starting service 'oneplus_wifi_service'...
[   18.104096] [RMNET:HI] rmnet_config_notify_cb(): Kernel is trying to unregister sit0
[   18.104530] init: starting service 'qti_esepowermanager_service'...
[   18.105308] init: starting service 'qti_gnss_service'...
[   18.105695] [RMNET:HI] rmnet_config_notify_cb(): Kernel is trying to unregister ip6_vti0
[   18.106088] init: starting service 'alarm-hal-1-0'...
[   18.106883] init: starting service 'vendor.qti.hardware.display.allocator'...
[   18.107709] init: starting service 'iop-hal-2-0'...
[   18.108101] sps:BAM 0x0000000017204000 (va:0x0000000000000000) enabled: ver:0x19, number of pipes:13
[   18.108104] sps:BAM 0x0000000017204000 is registered.
[   18.110049] slimbus sb-3: of_slim: invalid E-addr
[   18.114621] init: starting service 'perf-hal-1-0'...
[   18.117730] sps:BAM 0x0000000017184000 (va:0x0000000000000000) enabled: ver:0x19, number of pipes:23
[   18.117735] sps:BAM 0x0000000017184000 is registered.
[   18.119382] init: starting service 'qdutils_disp-1-0'...
[   18.123537] init: starting service 'qteeconnector-hal-1-0'...
[   18.124540] init: starting service 'sensorscal-hal-1-0'...
[   18.125320] init: starting service 'soter-1-0'...
[   18.126103] init: starting service 'tui_comm-1-0'...
[   18.128980] init: Command 'class_start hal' action=boot (/init.rc:690) took 86ms and succeeded
[   18.129110] init: Received control message 'interface_start' for 'android.hardware.gnss@1.0::IGnss/default' from pid: 34 (/system/bin/hwservicemanager)
[   18.129128] init: Could not find service hosting interface android.hardware.gnss@1.0::IGnss/default
[   18.129315] init: starting service 'qcom-c_core-sh'...
[   18.133225] slimbus sb-1: of_slim: invalid E-addr
[   18.133688] wcd-slim tavil-slim-pgd: Platform data from device tree
[   18.133750] wcd-slim tavil-slim-pgd: msm_cdc_dt_parse_vreg_info: cdc-vdd-buck: vol=[1800000 1800000]uV, curr=[650000]uA, ond 0
[   18.133756] wcd-slim tavil-slim-pgd: msm_cdc_dt_parse_vreg_info: cdc-buck-sido: vol=[1800000 1800000]uV, curr=[250000]uA, ond 0
[   18.133763] wcd-slim tavil-slim-pgd: msm_cdc_dt_parse_vreg_info: cdc-vdd-tx-h: vol=[1800000 1800000]uV, curr=[25000]uA, ond 0
[   18.133769] wcd-slim tavil-slim-pgd: msm_cdc_dt_parse_vreg_info: cdc-vdd-rx-h: vol=[1800000 1800000]uV, curr=[25000]uA, ond 0
[   18.133776] wcd-slim tavil-slim-pgd: msm_cdc_dt_parse_vreg_info: cdc-vddpx-1: vol=[1800000 1800000]uV, curr=[10000]uA, ond 0
[   18.133851] wcd-slim tavil-slim-pgd: wcd9xxx_slim_probe: probing for wcd type: 4, name: tavil-slim-pgd
[   18.137703] init: starting service 'irsc_util'...
[   18.138630] init: starting service 'vendor.rmt_storage'...
[   18.139416] init: starting service 'vendor.tftp_server'...
[   18.140223] init: starting service 'vendor-sensor-sh'...
[   18.140985] init: Could not start service 'esepmdaemon' as part of class 'core': Cannot find '/system/vendor/bin/esepmdaemon': No such file or directory
[   18.141018] init: starting service 'oem_early_boot'...
[   18.141838] init: Could not start service 'qseeproxysd' as part of class 'core': Cannot find '/system/vendor/bin/qseeproxysampledaemon': No such file or directory
[   18.141872] init: starting service 'OPNetlinkService'...
[   18.142626] init: Could not start service 'smartadjust' as part of class 'core': Cannot find '/system/bin/smartadjust': No such file or directory
[   18.142653] init: Could not start service 'opdiagnose' as part of class 'core': Cannot find '/system/bin/OPDiagnoseservice': No such file or directory
[   18.142674] init: Could not start service 'oemlogkit' as part of class 'core': Cannot find '/system/bin/oemlogkit': No such file or directory
[   18.142703] init: starting service 'vendor.qcom-usb-sh'...
[   18.163961] pn544_dev_ioctl :enter cmd = 1074063617, arg = 0
[   18.163964] p61_access_lock: Enter
[   18.163965] p61_access_lock: Exit
[   18.163966] pn544_dev_ioctl power off
[   18.163967] p61_update_access_state: Enter current_state = 100
[   18.163968] p61_update_access_state: Exit current_state = 100
[   18.163974] p61_access_unlock: Enter
[   18.163974] p61_access_unlock: Exit
[   18.163975] pn544_dev_ioctl :exit cmd = 1074063617, arg = 0
[   18.174064] pn544_dev_ioctl :enter cmd = 1074063617, arg = 1
[   18.174066] p61_access_lock: Enter
[   18.174067] p61_access_lock: Exit
[   18.174068] pn544_dev_ioctl power on
[   18.174070] p61_update_access_state: Enter current_state = 100
[   18.174070] p61_update_access_state: Exit current_state = 100
[   18.174076] p61_access_unlock: Enter
[   18.174076] p61_access_unlock: Exit
[   18.174077] pn544_dev_ioctl :exit cmd = 1074063617, arg = 1
[   18.179914] healthd: battery l=100 v=4366 t=22.7 h=2 st=2 c=183 fc=2878000 cc=0 chg=a
[   18.180454] slimbus:1 laddr:0xcf, EAPC:0x1:0x50
[   18.180476] wcd-slim tavil-slim-pgd: wcd9xxx_slim_device_up: slim device up, dev_up = 1
[   18.180716] slimbus:1 laddr:0xce, EAPC:0x0:0x50
[   18.183472] wcd-slim tavil-slim-pgd: wcd934x_get_cdc_info: wcd9xxx chip id major 0x108, minor 0x1
[   18.183480] wcd9xxx_core_res_init: num_irqs = 32, num_irq_regs = 4
[   18.200325] init: Could not start service 'sec_nvm' as part of class 'core': Cannot find '/vendor/bin/sec_nvm': No such file or directory
[   18.200357] init: starting service 'vendor.pd_mapper'...
[   18.201202] init: starting service 'vendor.per_mgr'...
[   18.201999] init: starting service 'spdaemon'...
[   18.202819] init: Could not start service 'hdcp_srm' as part of class 'core': Cannot find '/vendor/bin/hdcp_srm': No such file or directory
[   18.202877] init: Could not start service 'surfaceflinger' as part of class 'core': Cannot find '/system/bin/surfaceflinger_HYBRIS_DISABLED': No such file or directory
[   18.202902] init: starting service 'thermalservice'...
[   18.223688] init: Command 'class_start core' action=boot (/init.rc:692) took 94ms and succeeded
[   18.224105] healthd: battery l=100 v=4366 t=22.7 h=2 st=2 c=183 fc=2878000 cc=0 chg=a
[   18.227432] init: Received control message 'interface_start' for 'android.hardware.gnss@1.0::IGnss/default' from pid: 34 (/system/bin/hwservicemanager)
[   18.227452] init: Could not find service hosting interface android.hardware.gnss@1.0::IGnss/default
[   18.227590] init: processing action (boot) from (/vendor/etc/init/hw/init.qcom.rc:102)
[   18.227739] init: Service 'irsc_util' (pid 209) exited with status 0
[   18.227805] init: Service 'oem_early_boot' (pid 213) exited with status 127
[   18.228097] init: Received control message 'interface_start' for 'vendor.nxp.nxpese@1.0::INxpEse/default' from pid: 34 (/system/bin/hwservicemanager)
[   18.228107] init: Could not find service hosting interface vendor.nxp.nxpese@1.0::INxpEse/default
[   18.234081] init: Service 'OPNetlinkService' (pid 214) exited with status 255
[   18.234345] [RMNET:HI] rmnet_config_notify_cb(): Kernel is trying to unregister ip6_vti0
[   18.239476] [RMNET:HI] rmnet_config_notify_cb(): Kernel is trying to unregister ip_vti0
[   18.241947] init: Command 'mkdir /persist/drm 0770 system system' action=boot (/vendor/etc/init/hw/init.qcom.rc:168) took 0ms and failed: mkdir() failed: Read-only file system
[   18.242032] init: Command 'mkdir /persist/bluetooth 0770 bluetooth bluetooth' action=boot (/vendor/etc/init/hw/init.qcom.rc:169) took 0ms and failed: mkdir() failed: Read-only file system
[   18.242113] init: Command 'mkdir /persist/misc 0770 system system' action=boot (/vendor/etc/init/hw/init.qcom.rc:170) took 0ms and failed: mkdir() failed: Read-only file system
[   18.242195] init: Command 'mkdir /persist/alarm 0770 system system' action=boot (/vendor/etc/init/hw/init.qcom.rc:171) took 0ms and failed: mkdir() failed: Read-only file system
[   18.242276] init: Command 'mkdir /persist/time 0770 system system' action=boot (/vendor/etc/init/hw/init.qcom.rc:172) took 0ms and failed: mkdir() failed: Read-only file system
[   18.247273] rmt_storage:INFO:check_support_using_libmdm: Modem subsystem found on target!
[   18.251546] init: Command 'chmod 0755 /system/bin/ip' action=boot (/vendor/etc/init/hw/init.qcom.rc:191) took 0ms and failed: fchmodat() failed: Read-only file system
[   18.254322] init: Command 'mkdir /persist/display 0770 system graphics' action=boot (/vendor/etc/init/hw/init.qcom.rc:262) took 0ms and failed: mkdir() failed: Read-only file system
[   18.255449] rmt_storage:INFO:main: Done with init now waiting for messages!
[   18.277107] [RMNET:HI] rmnet_config_notify_cb(): Kernel is trying to unregister ip_vti0
[   18.278085] [RMNET:HI] rmnet_config_notify_cb(): Kernel is trying to unregister lo
[   18.284513] init: processing action (boot) from (/vendor/etc/init/hw/init.oem.rc:61)
[   18.287877] init: Command 'chmod 0666 /dev/dash/' action=boot (/vendor/etc/init/hw/init.oem.rc:97) took 0ms and failed: fchmodat() failed: Not a directory
[   18.306477] init: Received control message 'interface_start' for 'android.hardware.keymaster@3.0::IKeymasterDevice/default' from pid: 34 (/system/bin/hwservicemanager)
[   18.306499] init: Could not find service hosting interface android.hardware.keymaster@3.0::IKeymasterDevice/default
[   18.315208] init: Received control message 'interface_start' for 'android.hardware.keymaster@3.0::IKeymasterDevice/default' from pid: 34 (/system/bin/hwservicemanager)
[   18.315227] init: Could not find service hosting interface android.hardware.keymaster@3.0::IKeymasterDevice/default
[   18.319475] init: Command 'chown system system /vendor/bin/pktlogconf' action=boot (/vendor/etc/init/hw/init.oem.rc:175) took 0ms and failed: lchown() failed: Read-only file system
[   18.319537] init: Command 'chmod 0777 /vendor/bin/pktlogconf' action=boot (/vendor/etc/init/hw/init.oem.rc:176) took 0ms and failed: fchmodat() failed: Read-only file system
[   18.319599] init: Command 'chown system system /vendor/bin/iwpriv' action=boot (/vendor/etc/init/hw/init.oem.rc:177) took 0ms and failed: lchown() failed: Read-only file system
[   18.319654] init: Command 'chmod 0777 /vendor/bin/iwpriv' action=boot (/vendor/etc/init/hw/init.oem.rc:178) took 0ms and failed: fchmodat() failed: Read-only file system
[   18.319711] init: Command 'chown system system /vendor/bin/iwlist' action=boot (/vendor/etc/init/hw/init.oem.rc:179) took 0ms and failed: lchown() failed: Read-only file system
[   18.319765] init: Command 'chmod 0777 /vendor/bin/iwlist' action=boot (/vendor/etc/init/hw/init.oem.rc:180) took 0ms and failed: fchmodat() failed: Read-only file system
[   18.319823] init: Command 'chown system system /vendor/bin/tcpdump' action=boot (/vendor/etc/init/hw/init.oem.rc:181) took 0ms and failed: lchown() failed: Read-only file system
[   18.319882] init: Command 'chmod 0777 /vendor/bin/tcpdump' action=boot (/vendor/etc/init/hw/init.oem.rc:182) took 0ms and failed: fchmodat() failed: Read-only file system
[   18.320329] init: processing action (boot) from (/vendor/etc/init/hw/init.oem.debug.rc:14)
[   18.320804] init: Command 'mkdir /system/etc/param 0644 root root' action=boot (/vendor/etc/init/hw/init.oem.debug.rc:17) took 0ms and failed: mkdir() failed: Read-only file system
[   18.320870] init: processing action (boot) from (/vendor/etc/init/hw/init.qcom.usb.rc:67)
[   18.321131] init: Command 'write /sys/class/android_usb/android0/iSerial ${ro.serialno}' action=boot (/vendor/etc/init/hw/init.qcom.usb.rc:68) took 0ms and failed: Unable to write to file '/sys/class/android_usb/android0/iSerial': open() failed: Permission denied
[   18.325539] QSEECOM: qseecom_load_app: App (soter64) does'nt exist, loading apps for first time
[   18.327304] init: processing action (boot) from (/vendor/etc/init/hw/init.target.rc:92)
[   18.327402] init: Command 'start rmt_storage' action=boot (/vendor/etc/init/hw/init.target.rc:94) took 0ms and failed: service rmt_storage not found
[   18.327442] init: Command 'start rfs_access' action=boot (/vendor/etc/init/hw/init.target.rc:95) took 0ms and failed: service rfs_access not found
[   18.331928] init: processing action (boot) from (/vendor/etc/init/hw/init.target.rc:242)
[   18.332195] synaptics,s3320: start update ******* fw_name:tp/fw_synaptics_17819.img,ts->manu_name:S3706B
[   18.332216] synaptics,s3320: enter version 17819 update mode
[   18.336558] synaptics,s3320: FW_ID:2827775--CONFIG_ID  FW_NAME:tp/fw_synaptics_17819.img
[   18.337526] [RMNET:HI] rmnet_config_notify_cb(): Kernel is trying to unregister lo
[   18.347596] kgsl kgsl-3d0: loading /vendor/firmware_mnt/image/a630_sqe.fw failed with error -13
[   18.348592] synaptics,s3320_firmware: fwu_start_reflash: Start of reflash process
[   18.349035] servloc: service_locator_svc_arrive: Connection established with the Service locator
[   18.349059] servloc: init_service_locator: Service locator initialized
[   18.349173] synaptics,s3320_firmware: fwu_go_nogo: Device firmware ID = 2827775
[   18.349184] synaptics,s3320_firmware: fwu_go_nogo: Image firmware ID = 2827775
[   18.350341] synaptics,s3320_firmware: fwu_go_nogo: No need to do reflash
[   18.350854] synaptics,s3320_firmware: fwu_start_reflash: End of reflash process
[   18.356044] audio_notifer_reg_service: service PDR_ADSP is in use
[   18.356482] pn544_dev_ioctl :enter cmd = 1074063623, arg = 2
[   18.356484] p61_access_lock: Enter
[   18.356485] p61_access_lock: Exit
[   18.356487] pn544_dev_ioctl : The power scheme is set to PN80T_LEGACY_PWR_SCHEME,
[   18.356488] p61_access_unlock: Enter
[   18.356488] p61_access_unlock: Exit
[   18.356489] pn544_dev_ioctl :exit cmd = 1074063623, arg = 2
[   18.359768] service-notifier: root_service_service_arrive: Connection established between QMI handle and 74 service
[   18.361038] sdm845-asoc-snd soc:qcom,msm-audio-apr:sound-tavil: msm_asoc_machine_probe enter
[   18.361078] smartpa dts config is max98927
[   18.361087] smartpa_present
[   18.361677] sdm845-asoc-snd soc:qcom,msm-audio-apr:sound-tavil: msm_init_wsa_dev: Max WSA devices is 0 for this target?
[   18.362766] tavil_codec tavil_codec: tavil_soc_codec_probe()
[   18.365088] ueventd: firmware: loading 'a630_sqe.fw' for '/devices/platform/soc/5000000.qcom,kgsl-3d0/kgsl/kgsl-3d0/a630_sqe.fw'
[   18.368161] wcd-dsp-mgr soc:qcom,wcd-dsp-mgr: for wdsp segments only will be dumped.
[   18.368599] wcd-dsp-mgr soc:qcom,wcd-dsp-mgr: bound tavil_codec (ops wcd_ctrl_component_ops)
[   18.368886] wcd-dsp-mgr soc:qcom,wcd-dsp-mgr: bound spi0.0 (ops wcd_spi_component_ops)
[   18.368896] wcd-dsp-mgr soc:qcom,wcd-dsp-mgr: bound soc:qcom,glink-spi-xprt-wdsp (ops glink_component_ops)
[   18.375044] msm-pcm-routing soc:qcom,msm-pcm-routing: ASoC: no dapm match for TERT_MI2S_TX --> TERT_MI2S_TX --> MultiMedia17 Mixer
[   18.375080] msm-pcm-routing soc:qcom,msm-pcm-routing: ASoC: Failed to add route TERT_MI2S_TX -> TERT_MI2S_TX -> MultiMedia17 Mixer
[   18.375101] msm-pcm-routing soc:qcom,msm-pcm-routing: ASoC: no dapm match for TERT_MI2S_TX --> TERT_MI2S_TX --> MultiMedia18 Mixer
[   18.375119] msm-pcm-routing soc:qcom,msm-pcm-routing: ASoC: Failed to add route TERT_MI2S_TX -> TERT_MI2S_TX -> MultiMedia18 Mixer
[   18.375139] msm-pcm-routing soc:qcom,msm-pcm-routing: ASoC: no dapm match for TERT_MI2S_TX --> TERT_MI2S_TX --> MultiMedia19 Mixer
[   18.375157] msm-pcm-routing soc:qcom,msm-pcm-routing: ASoC: Failed to add route TERT_MI2S_TX -> TERT_MI2S_TX -> MultiMedia19 Mixer
[   18.375194] msm-pcm-routing soc:qcom,msm-pcm-routing: ASoC: no dapm match for TERT_MI2S_TX --> TERT_MI2S_TX --> MultiMedia28 Mixer
[   18.375212] msm-pcm-routing soc:qcom,msm-pcm-routing: ASoC: Failed to add route TERT_MI2S_TX -> TERT_MI2S_TX -> MultiMedia28 Mixer
[   18.375231] msm-pcm-routing soc:qcom,msm-pcm-routing: ASoC: no dapm match for TERT_MI2S_TX --> TERT_MI2S_TX --> MultiMedia29 Mixer
[   18.375249] msm-pcm-routing soc:qcom,msm-pcm-routing: ASoC: Failed to add route TERT_MI2S_TX -> TERT_MI2S_TX -> MultiMedia29 Mixer
[   18.375292] msm-pcm-routing soc:qcom,msm-pcm-routing: ASoC: no dapm match for QUAT_MI2S_TX --> QUAT_MI2S_TX --> MultiMedia17 Mixer
[   18.375310] msm-pcm-routing soc:qcom,msm-pcm-routing: ASoC: Failed to add route QUAT_MI2S_TX -> QUAT_MI2S_TX -> MultiMedia17 Mixer
[   18.375332] msm-pcm-routing soc:qcom,msm-pcm-routing: ASoC: no dapm match for QUAT_MI2S_TX --> QUAT_MI2S_TX --> MultiMedia19 Mixer
[   18.375353] msm-pcm-routing soc:qcom,msm-pcm-routing: ASoC: Failed to add route QUAT_MI2S_TX -> QUAT_MI2S_TX -> MultiMedia19 Mixer
[   18.375392] msm-pcm-routing soc:qcom,msm-pcm-routing: ASoC: no dapm match for QUAT_MI2S_TX --> QUAT_MI2S_TX --> MultiMedia28 Mixer
[   18.375410] msm-pcm-routing soc:qcom,msm-pcm-routing: ASoC: Failed to add route QUAT_MI2S_TX -> QUAT_MI2S_TX -> MultiMedia28 Mixer
[   18.375430] msm-pcm-routing soc:qcom,msm-pcm-routing: ASoC: no dapm match for QUAT_MI2S_TX --> QUAT_MI2S_TX --> MultiMedia29 Mixer
[   18.375449] msm-pcm-routing soc:qcom,msm-pcm-routing: ASoC: Failed to add route QUAT_MI2S_TX -> QUAT_MI2S_TX -> MultiMedia29 Mixer
[   18.376579] ueventd: loading /devices/platform/soc/5000000.qcom,kgsl-3d0/kgsl/kgsl-3d0/a630_sqe.fw took 11ms
[   18.376644] kgsl kgsl-3d0: loading /vendor/firmware_mnt/image/a630_gmu.bin failed with error -13
[   18.378242] ueventd: firmware: loading 'a630_gmu.bin' for '/devices/platform/soc/5000000.qcom,kgsl-3d0/kgsl/kgsl-3d0/a630_gmu.bin'
[   18.383715] msm-pcm-routing soc:qcom,msm-pcm-routing: ASoC: no sink widget found for MM_UL28
[   18.383747] msm-pcm-routing soc:qcom,msm-pcm-routing: ASoC: Failed to add route MultiMedia28 Mixer -> direct -> MM_UL28
[   18.383793] msm-pcm-routing soc:qcom,msm-pcm-routing: ASoC: no sink widget found for MM_UL29
[   18.383809] msm-pcm-routing soc:qcom,msm-pcm-routing: ASoC: Failed to add route MultiMedia29 Mixer -> direct -> MM_UL29
[   18.387481] msm-pcm-routing soc:qcom,msm-pcm-routing: ASoC: no sink widget found for AUDIO_REF_EC_UL28 MUX
[   18.387511] msm-pcm-routing soc:qcom,msm-pcm-routing: ASoC: Failed to add route PRI_MI2S_TX -> PRI_MI2S_TX -> AUDIO_REF_EC_UL28 MUX
[   18.387555] msm-pcm-routing soc:qcom,msm-pcm-routing: ASoC: no sink widget found for AUDIO_REF_EC_UL28 MUX
[   18.387572] msm-pcm-routing soc:qcom,msm-pcm-routing: ASoC: Failed to add route SEC_MI2S_TX -> SEC_MI2S_TX -> AUDIO_REF_EC_UL28 MUX
[   18.387615] msm-pcm-routing soc:qcom,msm-pcm-routing: ASoC: no sink widget found for AUDIO_REF_EC_UL28 MUX
[   18.387632] msm-pcm-routing soc:qcom,msm-pcm-routing: ASoC: Failed to add route TERT_MI2S_TX -> TERT_MI2S_TX -> AUDIO_REF_EC_UL28 MUX
[   18.387670] msm-pcm-routing soc:qcom,msm-pcm-routing: ASoC: no sink widget found for AUDIO_REF_EC_UL28 MUX
[   18.387688] msm-pcm-routing soc:qcom,msm-pcm-routing: ASoC: Failed to add route QUAT_MI2S_TX -> QUAT_MI2S_TX -> AUDIO_REF_EC_UL28 MUX
[   18.387725] msm-pcm-routing soc:qcom,msm-pcm-routing: ASoC: no sink widget found for AUDIO_REF_EC_UL29 MUX
[   18.387743] msm-pcm-routing soc:qcom,msm-pcm-routing: ASoC: Failed to add route PRI_MI2S_TX -> PRI_MI2S_TX -> AUDIO_REF_EC_UL29 MUX
[   18.387788] msm-pcm-routing soc:qcom,msm-pcm-routing: ASoC: no sink widget found for AUDIO_REF_EC_UL29 MUX
[   18.387805] msm-pcm-routing soc:qcom,msm-pcm-routing: ASoC: Failed to add route SEC_MI2S_TX -> SEC_MI2S_TX -> AUDIO_REF_EC_UL29 MUX
[   18.387849] msm-pcm-routing soc:qcom,msm-pcm-routing: ASoC: no sink widget found for AUDIO_REF_EC_UL29 MUX
[   18.387865] msm-pcm-routing soc:qcom,msm-pcm-routing: ASoC: Failed to add route TERT_MI2S_TX -> TERT_MI2S_TX -> AUDIO_REF_EC_UL29 MUX
[   18.387902] msm-pcm-routing soc:qcom,msm-pcm-routing: ASoC: no sink widget found for AUDIO_REF_EC_UL29 MUX
[   18.387918] msm-pcm-routing soc:qcom,msm-pcm-routing: ASoC: Failed to add route QUAT_MI2S_TX -> QUAT_MI2S_TX -> AUDIO_REF_EC_UL29 MUX
[   18.388014] msm-pcm-routing soc:qcom,msm-pcm-routing: ASoC: no source widget found for AUDIO_REF_EC_UL28 MUX
[   18.388031] msm-pcm-routing soc:qcom,msm-pcm-routing: ASoC: Failed to add route AUDIO_REF_EC_UL28 MUX -> direct -> MM_UL28
[   18.388078] msm-pcm-routing soc:qcom,msm-pcm-routing: ASoC: no source widget found for AUDIO_REF_EC_UL29 MUX
[   18.388095] msm-pcm-routing soc:qcom,msm-pcm-routing: ASoC: Failed to add route AUDIO_REF_EC_UL29 MUX -> direct -> MM_UL29
[   18.399117] QSEECOM: qseecom_load_app: App with id 2 (soter64) now loaded
[   18.408089] msm-pcm-routing soc:qcom,msm-pcm-routing: ASoC: no dapm match for TERT_MI2S_TX --> TERT_MI2S_TX --> VoLTE Stub Tx Mixer
[   18.408124] msm-pcm-routing soc:qcom,msm-pcm-routing: ASoC: Failed to add route TERT_MI2S_TX -> TERT_MI2S_TX -> VoLTE Stub Tx Mixer
[   18.412597] ueventd: loading /devices/platform/soc/5000000.qcom,kgsl-3d0/kgsl/kgsl-3d0/a630_gmu.bin took 34ms
[   18.429977] spi_geni a80000.spi: tx_fifo 16 rx_fifo 16 tx_width 32
[   18.430444] subsys-pil-tz soc:qcom,kgsl-hyp: loading /vendor/firmware_mnt/image/a630_zap.mdt failed with error -13
[   18.450229] ueventd: firmware: loading 'a630_zap.mdt' for '/devices/platform/soc/soc:qcom,kgsl-hyp/firmware/a630_zap.mdt'
[   18.453583] subsys-pil-tz soc:qcom,kgsl-hyp: a630_zap: loading from 0x000000008c415000 to 0x000000008c416000
[   18.454118] ueventd: loading /devices/platform/soc/soc:qcom,kgsl-hyp/firmware/a630_zap.mdt took 5ms
[   18.481392] subsys-pil-tz soc:qcom,kgsl-hyp: loading /vendor/firmware_mnt/image/a630_zap.b02 failed with error -13
[   18.483932] ueventd: firmware: loading 'a630_zap.b02' for '/devices/platform/soc/soc:qcom,kgsl-hyp/firmware/a630_zap.b02'
[   18.485546] ueventd: loading /devices/platform/soc/soc:qcom,kgsl-hyp/firmware/a630_zap.b02 took 1ms
[   18.486939] subsys-pil-tz soc:qcom,kgsl-hyp: a630_zap: Brought out of reset
[   18.666194] max98927_probe: enter
[   18.709206] msm_audrx_init: dev_namesoc:qcom,msm-dai-q6:qcom,msm-dai-q6-sb-0-rx
[   18.724677] apr_tal_notify_state: Channel state[0]
[   18.732698] sdm845-asoc-snd soc:qcom,msm-audio-apr:sound-tavil: ASoC: no sink widget found for SpkrLeft IN
[   18.732732] sdm845-asoc-snd soc:qcom,msm-audio-apr:sound-tavil: ASoC: Failed to add route SPK1 OUT -> direct -> SpkrLeft IN
[   18.732779] sdm845-asoc-snd soc:qcom,msm-audio-apr:sound-tavil: ASoC: no sink widget found for SpkrRight IN
[   18.732797] sdm845-asoc-snd soc:qcom,msm-audio-apr:sound-tavil: ASoC: Failed to add route SPK2 OUT -> direct -> SpkrRight IN
[   18.732838] sdm845-asoc-snd soc:qcom,msm-audio-apr:sound-tavil: wcd_mbhc_start: qcom,msm-mbhc-usbc-audio-supported in dt node is missing or false
[   18.732840] sdm845-asoc-snd soc:qcom,msm-audio-apr:sound-tavil: wcd_mbhc_start: skipping USB c analog configuration
[   18.794359] proc: unrecognized mount option "hidepid=invisible" or missing value
[   18.816524] input: sdm845-tavil-snd-card Headset Jack as /devices/platform/soc/soc:qcom,msm-audio-apr/soc:qcom,msm-audio-apr:sound-tavil/sound/card0/input4
[   18.816743] input: sdm845-tavil-snd-card Button Jack as /devices/platform/soc/soc:qcom,msm-audio-apr/soc:qcom,msm-audio-apr:sound-tavil/sound/card0/input5
[   18.816841] keychord: using input dev sdm845-tavil-snd-card Button Jack for fevent
[   18.820720] sdm845-asoc-snd soc:qcom,msm-audio-apr:sound-tavil: Sound card sdm845-tavil-snd-card registered
[   18.820740] msm_prepare_us_euro
[   18.820763] setHpSwGpioPin hp_sw_gpio gpio_is_valid failed
[   18.820893] msm_get_pinctrl: could not get mi2s_disable pinstate
[   18.839490] FG: fg_psy_get_property: unsupported property 1
[   18.930351] ueventd: firmware: loading 'CAMERA_ICP.elf' for '/devices/platform/soc/ac00000.qcom,a5/firmware/CAMERA_ICP.elf'
[   18.937787] ueventd: loading /devices/platform/soc/ac00000.qcom,a5/firmware/CAMERA_ICP.elf took 7ms
[   18.952009] CAM_INFO: CAM-ICP: cam_icp_mgr_hw_open: 2803 FW download done successfully
[   19.872135] CAM_ERR: CAM-SENSOR: cam_sensor_update_id_info: 506 Sensor Addr: 0x1010100 sensor_id: 0x13 sensor_mask: 0x0
[   19.884555] CAM_ERR: CAM-SENSOR: cam_sensor_match_id: 730 sensor id 0x13 matched
[   19.884787] CAM_INFO: CAM-SENSOR: cam_sensor_match_id: 753 imx519 sensor_version: 0x10
[   19.903480] CAM_ERR: CAM-SENSOR: cam_sensor_match_id: 765 sensor_id: 0x519, fuse_id:7bb0519285191389
[   19.903499] CAM_INFO: CAM-SENSOR: cam_sensor_driver_cmd: 888 Probe Succees,slot:0,slave_addr:0x34,sensor_id:0x519
[   19.907517] synaptics,s3320: F12_2D_QUERY_BASE = 4a 
[   19.907517]  			F12_2D_CMD_BASE  = 0 
[   19.907517] 			F12_2D_CTRL_BASE	= 13 
[   19.907517] 			F12_2D_DATA_BASE	= 8 
[   19.907517] 			
[   19.910563] synaptics,s3320: F34_FLASH_QUERY_BASE = 23 
[   19.910563] 			F34_FLASH_CMD_BASE	= 0 
[   19.910563] 			F34_FLASH_CTRL_BASE	= c 
[   19.910563] 			F34_FLASH_DATA_BASE	= 0 
[   19.910563] 			
[   19.912559] synaptics,s3320: F54_QUERY_BASE = 43 
[   19.912559] 			F54_CMD_BASE  = 42 
[   19.912559] 			F54_CTRL_BASE	= e 
[   19.912559] 			F54_DATA_BASE	= 0 
[   19.912559] 			
[   19.915113] synaptics,s3320: max_x = 1080,max_y = 2280; max_x_ic = 1079,max_y_ic = 2279
[   19.915523] synaptics,s3320: Firmware self check success
[   19.916196] synaptics,s3320: CURRENT_FIRMWARE_ID 0x4543313031303134!
[   19.917417] CAM_ERR: CAM-SENSOR: cam_sensor_driver_cmd: 1129 fuse_id:7bb0519285191389
[   19.918209] init: Command 'write /sys/devices/platform/soc/a90000.i2c/i2c-3/3-0020/tp_fw_update 0' action=boot (/vendor/etc/init/hw/init.target.rc:243) took 1586ms and succeeded
[   19.918307] init: Received control message 'start' for 'vendor.sensors.qti' from pid: 247 (start vendor.sensors.qti)
[   19.918345] init: starting service 'vendor.sensors.qti'...
[   19.924400] init: processing action (boot) from (/system/etc/init/bootstat.rc:61)
[   19.924686] init: Received control message 'start' for 'console' from pid: 274 (start console)
[   19.924720] init: Could not ctl.start for service console: Couldn't open console '/dev/ttyMSM0': No such file or directory
[   19.925156] init: processing action (boot) from (/system/etc/init/camera_service.rc:1)
[   19.925223] init: starting service 'exec 10 (/system/bin/micshm.sh)'...
[   19.931551] init: SVC_EXEC pid 289 (uid 0 gid 0+0 context default) started; waiting...
[   19.932642] init: Service 'qcom-c_core-sh' (pid 208) exited with status 0
[   19.944115] init: Received control message 'interface_start' for 'android.hardware.sensors@2.1::ISensors/default' from pid: 34 (/system/bin/hwservicemanager)
[   19.944137] init: Could not find service hosting interface android.hardware.sensors@2.1::ISensors/default
[   19.944399] init: Received control message 'interface_start' for 'android.hardware.sensors@2.0::ISensors/default' from pid: 34 (/system/bin/hwservicemanager)
[   19.944407] init: Could not find service hosting interface android.hardware.sensors@2.0::ISensors/default
[   19.949681] init: Received control message 'start' for 'vendor.sensors' from pid: 287 (start vendor.sensors)
[   19.949720] init: starting service 'vendor.sensors'...
[   19.953684] init: Service 'vendor-sensor-sh' (pid 212) exited with status 0
[   19.960793] boot_mode: 
[   19.963415] init: Service 'vendor.qcom-usb-sh' (pid 225) exited with status 0
[   19.975872] binder: undelivered death notification, 0000000000000000
[   19.980437] bt_ioctl: BT_CMD_PWR_CTRL pwr_cntrl:0
[   19.980462] bt_ioctl: BT chip state is already :0 no change d

[   19.980517] bt_ioctl: BT_CMD_PWR_CTRL pwr_cntrl:1
[   19.986064] 'opened /dev/sdsprpc-smd c 223 2'
[   19.994218] init: Service 'exec 10 (/system/bin/micshm.sh)' (pid 289) exited with status 0 waiting took 0.062000 seconds
[   19.994273] init: processing action (boot) from (/system/etc/init/dumpstate.rc:1)
[   19.994326] init: processing action (enable_property_trigger) from (<Builtin Action>:0)
[   19.994548] init: processing action (vold.decrypt=trigger_restart_framework) from (/init.rc:725)
[   19.994580] init: starting service 'qcom-c_main-sh'...
[   19.995987] init: starting service 'vendor.cnd'...
[   19.996852] init: starting service 'dpmQmiMgr'...
[   19.998502] init: Could not start service 'ptt_socket_app' as part of class 'main': Cannot find '/system/vendor/bin/ptt_socket_app': No such file or directory
[   19.998552] init: starting service 'vendor.vppservice'...
[   19.999466] init: Could not start service 'engineer_native' as part of class 'main': Cannot find '/system/bin/engineer_native': No such file or directory
[   19.999506] init: Could not start service 'oemasserttip' as part of class 'main': Cannot find '/system/bin/asserttip': No such file or directory
[   19.999535] init: starting service 'thermal-engine'...
[   20.000321] init: starting service 'adsprpcd'...
[   20.001065] init: starting service 'cdsprpcd'...
[   20.001819] init: starting service 'vendor.imsqmidaemon'...
[   20.002687] init: starting service 'vendor.imsrcsservice'...
[   20.002897] init: Created socket '/dev/socket/ims_qmid', mode 660, user 1000, group 1001
[   20.003921] init: Could not start service 'energy-awareness' as part of class 'main': Cannot find '/system/vendor/bin/energy-awareness': No such file or directory
[   20.003991] init: Could not start service 'smcinvoked' as part of class 'main': Cannot find '/system/bin/smcinvoked': No such file or directory
[   20.004114] init: starting service 'camera_service'...
[   20.005290] init: starting service 'drm'...
[   20.006387] init: starting service 'mediadrm'...
[   20.007657] init: starting service 'mediaextractor'...
[   20.008796] init: starting service 'minimedia'...
[   20.009918] binder: undelivered death notification, 0000000000000000
[   20.010138] init: Could not start service 'minisf' as part of class 'main': Cannot find '/system/bin/minisfservice': No such file or directory
[   20.010215] init: starting service 'miniaf'...
[   20.011394] init: starting service 'storaged'...
[   20.012576] init: starting service 'vendor.media.omx'...
[   20.012918] binder: undelivered death notification, 0000000000000000
[   20.013970] init: starting service 'wifidisplayhalservice'...
[   20.015585] init: Received control message 'interface_start' for 'android.hardware.radio@1.0::IRadio/slot1' from pid: 34 (/system/bin/hwservicemanager)
[   20.015615] init: Could not find service hosting interface android.hardware.radio@1.0::IRadio/slot1
[   20.015719] init: Could not start service 'nqnfcinfo' as part of class 'late_start': Cannot find '/system/vendor/bin/nqnfcinfo': No such file or directory
[   20.015814] init: starting service 'cnss-daemon'...
[   20.018250] init: Failed to open file '/d/mmc0/mmc0:0001/ext_csd': No such file or directory
[   20.019231] init: Could not start service 'ssgqmigd' as part of class 'late_start': Cannot find '/vendor/bin/ssgqmigd': No such file or directory
[   20.019287] init: Could not start service 'ssgtzd' as part of class 'late_start': Cannot find '/vendor/bin/ssgtzd': No such file or directory
[   20.019334] init: starting service 'mlid'...
[   20.031290] init: starting service 'loc_launcher'...
[   20.032375] init: starting service 'qcom-sh'...
[   20.033575] init: starting service 'crashdata-sh'...
[   20.034869] init: Could not start service 'qvop-daemon' as part of class 'late_start': Cannot find '/vendor/bin/qvop-daemon': No such file or directory
[   20.034936] init: starting service 'vendor.atfwd'...
[   20.035017] init: Created socket '/dev/socket/mlid', mode 666, user 1021, group 1021
[   20.035289] 'opened /dev/cdsprpc-smd c 223 3'
[   20.036199] init: Could not start service 'qseeproxydaemon' as part of class 'late_start': Cannot find '/system/vendor/bin/qseeproxydaemon': No such file or directory
[   20.036265] init: Could not start service 'vendor.qdmastatsd' as part of class 'late_start': Cannot find '/system/vendor/bin/qdmastatsd': No such file or directory
[   20.036320] init: starting service 'seemp_healthd'...
[   20.038981] init: starting service 'chre'...
[   20.040265] init: starting service 'engineermode-sh'...
[   20.041254] init: starting service 'oem_audio_device'...
[   20.042285] init: Could not start service 'ifaadaemon' as part of class 'late_start': Cannot find '/vendor/bin/ifaadaemon': No such file or directory
[   20.042349] init: Could not start service 'remosaic_deamon' as part of class 'late_start': Cannot find '/vendor/bin/remosaic_daemon': No such file or directory
[   20.042427] init: Could not start service 'seempd' as part of class 'late_start': Cannot find '/system/bin/seempd': No such file or directory
[   20.042514] init: starting service 'tombstoned'...
[   20.044757] init: starting service 'usbd'...
[   20.045951] init: starting service 'faceulnative'...
[   20.047101] init: starting service 'vendor.ifaa_hal'...
[   20.047529] 'opened /dev/adsprpc-smd c 223 0'
[   20.048278] init: starting service 'vendor.rpmb_hal'...
[   20.049790] init: Received control message 'interface_start' for 'android.hardware.radio@1.1::IRadio/slot1' from pid: 34 (/system/bin/hwservicemanager)
[   20.049826] init: Could not find service hosting interface android.hardware.radio@1.1::IRadio/slot1
[   20.049888] init: processing action (security.perf_harden=1) from (/init.rc:751)
[   20.058746] init: Created socket '/dev/socket/thermal-send-client', mode 666, user 1000, group 1000
[   20.058789] init: Created socket '/dev/socket/thermal-recv-client', mode 660, user 1000, group 1000
[   20.058818] init: Created socket '/dev/socket/thermal-recv-passive-client', mode 666, user 1000, group 1000
[   20.058851] init: Created socket '/dev/socket/thermal-send-rule', mode 660, user 1000, group 1000
[   20.063742] init: Created socket '/dev/socket/chre', mode 660, user 0, group 1000
[   20.067296] init: Created socket '/dev/socket/tombstoned_crash', mode 666, user 1000, group 1000
[   20.067401] init: Created socket '/dev/socket/tombstoned_intercept', mode 666, user 1000, group 1000
[   20.067481] init: Created socket '/dev/socket/tombstoned_java_trace', mode 666, user 1000, group 1000
[   20.079951] subsys-restart: __subsystem_get(): Changing subsys fw_name to modem
[   20.089439] CAM_ERR: CAM-SENSOR: cam_sensor_update_id_info: 506 Sensor Addr: 0x0 sensor_id: 0x0 sensor_mask: 0x0
[   20.090994] init: Received control message 'interface_start' for 'android.hardware.radio@1.2::IRadio/slot1' from pid: 34 (/system/bin/hwservicemanager)
[   20.091037] init: Could not find service hosting interface android.hardware.radio@1.2::IRadio/slot1
[   20.091149] init: processing action (ro.debuggable=1) from (/init.rc:777)
[   20.091383] init: Received control message 'interface_start' for 'android.hardware.radio@1.0::IRadio/slot2' from pid: 34 (/system/bin/hwservicemanager)
[   20.091401] init: Could not find service hosting interface android.hardware.radio@1.0::IRadio/slot2
[   20.091854] init: Received control message 'interface_start' for 'android.hardware.radio@1.1::IRadio/slot2' from pid: 34 (/system/bin/hwservicemanager)
[   20.091871] init: Could not find service hosting interface android.hardware.radio@1.1::IRadio/slot2
[   20.091920] init: processing action (persist.vendor.qcomsysd.enabled=1) from (/vendor/etc/init/hw/init.qcom.rc:492)
[   20.093594] ipa-wan ipa3_ssr_notifier_cb:2724 IPA received MPSS BEFORE_POWERUP
[   20.095229] ipa ipa3_uc_state_check:289 uC is not loaded
[   20.095259] ipa-wan ipa3_ssr_notifier_cb:2736 IPA BEFORE_POWERUP handling is complete
[   20.096863] init: Received control message 'interface_start' for 'android.hardware.radio@1.2::IRadio/slot2' from pid: 34 (/system/bin/hwservicemanager)
[   20.096881] init: Could not find service hosting interface android.hardware.radio@1.2::IRadio/slot2
[   20.097321] pil-q6v5-mss 4080000.qcom,mss: modem: loading from 0x000000008e000000 to 0x0000000095800000
[   20.097619] init: processing action (vold.decrypt=trigger_restart_framework) from (/vendor/etc/init/hw/init.qcom.rc:597)
[   20.099576] init: Command 'start wcnss-service' action=vold.decrypt=trigger_restart_framework (/vendor/etc/init/hw/init.qcom.rc:599) took 0ms and failed: service wcnss-service not found
[   20.101204] init: processing action (vendor.display.lcd_density=*) from (/vendor/etc/init/hw/init.qcom.rc:1194)
[   20.107704] init: Subcontext init could not set 'ro.sf.lcd_density' to '480': Read-only property was already set
[   20.112308] init: processing action (persist.vendor.oem.dump=0) from (/vendor/etc/init/hw/init.oem.debug.rc:49)
[   20.112618] set_dload_mode ON
[   20.112906] set_dload_mode ON
[   20.113566] init: processing action (init.svc.vendor.per_mgr=running) from (/vendor/etc/init/hw/init.target.rc:208)
[   20.113632] init: starting service 'vendor.per_proxy'...
[   20.114602] init: processing action (vold.decrypt=trigger_restart_framework) from (/vendor/etc/init/hw/init.target.rc:435)
[   20.116135] init: processing action (init.svc.vendor.hwcomposer-2-1=running) from (/vendor/etc/init/hw/init.target.rc:463)
[   20.116214] CAM_ERR: CAM-SENSOR: cam_sensor_match_id: 733 sensor id register is 0x0
[   20.116225] init: starting service 'ppd'...
[   20.117441] init: processing action (nonencrypted) from (/init.rc:695)
[   20.117472] CAM_INFO: CAM-SENSOR: cam_sensor_driver_cmd: 888 Probe Succees,slot:2,slave_addr:0x20,sensor_id:0x371
[   20.119828] init: processing action (init.svc.mediadrm=running) from (/vendor/etc/init/android.hardware.drm@1.1-service.widevine.rc:1)
[   20.127885] ueventd: firmware: loading 'msadp' for '/devices/platform/soc/4080000.qcom,mss/firmware/msadp'
[   20.127960] ueventd: firmware: could not find firmware for msadp
[   20.128107] pil-q6v5-mss 4080000.qcom,mss: Debug policy not present - msadp. Continue.
[   20.128145] pil-q6v5-mss 4080000.qcom,mss: Loading MBA and DP (if present) from 0x0000000096500000 to 0x0000000096600000
[   20.131465] ueventd: loading /devices/platform/soc/4080000.qcom,mss/firmware/msadp took 3ms
[   20.132363] init: Created socket '/dev/socket/pps', mode 660, user 1000, group 1000
[   20.136482] init: processing action (vendor.ims.QMI_DAEMON_STATUS=1) from (/vendor/etc/init/hw/init.target.rc:432)
[   20.138792] QSEECOM: qseecom_load_app: App (dhsecapp) does'nt exist, loading apps for first time
[   20.143859] init: starting service 'vendor.imsdatadaemon'...
[   20.144869] init: Service 'engineermode-sh' (pid 338) exited with status 0
[   20.144943] init: Service 'oem_audio_device' (pid 339) exited with status 0
[   20.148664] init: Created socket '/dev/socket/ims_datad', mode 660, user 1000, group 1001
[   20.152533] init: processing action (sys.boot_completed=1) from (/init.rc:735)
[   20.152632] init: processing action (sys.boot_completed=1) from (/vendor/etc/init/hw/init.qcom.rc:543)
[   20.152885] Boot completed 
[   20.154596] init: processing action (sys.boot_completed=1) from (/vendor/etc/init/hw/init.qcom.rc:1008)
[   20.154662] init: starting service 'qcom-post-boot'...
[   20.155662] init: Received control message 'interface_start' for 'android.frameworks.sensorservice@1.0::ISensorManager/default' from pid: 34 (/system/bin/hwservicemanager)
[   20.155683] init: Could not find service hosting interface android.frameworks.sensorservice@1.0::ISensorManager/default
[   20.155788] init: starting service 'qti-testscripts'...
[   20.156758] init: Received control message 'interface_start' for 'android.frameworks.sensorservice@1.0::ISensorManager/default' from pid: 34 (/system/bin/hwservicemanager)
[   20.156822] init: Could not find service hosting interface android.frameworks.sensorservice@1.0::ISensorManager/default
[   20.156839] init: processing action (sys.boot_completed=1) from (/vendor/etc/init/hw/init.oem.rc:205)
[   20.157117] init: processing action (sys.boot_completed=1) from (/vendor/etc/init/hw/init.oem.rc:498)
[   20.157896] init: processing action (sys.boot_completed=1 && sys.logbootcomplete=1) from (/system/etc/init/bootstat.rc:70)
[   20.157947] init: starting service 'exec 11 (/system/bin/bootstat --set_system_boot_reason --record_boot_complete --record_boot_reason --record_time_since_factory_reset -l)'...
[   20.158866] init: processing action (sys.boot_completed=1) from (/system/etc/init/init.halium.rc:40)
[   20.197591] init: Service 'crashdata-sh' (pid 332) exited with status 0
[   20.204658] CAM_ERR: CAM-SENSOR: cam_sensor_update_id_info: 506 Sensor Addr: 0x1010100 sensor_id: 0x13 sensor_mask: 0x0
[   20.206519] pil-q6v5-mss 4080000.qcom,mss: MBA boot done
[   20.211926] init: Service 'qti-testscripts' (pid 419) exited with status 127
[   20.212269] logd: logdr: UID=1000 GID=1007 PID=420 n tail=0 logMask=80 pid=0 start=0ns timeout=0ns
[   20.236447] CAM_ERR: CAM-SENSOR: cam_sensor_match_id: 730 sensor id 0x13 matched
[   20.236587] CAM_INFO: CAM-SENSOR: cam_sensor_driver_cmd: 888 Probe Succees,slot:1,slave_addr:0x20,sensor_id:0x376
[   20.262582] init: Service 'usbd' (pid 341) exited with status 0
[   20.265022] init: processing action (ro.boot.bootreason=*) from (/system/etc/init/bootstat.rc:4)
[   20.265984] init: Service 'exec 11 (/system/bin/bootstat --set_system_boot_reason --record_boot_complete --record_boot_reason --record_time_since_factory_reset -l)' (pid 420) exited with status 0
[   20.277633] QSEECOM: qseecom_load_app: App with id 3 (dhsecapp) now loaded
[   20.339679] QSEECOM: qseecom_load_app: App (haventkn) does'nt exist, loading apps for first time
[   20.379816] QSEECOM: qseecom_load_app: App with id 4 (haventkn) now loaded
[   20.385075] init: Received control message 'start' for 'vendor.msm_irqbalance' from pid: 480 (start vendor.msm_irqbalance)
[   20.385111] init: starting service 'vendor.msm_irqbalance'...
[   20.390071] init: Received control message 'interface_start' for 'android.hardware.camera.provider@2.4::ICameraProvider/legacy/0' from pid: 34 (/system/bin/hwservicemanager)
[   20.390097] init: Could not find service hosting interface android.hardware.camera.provider@2.4::ICameraProvider/legacy/0
[   20.390450] init: Received control message 'interface_start' for 'android.hardware.camera.provider@2.4::ICameraProvider/legacy/0' from pid: 34 (/system/bin/hwservicemanager)
[   20.390460] init: Could not find service hosting interface android.hardware.camera.provider@2.4::ICameraProvider/legacy/0
[   20.444398] CAM_ERR: CAM-EEPROM: cam_eeprom_read_memory: 177 OIS module 0x24
[   20.450450] init: Received control message 'start' for 'vendor.qcrild' from pid: 502 (start vendor.qcrild)
[   20.450535] init: starting service 'vendor.qcrild'...
[   20.471724] init: Received control message 'start' for 'vendor.ipacm-diag' from pid: 506 (start vendor.ipacm-diag)
[   20.471784] init: starting service 'vendor.ipacm-diag'...
[   20.473301] init: Created socket '/dev/socket/ipacm_log_file', mode 660, user 1001, group 1001
[   20.484580] init: processing action (ro.vendor.ril.mbn_copy_completed=1) from (/vendor/etc/init/hw/init.qcom.rc:1012)
[   20.500750] init: Received control message 'start' for 'vendor.ipacm' from pid: 513 (start vendor.ipacm)
[   20.500821] init: starting service 'vendor.ipacm'...
[   20.511593] init: Service 'qcom-sh' (pid 331) exited with status 0
[   20.529069] init: Received control message 'start' for 'vendor.qcrild2' from pid: 521 (start vendor.qcrild2)
[   20.529150] init: starting service 'vendor.qcrild2'...
[   20.547774] init: Received control message 'start' for 'vendor.netmgrd' from pid: 524 (start vendor.netmgrd)
[   20.547853] init: starting service 'vendor.netmgrd'...
[   20.575704] init: Service 'qcom-c_main-sh' (pid 303) exited with status 0
[   20.587855] init: Service 'qcom-post-boot' (pid 416) exited with status 0
[   20.820173] IRQ6 no longer affine to CPU4
[   20.879661] healthd: battery l=100 v=4382 t=22.7 h=2 st=2 c=25 fc=2878000 cc=0 chg=a
[   21.000288] IRQ6 no longer affine to CPU4
[   21.384064] healthd: battery l=100 v=4382 t=22.7 h=2 st=2 c=25 fc=2878000 cc=0 chg=a
[   21.821992] pil-q6v5-mss 4080000.qcom,mss: modem: Brought out of reset
[   21.884675] pil-q6v5-mss 4080000.qcom,mss: Subsystem error monitoring/handling services are up
[   21.887506] ipa-wan ipa3_ssr_notifier_cb:2740 ipa3_ssr_notifier_cb:2740 IPA received MPSS AFTER_POWERUP
[   21.887515] ipa-wan ipa3_ssr_notifier_cb:2745 IPA AFTER_POWERUP handling is complete
[   21.887623] apr_tal_link_state_cb: edge[mpss] link state[0]
[   21.996846] service-notifier: root_service_service_arrive: Connection established between QMI handle and 180 service
[   21.998050] sysmon-qmi: sysmon_clnt_svc_arrive: Connection established between QMI handle and modem's SSCTL service
[   21.998145] rmt_storage:INFO:rmt_storage_open_cb: Processing: Open Request for /boot/modem_fs1!
[   22.000297] rmt_storage:INFO:rmt_storage_open_cb: Processing: Open Request for /boot/modem_fs2!
[   22.001127] rmt_storage:INFO:rmt_storage_open_cb: Processing: Open Request for /boot/modem_fsg!
[   22.001867] rmt_storage:INFO:rmt_storage_open_cb: Processing: Open Request for /boot/modem_fsc!
[   22.005637] init: Received control message 'interface_start' for 'android.hardware.radio@1.2::IRadio/slot1' from pid: 34 (/system/bin/hwservicemanager)
[   22.005685] init: Could not find service hosting interface android.hardware.radio@1.2::IRadio/slot1
[   22.005728] binder: undelivered death notification, 0000000000000000
[   22.005910] init: Received control message 'interface_start' for 'android.hardware.radio@1.0::IRadio/slot1' from pid: 34 (/system/bin/hwservicemanager)
[   22.005931] init: Could not find service hosting interface android.hardware.radio@1.0::IRadio/slot1
[   22.006055] init: Received control message 'interface_start' for 'android.hardware.radio@1.1::IRadio/slot1' from pid: 34 (/system/bin/hwservicemanager)
[   22.006074] init: Could not find service hosting interface android.hardware.radio@1.1::IRadio/slot1
[   22.006192] init: Received control message 'interface_start' for 'android.hardware.radio@1.1::IRadio/slot2' from pid: 34 (/system/bin/hwservicemanager)
[   22.006211] init: Could not find service hosting interface android.hardware.radio@1.1::IRadio/slot2
[   22.006334] init: Received control message 'interface_start' for 'android.hardware.radio@1.2::IRadio/slot2' from pid: 34 (/system/bin/hwservicemanager)
[   22.006353] init: Could not find service hosting interface android.hardware.radio@1.2::IRadio/slot2
[   22.006551] init: Received control message 'interface_start' for 'android.hardware.radio@1.0::IRadio/slot2' from pid: 34 (/system/bin/hwservicemanager)
[   22.006570] init: Could not find service hosting interface android.hardware.radio@1.0::IRadio/slot2
[   22.019708] rmt_storage:INFO:rmt_storage_alloc_buff_cb: Received req_size: 0! avail: 2097152
[   22.021837] rmt_storage:INFO:rmt_storage_rw_iovec_cb: Read iovec request received for /oem/nvbk/static
[   22.021953] rmt_storage:INFO:rmt_storage_client_thread: Calling Read [offset=0, size=512]for /oem/nvbk/static!
[   22.022769] rmt_storage:INFO:rmt_storage_client_thread: Done Read (bytes = 512) for /oem/nvbk/static!
[   22.024381] rmt_storage:INFO:rmt_storage_rw_iovec_cb: Read iovec request received for /oem/nvbk/static
[   22.024503] rmt_storage:INFO:rmt_storage_client_thread: Calling Read [offset=512, size=971776]for /oem/nvbk/static!
[   22.035704] rmt_storage:INFO:rmt_storage_client_thread: Done Read (bytes = 971776) for /oem/nvbk/static!
[   22.056395] rmt_storage:INFO:rmt_storage_rw_iovec_cb: Read iovec request received for /oem/nvbk/dynamic
[   22.056723] rmt_storage:INFO:rmt_storage_client_thread: Calling Read [offset=0, size=512]for /oem/nvbk/dynamic!
[   22.057597] rmt_storage:INFO:rmt_storage_client_thread: Done Read (bytes = 512) for /oem/nvbk/dynamic!
[   22.058833] rmt_storage:INFO:rmt_storage_rw_iovec_cb: Read iovec request received for /oem/nvbk/dynamic
[   22.058944] rmt_storage:INFO:rmt_storage_client_thread: Calling Read [offset=512, size=1145856]for /oem/nvbk/dynamic!
[   22.068002] rmt_storage:INFO:rmt_storage_client_thread: Done Read (bytes = 1145856) for /oem/nvbk/dynamic!
[   22.087568] init: starting service 'keymaster-3-0'...
[   22.093224] rmt_storage:INFO:rmt_storage_rw_iovec_cb: Read iovec request received for /boot/modem_fs1
[   22.099320] rmt_storage:INFO:rmt_storage_client_thread: Calling Read [offset=512, size=512]for /boot/modem_fs1!
[   22.100539] rmt_storage:INFO:rmt_storage_client_thread: Done Read (bytes = 512) for /boot/modem_fs1!
[   22.102906] rmt_storage:INFO:rmt_storage_rw_iovec_cb: Read iovec request received for /boot/modem_fs2
[   22.103185] rmt_storage:INFO:rmt_storage_client_thread: Calling Read [offset=512, size=512]for /boot/modem_fs2!
[   22.104364] rmt_storage:INFO:rmt_storage_client_thread: Done Read (bytes = 512) for /boot/modem_fs2!
[   22.109438] rmt_storage:INFO:rmt_storage_rw_iovec_cb: Read iovec request received for /boot/modem_fs2
[   22.112923] rmt_storage:INFO:rmt_storage_client_thread: Calling Read [offset=1024, size=2096128]for /boot/modem_fs2!
[   22.125290] rmt_storage:INFO:rmt_storage_client_thread: Done Read (bytes = 2096128) for /boot/modem_fs2!
[   22.259441] diag: In diag_send_feature_mask_update, control channel is not open, p: 0, 0000000000000000
[   22.264021] diag: In diag_send_peripheral_buffering_mode, buffering flag not set for 0
[   22.356552] Sending QMI_IPA_INIT_MODEM_DRIVER_REQ_V01
[   22.356676] ipa-wan ipa3_handle_indication_req:152 not send indication
[   22.363909] ipa ipa3_uc_wdi_event_log_info_handler:364 WDI stats ofst=0x47130
[   22.363928] ipa ipa3_uc_ntn_event_log_info_handler:39 NTN feature missing 0x9
[   22.367200] QMI_IPA_INIT_MODEM_DRIVER_REQ_V01 response received
[   22.395816] IPC_RTR: process_new_server_msg: Server 00001002 create rejected, version = 0
[   22.428709] msm_qti_pp_get_rms_value_control, back not active to query rms be_idx:3
[   22.433605] core_get_license_status: cmdrsp_license_result.result = 0x15 for module 0x131ff
[   22.434072] msm-ext-disp-audio-codec-rx soc:qcom,msm-ext-disp:qcom,msm-ext-disp-audio-codec-rx: msm_ext_disp_audio_type_get: codec_data, get_audio_edid_blk() or get_intf_id is NULL
[   22.434280] max98927_info_rivision_ctl
[   22.434318] max98927_get_rivision_ctl
[   22.434391] max98927_spk_gain_get: spk_gain setting returned 0
[   22.434462] max98927_digital_gain_get: spk_gain setting returned 0
[   22.439748] max98927_mono_out_get_l: value:128
[   22.439932] max98927_mono_out_get_r: value:0
[   22.440249] max98927_feedback_en_get_l: value:3
[   22.440466] max98927_feedback_en_get_r: value:0
[   22.440975] max98927_left_channel_enable_get: value:0
[   22.441048] max98927_right_channel_enable_get: value:0
[   22.544002] init: Service 'fake_crypt' (pid 165) exited with status 0
[   22.585977] msm_mi2s_snd_startup: MI2S TLMM pinctrl set failed with -22
[   22.586280] max98927_dai_hw_params: format supported 16
[   22.587330] max98927_set_clock: BLCK fix to 32
[   22.596588] max98927_feedback_event---feedback event 1
[   22.596597] max98927_feedback_event---feedback event 2
[   22.596658] max98927_stream_mute--- stream 1, mute 0 
[   22.596841] rdc_check_valid: rdc=0 invalid, [241833636, 403056239] 
[   22.596887] max989xx_calib_get No found
[   22.596890] rdc_check_valid: rdc=0 invalid, [241833636, 403056239] 
[   22.597221] max98927_stream_mute ------ enable max98927 capture
[   22.599911] max98927_dai_hw_params: format supported 16
[   22.599918] max98927_set_clock: BLCK fix to 32
[   22.600798] max98927_feedforward_event---feedforward event 1
[   22.600802] max98927_feedforward_event---feedforward event 2
[   22.608008] max98927_stream_mute--- stream 0, mute 0 
[   22.608354] max98927_stream_mute ------ enable max98927 playback 
[   22.614786] healthd: battery l=100 v=4369 t=22.7 h=2 st=2 c=295 fc=2878000 cc=0 chg=a
[   22.740132] IRQ6 no longer affine to CPU5
[   22.883257] pil-q6v5-mss 4080000.qcom,mss: modem: Power/Clock ready interrupt received
[   22.909901] msm_vidc: info: Opening video instance: 0000000000000000, 1
[   22.913164] subsys-restart: __subsystem_get(): Changing subsys fw_name to venus
[   22.915491] subsys-pil-tz aae0000.qcom,venus: loading /vendor/firmware_mnt/image/venus.mdt failed with error -13
[   22.917194] ueventd: firmware: loading 'venus.mdt' for '/devices/platform/soc/aae0000.qcom,venus/firmware/venus.mdt'
[   22.919955] subsys-pil-tz aae0000.qcom,venus: venus: loading from 0x0000000095800000 to 0x0000000095d00000
[   22.920258] ueventd: loading /devices/platform/soc/aae0000.qcom,venus/firmware/venus.mdt took 3ms
[   22.957440] subsys-pil-tz aae0000.qcom,venus: loading /vendor/firmware_mnt/image/venus.b02 failed with error -13
[   22.959451] ueventd: firmware: loading 'venus.b02' for '/devices/platform/soc/aae0000.qcom,venus/firmware/venus.b02'
[   22.993012] ueventd: loading /devices/platform/soc/aae0000.qcom,venus/firmware/venus.b02 took 33ms
[   22.993467] subsys-pil-tz aae0000.qcom,venus: loading /vendor/firmware_mnt/image/venus.b03 failed with error -13
[   23.004750] ueventd: firmware: loading 'venus.b03' for '/devices/platform/soc/aae0000.qcom,venus/firmware/venus.b03'
[   23.032415] subsys-pil-tz aae0000.qcom,venus: loading /vendor/firmware_mnt/image/venus.b04 failed with error -13
[   23.032971] ueventd: loading /devices/platform/soc/aae0000.qcom,venus/firmware/venus.b03 took 28ms
[   23.037713] ueventd: firmware: loading 'venus.b04' for '/devices/platform/soc/aae0000.qcom,venus/firmware/venus.b04'
[   23.050565] ueventd: loading /devices/platform/soc/aae0000.qcom,venus/firmware/venus.b04 took 12ms
[   23.055622] subsys-pil-tz aae0000.qcom,venus: venus: Brought out of reset
[   23.083806] msm_vidc: warn: Unknown control (990a67, 0)
[   23.083816] msm_vidc: warn: Invalid max level
[   23.083992] msm_vidc: info: Closed video instance: 0000000000000000
[   23.084019] msm_vidc: info: Opening video instance: 0000000000000000, 0
[   23.084214] msm_vidc: warn: Unknown control (990a67, 0)
[   23.084217] msm_vidc: warn: Invalid max level
[   23.084463] msm_vidc: info: Closed video instance: 0000000000000000
[   23.089025] CAM_ERR: CAM-CPAS: cam_cpas_subdev_ioctl: 454 Invalid command -2140645888 for CPAS!
[   23.089145] CAM_ERR: CAM-CORE: cam_subdev_ioctl: 68 Invalid command -2140645888 for cam-isp
[   23.089207] CAM_ERR: CAM-SENSOR: cam_sensor_subdev_ioctl: 88 Invalid ioctl cmd: -2140645888
[   23.089263] CAM_ERR: CAM-SENSOR: cam_sensor_subdev_ioctl: 88 Invalid ioctl cmd: -2140645888
[   23.089322] CAM_ERR: CAM-FLASH: cam_flash_subdev_ioctl: 229 Invalid ioctl cmd type
[   23.089570] CAM_ERR: CAM-ICP: cam_icp_subdev_open: 67 ICP subdev is already opened
[   23.089626] CAM_ERR: CAM-CORE: cam_subdev_ioctl: 68 Invalid command -2140645888 for cam-jpeg
[   23.089684] CAM_ERR: CAM-CORE: cam_subdev_ioctl: 68 Invalid command -2140645888 for cam-fd
[   23.089743] CAM_ERR: CAM-CCI: cam_cci_subdev_ioctl: 34 Invalid Args
[   23.089802] CAM_ERR: CAM-CORE: cam_subdev_ioctl: 68 Invalid command -2140645888 for cam-lrme
[   23.089858] CAM_ERR: CAM-CSIPHY: cam_csiphy_subdev_ioctl: 34 Wrong ioctl : -2140645888
[   23.089916] CAM_ERR: CAM-CSIPHY: cam_csiphy_subdev_ioctl: 34 Wrong ioctl : -2140645888
[   23.089976] CAM_ERR: CAM-CSIPHY: cam_csiphy_subdev_ioctl: 34 Wrong ioctl : -2140645888
[   23.090113] CAM_ERR: CAM-CSIPHY: cam_csiphy_subdev_ioctl: 34 Wrong ioctl : -2140645888
[   23.090173] CAM_ERR: CAM-ACTUATOR: cam_actuator_subdev_ioctl: 31 Invalid ioctl cmd
[   23.090229] CAM_ERR: CAM-ACTUATOR: cam_actuator_subdev_ioctl: 31 Invalid ioctl cmd
[   23.090285] CAM_ERR: CAM-SENSOR: cam_sensor_subdev_ioctl: 88 Invalid ioctl cmd: -2140645888
[   23.144035] init: Unable to set property 'ro.vendor.ril.svlte1x' to 'false' from uid:1001 gid:1001 pid:505: Read-only property was already set
[   23.144656] init: Unable to set property 'ro.vendor.ril.svdo' to 'false' from uid:1001 gid:1001 pid:505: Read-only property was already set
[   23.181444] init: Unable to set property 'ro.ril.supportLTE' to '1' from uid:1001 gid:1001 pid:505: Read-only property was already set
[   23.264132] service-notifier: root_service_service_ind_cb: Indication received from msm/modem/wlan_pd, state: 0x1fffffff, trans-id: 1
[   23.264927] service-notifier: send_ind_ack: Indication ACKed for transid 1, service msm/modem/wlan_pd, instance 180!
[   23.272353] icnss: QMI Server Connected: state: 0x981
[   23.334835] IPC_RTR: process_new_server_msg: Server 00001003 create rejected, version = 0
[   23.470118] ip_local_port_range: prefer different parity for start/end values.
[   23.520526] BQ: bq27411_modify_soc_smooth_parameter: bq27411_modify_soc_smooth_parameter begin
[   23.614576] BQ: unseal: bq27541 : i=1,bq27541_di->device_type=1
[   23.672782] BQ: bq27411_enable_config_mode: bq27411_enable_config_mode success i = 1, config_mode = 0x218, enable = 1
[   24.005272] init: Received control message 'interface_start' for 'android.hardware.radio.deprecated@1.0::IOemHook/slot1' from pid: 34 (/system/bin/hwservicemanager)
[   24.005318] init: Could not find service hosting interface android.hardware.radio.deprecated@1.0::IOemHook/slot1
[   24.010958] init: Received control message 'interface_start' for 'android.hardware.radio.deprecated@1.0::IOemHook/slot2' from pid: 34 (/system/bin/hwservicemanager)
[   24.011009] init: Could not find service hosting interface android.hardware.radio.deprecated@1.0::IOemHook/slot2
[   24.308070] ipa ipa3_assign_policy:2878 get close-by 8192
[   24.308087] ipa ipa3_assign_policy:2884 set rx_buff_sz 7680
[   24.308093] ipa ipa3_assign_policy:2906 set aggr_limit 6
[   24.314262] ipa-wan ipa3_wwan_ioctl:1715 dev(rmnet_data0) register to IPA
[   24.523183] ipa-wan ipa3_wwan_ioctl:1715 dev(rmnet_data1) register to IPA
[   24.691360] BQ: bq27411_enable_config_mode: bq27411_enable_config_mode success i = 37, config_mode = 0x208, enable = 0
[   24.704042] BQ: bq27411_modify_soc_smooth_parameter: bq27411_modify_soc_smooth_parameter end
[   24.748678] ipa-wan ipa3_wwan_ioctl:1715 dev(rmnet_data2) register to IPA
[   24.977075] ipa-wan ipa3_wwan_ioctl:1715 dev(rmnet_data3) register to IPA
[   25.147223] ipa-wan ipa3_wwan_ioctl:1715 dev(rmnet_data4) register to IPA
[   25.359565] healthd: battery l=100 v=4367 t=22.7 h=2 st=2 c=242 fc=2878000 cc=0 chg=a
[   25.380457] ipa-wan ipa3_wwan_ioctl:1715 dev(rmnet_data5) register to IPA
[   25.548593] ipa-wan ipa3_wwan_ioctl:1715 dev(rmnet_data6) register to IPA
[   25.693825] ipa-wan ipa3_wwan_ioctl:1715 dev(rmnet_data7) register to IPA
[   25.731751] ipa-wan ipa3_wwan_ioctl:1715 dev(rmnet_data8) register to IPA
[   25.775205] ipa-wan ipa3_wwan_ioctl:1715 dev(rmnet_data9) register to IPA
[   25.818372] ipa-wan ipa3_wwan_ioctl:1715 dev(rmnet_data10) register to IPA
[   26.080361] IRQ6 no longer affine to CPU4
[   26.212397] icnss: WLAN FW is ready: 0xd87
[   26.213241] wlan: probing driver v5.1.1.74R
[   26.213315] ipa ipa3_uc_reg_rdyCB:1774 bad parm. inout=          (null) 
[   26.216481] ueventd: firmware: loading 'wlan/qca_cld/WCNSS_qcom_cfg.ini' for '/devices/platform/soc/18800000.qcom,icnss/firmware/wlan!qca_cld!WCNSS_qcom_cfg.ini'
[   26.220003] ueventd: loading /devices/platform/soc/18800000.qcom,icnss/firmware/wlan!qca_cld!WCNSS_qcom_cfg.ini took 3ms
[   26.221744] binder: undelivered death notification, 0000000000000000
[   26.221781] ipa ipa3_uc_reg_rdyCB:1774 bad parm. inout=          (null) 
[   26.224147] R0: [kworker/u16:2][591733926] [19:12:50.245250]  wlan: [318:I :HDD] hdd_wlan_start_modules: 2366: Wlan transition (UNINITIALIZED -> CLOSED)
[   26.224165] R0: [kworker/u16:2][591734322] [19:12:50.245271]  wlan: [318:I :HDD] hdd_wlan_start_modules: 2370: Wlan transition (CLOSED -> OPENED)
[   26.224433] init: Received control message 'interface_start' for 'vendor.sprd.hardware.power@4.0::IPower/default' from pid: 34 (/system/bin/hwservicemanager)
[   26.224476] init: Could not find service hosting interface vendor.sprd.hardware.power@4.0::IPower/default
[   26.224660] ipa ipa3_uc_reg_rdyCB:1774 bad parm. inout=          (null) 
[   26.224708] R0: [kworker/u16:2][591744324] [19:12:50.245792]  wlan: [318:W :HIF] hif_snoc_enable_bus: device_init_wakeup already done
[   26.273762] IPC_RTR: process_new_server_msg: Server 00001003 create rejected, version = 0
[   26.275582] R0: [kworker/u16:2][592721478] [19:12:50.296685]  wlan: [318:E :QDF] cds_get_context: Module ID 21 context is Null
[   26.278325] R0: [cds_mc_thread][592774110] [19:12:50.299426]  wlan: [3382:I :QDF] cds_mc_thread: MC Thread 3382 (cds_mc_thread) starting up
[   26.278698] R0: [kworker/u16:2][592780817] [19:12:50.299776]  wlan: [318:E :QDF] cds_get_context: Module ID 21 context is Null
[   26.279100] R0: [kworker/u16:2][592789035] [19:12:50.300204]  wlan: [318:E :QDF] ol_if_dfs_attach: called; ptr=0000000000000000, radar_info=0000000000000000

[   26.284891] R0: [kworker/u16:2][592900116] [19:12:50.305989]  wlan: [318:E :QDF] Target Ready! TX resource : 2 size:2184, MaxMsgsPerHTCBundle = 1
[   26.284950] R0: [kworker/u16:2][592900752] [19:12:50.306022]  wlan: [318:E :QDF] SVS Index : 1 TX : 0x100 : alloc:2
[   26.284966] R0: [kworker/u16:2][592901683] [19:12:50.306071]  wlan: [318:E :QDF] SVC:0x0001, ULpipe:0 DLpipe:2 id:0 Ready
[   26.285407] R0: [kworker/u16:2][592910126] [19:12:50.306510]  wlan: [318:I :HTT] full_reorder_offloaded 1
[   26.285447] R0: [kworker/u16:2][592910928] [19:12:50.306552]  wlan: [318:I :HTT] ce_classify 1
[   26.285614] R0: [kworker/u16:2][592914081] [19:12:50.306717]  wlan: [318:E :QDF] SVC:0x0300, ULpipe:4 DLpipe:1 id:1 Ready
[   26.285628] R0: [kworker/u16:2][592914399] [19:12:50.306733]  wlan: [318:E :QDF] SVC:0x0300 ep:1 TX flow control disabled
[   26.286393] R0: [kworker/u16:2][592922673] [19:12:50.307164]  wlan: [318:I :HIF] hif_map_service_to_pipe: ul pipe is NOT updated for service 769
[   26.286408] R0: [kworker/u16:2][592929357] [19:12:50.307512]  wlan: [318:E :QDF] SVC:0x0301, ULpipe:0 DLpipe:9 id:2 Ready
[   26.286418] R0: [kworker/u16:2][592929572] [19:12:50.307523]  wlan: [318:E :QDF] SVC:0x0301 ep:2 TX flow control disabled
[   26.286430] R0: [kworker/u16:2][592929789] [19:12:50.307534]  wlan: [318:I :HIF] hif_map_service_to_pipe: ul pipe is NOT updated for service 769
[   26.286554] R0: [kworker/u16:2][592932130] [19:12:50.307657]  wlan: [318:I :HIF] hif_map_service_to_pipe: ul pipe is NOT updated for service 770
[   26.286568] R0: [kworker/u16:2][592932449] [19:12:50.307673]  wlan: [318:E :QDF] SVC:0x0302, ULpipe:0 DLpipe:10 id:3 Ready
[   26.286579] R0: [kworker/u16:2][592932654] [19:12:50.307684]  wlan: [318:E :QDF] SVC:0x0302 ep:3 TX flow control disabled
[   26.286632] R0: [kworker/u16:2][592932862] [19:12:50.307695]  wlan: [318:I :HIF] hif_map_service_to_pipe: ul pipe is NOT updated for service 770
[   26.286934] R0: [kworker/u16:2][592939437] [19:12:50.308037]  wlan: [318:I :HIF] hif_map_service_to_pipe: ul pipe is NOT updated for service 1536
[   26.286948] R0: [kworker/u16:2][592939739] [19:12:50.308053]  wlan: [318:E :QDF] SVC:0x0600, ULpipe:0 DLpipe:11 id:4 Ready
[   26.286958] R0: [kworker/u16:2][592939946] [19:12:50.308064]  wlan: [318:E :QDF] SVC:0x0600 ep:4 TX flow control disabled
[   26.287161] R0: [kworker/u16:2][592943800] [19:12:50.308264]  wlan: [318:E :QDF] SVC:0x0100, ULpipe:3 DLpipe:2 id:5 Ready
[   26.287720] R0: [kworker/u16:2][592954525] [19:12:50.308823]  wlan: [318:E :QDF] HTC using TX credit flow control
[   26.288106] R0: [cds_mc_thread][592961975] [19:12:50.309211]  wlan: [3382:I :WMA] wma_rx_service_ready_event: Firmware build version : 20060029
[   26.288126] R0: [cds_mc_thread][592962353] [19:12:50.309231]  wlan: [3382:I :WMA] wma_rx_service_ready_event: Board id: 0, Board version: 1 0 0 0 0
[   26.288138] R0: [cds_mc_thread][592962595] [19:12:50.309243]  wlan: [3382:I :TRX] ol_tx_set_desc_global_pool_size: 758: Global pool size: 3600

[   26.324575] R0: [kworker/u16:2][593662039] [19:12:50.345673]  wlan: [318:I :HTT] HTT: full reorder offload enabled
[   26.356722] R0: [kworker/u16:2][594279337] [19:12:50.377824]  wlan: [318:I :HDD] wlan_hdd_validate_context_in_loading: 709: Start/Stop Modules in progress. Ignore!!!
[   26.365782] R0: [kworker/u16:2][594453237] [19:12:50.386881]  wlan: [318:I :HDD] hdd_ipa_wdi_init:1649: UC Ready
[   26.365843] R0: [kworker/u16:2][594454510] [19:12:50.386947]  wlan: [318:I :HDD] hdd_wlan_start_modules: 2453: Wlan transition (now OPENED)
[   26.365864] R0: [kworker/u16:2][594454921] [19:12:50.386969]  wlan: [318:I :HDD] hdd_update_hw_sw_info: 2218: Host SW:5.1.1.74R, FW:2.0.0.41.0, HW:WCN3998, Board ver: 1 Ref design id: 0, Customer id: 0, Project id: 0, Board Data Rev: 0
[   26.366864] cnss_utils: WLAN MAC address is not set, type 0
[   26.366881] R0: [kworker/u16:2][594474442] [19:12:50.387985]  wlan: [318:I :HDD] hdd_initialize_mac_address: 10214: MAC is not programmed in platform driver ret: -22, use wlan_mac.bin
[   26.369383] ueventd: firmware: loading 'wlan/qca_cld/wlan_mac.bin' for '/devices/platform/soc/18800000.qcom,icnss/firmware/wlan!qca_cld!wlan_mac.bin'
[   26.369576] firmware wlan!qca_cld!wlan_mac.bin: firmware_loading_store: map pages failed
[   26.369643] ueventd: loading /devices/platform/soc/18800000.qcom,icnss/firmware/wlan!qca_cld!wlan_mac.bin took 0ms
[   26.372144] R0: [kworker/u16:2][594575487] [19:12:50.393248]  wlan: [318:I :HDD] hdd_initialize_mac_address: 10223: using default MAC address
[   26.372162] R0: [kworker/u16:2][594575843] [19:12:50.393267]  wlan: [318:I :HDD] hdd_update_macaddr: 1007: hdd_ctx->provisioned_mac_addr[0]: 64:a2:f9:3d:24:50
[   26.372175] R0: [kworker/u16:2][594576104] [19:12:50.393280]  wlan: [318:E :HDD] hdd_update_macaddr: 1039: hdd_ctx->derived_mac_addr[0]: 66:a2:f9:c0:24:50
[   26.372187] R0: [kworker/u16:2][594576337] [19:12:50.393292]  wlan: [318:E :HDD] hdd_update_macaddr: 1039: hdd_ctx->derived_mac_addr[1]: 66:a2:f9:c1:24:50
[   26.372199] R0: [kworker/u16:2][594576566] [19:12:50.393304]  wlan: [318:E :HDD] hdd_update_macaddr: 1039: hdd_ctx->derived_mac_addr[2]: 66:a2:f9:c2:24:50
[   26.372211] R0: [kworker/u16:2][594576793] [19:12:50.393316]  wlan: [318:E :HDD] hdd_update_macaddr: 1039: hdd_ctx->derived_mac_addr[3]: 66:a2:f9:c3:24:50
[   26.372529] R0: [kworker/u16:2][594582880] [19:12:50.393633]  wlan: [318:I :HDD] wlan_hdd_get_provisioned_intf_addr: 3000: Assigning MAC from provisioned list64:a2:f9:3d:24:50
[   26.374889] R0: [kworker/u16:2][594628206] [19:12:50.395994]  wlan: [318:I :HDD] hdd_open_adapter: 4567: Disabling queues
[   26.374954] R0: [kworker/u16:2][594629481] [19:12:50.396060]  wlan: [318:I :HDD] hdd_open_adapter: 4689: wlan0 interface created. iftype: 0
[   26.374971] R0: [kworker/u16:2][594629796] [19:12:50.396077]  wlan: [318:E :HDD] wlan_hdd_get_provisioned_intf_addr: 2996: No free provisioned Addresses
[   26.374980] R0: [kworker/u16:2][594629978] [19:12:50.396086]  wlan: [318:I :HDD] wlan_hdd_get_derived_intf_addr: 2982: Assigning MAC from derived list66:a2:f9:c0:24:50
[   26.376936] R0: [kworker/u16:2][594667510] [19:12:50.398041]  wlan: [318:I :HDD] hdd_open_adapter: 4567: Disabling queues
[   26.377002] R0: [kworker/u16:2][594668796] [19:12:50.398108]  wlan: [318:I :HDD] hdd_open_adapter: 4689: p2p0 interface created. iftype: 7
[   26.378664] R0: [NetworkManager][594700666] [19:12:50.399768]  wlan: [1753:E :HDD] __wlan_hdd_cfg80211_get_txpower: 2520: invalid session id: 255
[   26.416006] IPv6: ADDRCONF(NETDEV_UP): wlan0: link is not ready
[   26.416318] R0: [NetworkManager][595423644] [19:12:50.437423]  wlan: [1753:I :HDD] hdd_wlan_start_modules: 2477: Wlan transition (OPENED -> ENABLED)
[   26.416596] R0: [NetworkManager][595428982] [19:12:50.437701]  wlan: [1753:E :HDD] hdd_string_to_hex: 9256: Token len is not multiple of 2
[   26.416610] R0: [NetworkManager][595429242] [19:12:50.437714]  wlan: [1753:E :HDD] hdd_parse_action_oui: 9827: Invalid string for token: HDD_ACTION_OUI_TOKEN at extension: 1 in action oui: 4
[   26.416622] R0: [NetworkManager][595429468] [19:12:50.437726]  wlan: [1753:E :HDD] hdd_parse_action_oui: 9872: Not able to parse any extension in action oui: 4
[   26.424888] R0: [NetworkManager][595588084] [19:12:50.445988]  wlan: [1753:I :HDD] hdd_ipa_wdi_conn_pipes:1772: CONS DB pipe out 0x1e720c8 TX PIPE Handle 0x10
[   26.427724] R0: [NetworkManager][595642527] [19:12:50.448823]  wlan: [1753:I :HDD] hdd_ipa_wdi_conn_pipes:1853: PROD DB pipe out 0x1e720c0 RX PIPE Handle 0x7
[   26.427753] R0: [NetworkManager][595643195] [19:12:50.448858]  wlan: [1753:I :HDD] hdd_ipa_wdi_conn_pipes:1862: exit: stat=0
[   26.427961] R0: [NetworkManager][595647171] [19:12:50.449065]  wlan: [1753:I :SYS] Creating periodic timer for OLBC UPDATE CACHE TIMEOUT

[   26.428087] R0: [cds_mc_thread][595649589] [19:12:50.449191]  wlan: [3382:E :WMA] Unhandled WMA message of type 4165
[   26.428148] R0: [NetworkManager][595650752] [19:12:50.449251]  wlan: [1753:I :HTT] Receive flow steering configuration, disable gEnableFlowSteering(=0) in ini if FW doesnot support it

[   26.428163] R0: [NetworkManager][595651062] [19:12:50.449268]  wlan: [1753:I :HTT] Enable Rx flow steering
[   26.428195] R0: [soft_irq][595651677] [19:12:50.449300]  wlan: [0:I :HTT] target uses HTT version 3.56; host uses 3.71
[   26.428201] R0: [soft_irq][595651811] [19:12:50.449307]  wlan: [0:W :HTT] *** Warning: host/target HTT versions are 
[   26.428207] R0: [soft_irq][595651924] [19:12:50.449312]  wlan: [0:W :HTT]  different, though compatible!
[   26.428322] R0: [NetworkManager][595654101] [19:12:50.449426]  wlan: [1753:I :HTT] Updated maxMSDUsPerRxInd
[   26.428333] R0: [NetworkManager][595654333] [19:12:50.449438]  wlan: [1753:I :HTT] htt_h2t_rx_ring_rfs_cfg_msg_ll: Sending msg_word: 0x0008010f
[   26.428352] R0: [NetworkManager][595654702] [19:12:50.449457]  wlan: [1753:I :HTT] htt_h2t_rx_ring_cfg_msg_ll : 497 Pkt log is disabled

[   26.428464] R0: [cds_mc_thread][595656843] [19:12:50.449569]  wlan: [3382:E :WMA] Unhandled WMA message of type 4197
[   26.432668] R0: [NetworkManager][595737524] [19:12:50.453771]  wlan: [1753:W :HDD] hdd_features_init: 10858: Unable to send DBS scan selection setting to FW
[   26.434549] R0: [NetworkManager][595773658] [19:12:50.455653]  wlan: [1753:I :HDD] hdd_wlan_start_modules: 2496: Driver Modules Successfully Enabled
[   26.434569] R0: [NetworkManager][595774063] [19:12:50.455674]  wlan: [1753:I :HDD] hdd_start_adapter: 2091: enter(wlan0)
[   26.434639] R0: [NetworkManager][595775400] [19:12:50.455743]  wlan: [1753:W :SME] dump_csr_command_info: 506: Unhandled command: 65541 session: 0
[   26.435828] R0: [cds_mc_thread][595798174] [19:12:50.456930]  wlan: [3382:E :WMA] unknown type 2 subtype 0
[   26.437594] R0: [NetworkManager][595832086] [19:12:50.458696]  wlan: [1753:I :HDD] hdd_init_station_mode: 3601: send HT/VHT IE per band using nondbs hwmode
[   26.438200] R0: [NetworkManager][595843225] [19:12:50.459276]  wlan: [1753:E :HDD] hdd_init_station_mode: 3667: LRO is disabled either because of kernel doesnot support or disabled in INI or via vendor commandi. err code -38
[   26.440675] R0: [cds_mc_thread][595891232] [19:12:50.461776]  wlan: [3382:E :WMA] Invalid wma_cli_set vdev command/Not yet implemented 0x81
[   26.441617] R0: [NetworkManager][595909357] [19:12:50.462720]  wlan: [1753:W :SME] dump_csr_command_info: 506: Unhandled command: 524292 session: 0
[   26.441648] R0: [NetworkManager][595909977] [19:12:50.462753]  wlan: [1753:I :HDD] __hdd_open: 2623: wlan0 interface up, event-flags: 6f 
[   26.443126] IPv6: ADDRCONF(NETDEV_UP): wlan0: link is not ready
[   26.448651] R0: [cds_mc_thread][596044385] [19:12:50.469753]  wlan: [3382:I :WMI] send_pdev_set_dual_mac_config_cmd_tlv: scan_config:0 fw_mode_config:0
[   26.460883] R0: [wpa_supplicant][596279232] [19:12:50.481985]  wlan: [1732:E :WMA] wma_get_dbs_hw_modes: HW is not DBS capable
[   26.483960] R0: [wpa_supplicant][596722316] [19:12:50.505062]  wlan: [1732:I :HDD] 00000000: 7f 0b 00 00 0a 02 00 40 40 00 00 01 20 ff 03 02
[   26.483985] R0: [wpa_supplicant][596722844] [19:12:50.505090]  wlan: [1732:I :HDD] 00000010: 00 ff dd 0a 50 6f 9a 16 03 01 03 65 01 01 dd 08
[   26.483996] R0: [wpa_supplicant][596723058] [19:12:50.505101]  wlan: [1732:I :HDD] 00000020: 8c fd f0 01 01 02 01 00
[   26.501716] IPv6: ADDRCONF(NETDEV_UP): wlan0: link is not ready
[   26.560366] IRQ6 no longer affine to CPU5
[   27.360391] IRQ6 no longer affine to CPU4
[   27.722182] healthd: battery l=100 v=4386 t=22.8 h=2 st=2 c=243 fc=2878000 cc=0 chg=a
[   27.876521] init: processing action (vendor.ims.DATA_DAEMON_STATUS=1) from (/vendor/etc/init/hw/init.target.rc:450)
[   27.878257] init: starting service 'vendor.ims_rtp_daemon'...
[   27.915290] audit_printk_skb: 57 callbacks suppressed
[   27.915293] audit: type=1400 audit(1785006771.933:171): apparmor="DENIED" operation="open" profile="/usr/bin/media-hub-server" name="/proc/3571/timerslack_ns" pid=3486 comm="media-hub-serve" requested_mask="w" denied_mask="w" fsuid=32011 ouid=32011
[   27.916046] audit: type=1400 audit(1785006771.933:172): apparmor="DENIED" operation="open" profile="/usr/bin/media-hub-server" name="/proc/3572/timerslack_ns" pid=3486 comm="Binder:3486_1" requested_mask="w" denied_mask="w" fsuid=32011 ouid=32011
[   27.934629] audit: type=1107 audit(1785006771.953:173): pid=1574 uid=102 auid=4294967295 ses=4294967295 msg='apparmor="DENIED" operation="dbus_method_call"  bus="system" path="/com/canonical/Unity/Screen" interface="org.freedesktop.DBus.Introspectable" member="Introspect" mask="send" name="com.canonical.Unity.Screen" pid=3486 label="/usr/bin/media-hub-server" peer_pid=1608 peer_label="unconfined"
[   27.934629]  exe="/usr/bin/dbus-daemon" sauid=102 hostname=? addr=? terminal=?'
[   27.936825] audit: type=1107 audit(1785006771.956:174): pid=1574 uid=102 auid=4294967295 ses=4294967295 msg='apparmor="DENIED" operation="dbus_method_call"  bus="system" path="/com/lomiri/Repowerd" interface="org.freedesktop.DBus.Introspectable" member="Introspect" mask="send" name="com.lomiri.Repowerd" pid=3486 label="/usr/bin/media-hub-server" peer_pid=1608 peer_label="unconfined"
[   27.936825]  exe="/usr/bin/dbus-daemon" sauid=102 hostname=? addr=? terminal=?'
[   27.941853] R0: [soft_irq][624713907] [19:12:51.962957]  wlan: [0:E :SME] sme_8023_multicast_list: Invalid session: 0
[   27.947298] R0: [soft_irq][624818452] [19:12:51.968403]  wlan: [0:E :SME] sme_8023_multicast_list: Invalid session: 0
[   27.977984] R0: [wpa_supplicant][625407626] [19:12:51.999089]  wlan: [1732:E :QDF] cds_current_connections_update: 7201: driver isn't dbs capable, no further action needed
[   27.978042] R0: [wpa_supplicant][625408765] [19:12:51.999148]  wlan: [1732:I :HDD] hdd_sme_roam_callback: 5223: Disabling queues
[   27.979257] R0: [wpa_supplicant][625432082] [19:12:52.000362]  wlan: [1732:E :SME] csr_send_join_req_msg: 15977: Connecting to ssid:Apto54_5G_1 bssid: c0:25:e9:66:8c:c3 rssi: -55 channel: 40 country_code: US
[   27.984808] R0: [cds_mc_thread][625538569] [19:12:52.005909]  wlan: [3382:I :WMI] send_vdev_start_cmd_tlv: vdev_id 0 freq 5200 chanmode 10 ch_info: 0xa is_dfs 0 beacon interval 100 dtim 1 center_chan 5210 center_freq2 0 reg_info_1: 0x160000 reg_info_2: 0x1600, req->max_txpow: 0x16 Tx SS 2, Rx SS 2, ldpc_rx: 1
[   28.005177] R0: [cds_mc_thread][625929667] [19:12:52.026278]  wlan: [3382:I :WMA] wma_send_peer_assoc: vdev_id 0 associd 1 peer_flags 6213006 nss 2 phymode 10 ht_caps 6f
[   28.007096] R0: [cds_mc_thread][625966445] [19:12:52.028194]  wlan: [3382:I :HDD] hdd_send_association_event: 1413: wlan: 64:a2:f9:3d:24:50 connected to c0:25:e9:66:8c:c3

[   28.007169] R0: [cds_mc_thread][625967945] [19:12:52.028272]  wlan: [3382:I :HDD] hdd_send_peer_status_ind_to_oem_app: 718: OEM app is not registered(0) or pid is invalid(0)
[   28.009013] R0: [cds_mc_thread][626003340] [19:12:52.030116]  wlan: [3382:I :HDD] __hdd_ipa_wlan_evt:6859: wlan0: EVT: WLAN_STA_CONNECT, MAC: c0:25:e9:66:8c:c3 sta_id: 0
[   28.053727] R0: [wpa_supplicant][626861727] [19:12:52.074823]  wlan: [1732:W :SME] sme_ft_update_key: 359: Unhandled state: 0
[   28.054251] R0: [wpa_supplicant][626871975] [19:12:52.075357]  wlan: [1732:W :SME] sme_ft_update_key: 359: Unhandled state: 0
[   28.054391] IPv6: ADDRCONF(NETDEV_CHANGE): wlan0: link becomes ready
[   28.067798] R0: [cds_mc_thread][627132001] [19:12:52.088900]  wlan: [3382:I :SME] ########### Set Key Complete #############
[   28.069197] R0: [cds_mc_thread][627158888] [19:12:52.090300]  wlan: [3382:E :PE ] lim_update_fils_rik: 1889: Fils rik len(0) max 64
[   28.069345] R0: [cds_mc_thread][627161748] [19:12:52.090450]  wlan: [3382:I :WMI] send_roam_scan_offload_rssi_change_cmd_tlv: 12564: roam_scan_rssi_change_thresh=5, bcn_rssi_weight=14
[   28.069390] R0: [cds_mc_thread][627162621] [19:12:52.090495]  wlan: [3382:I :WMI] send_roam_scan_offload_rssi_change_cmd_tlv: 12565: hirssi_delay_btw_scans=15000
[   28.069460] R0: [cds_mc_thread][627163973] [19:12:52.090565]  wlan: [3382:I :WMI] WMI --> WMI_ROAM_AP_PROFILE and other parameters
[   28.069494] R0: [cds_mc_thread][627164639] [19:12:52.090600]  wlan: [3382:I :WMI] 5200,
[   28.069565] R0: [cds_mc_thread][627165975] [19:12:52.090669]  wlan: [3382:E :WMA] wma_roam_scan_fill_fils_params- NULL
[   28.069600] R0: [cds_mc_thread][627166669] [19:12:52.090706]  wlan: [3382:I :WMI] LFR3:OKC enabled
[   28.069610] R0: [cds_mc_thread][627166862] [19:12:52.090716]  wlan: [3382:I :WMI] LFR3:PMKSA caching enabled
[   28.069709] R0: [cds_mc_thread][627168747] [19:12:52.090814]  wlan: [3382:E :WMA] wma_send_offload_11k_params: FW doesn't support 11k offload
[   28.069719] R0: [cds_mc_thread][627168952] [19:12:52.090824]  wlan: [3382:E :WMA] 11k offload enable not sent, status 11
[   28.080208] R0: [cds_mc_thread][627370275] [19:12:52.101310]  wlan: [3382:E :QDF] qdf_mc_timer_start: Cannot start timer in state = 21 
[   28.080231] R0: [cds_mc_thread][627370781] [19:12:52.101336]  wlan: [3382:W :SME] sme_ps_enable_auto_ps_timer: 1077: auto_ps_timer is already started
[   28.080263] R0: [cds_mc_thread][627371396] [19:12:52.101368]  wlan: [3382:I :SME] ########### Set Key Complete #############
[   28.080420] R0: [cds_mc_thread][627374405] [19:12:52.101525]  wlan: [3382:E :WMA] Unhandled WMA message of type 4209
[   28.126545] R0: [netmgrd][628259476] [19:12:52.147623]  wlan: [2461:E :HDD] __wlan_hdd_ipv6_changed: 232: Adapter context is invalid 0000000000000000
[   28.134799] max98927_stream_mute--- stream 0, mute 1 
[   28.160970] max98927_stream_mute ------ disable max98927 playback 
[   28.184939] max98927_feedforward_event---feedforward event 4
[   28.184959] max98927_feedforward_event---feedforward event 8
[   28.196934] max98927_stream_mute--- stream 1, mute 1 
[   28.196952] max98927_stream_mute ------ disable max98927 capture
[   28.202369] msm_mi2s_snd_shutdown: MI2S TLMM pinctrl set failed with -22
[   28.203975] max98927_feedback_event---feedback event 4
[   28.203990] max98927_feedback_event---feedback event 8
[   28.288253] HTB: quantum of class 10001 is big. Consider r2q change.
[   28.347755] HTB: quantum of class 10010 is big. Consider r2q change.
[   29.589168] healthd: battery l=100 v=4385 t=22.8 h=2 st=2 c=248 fc=2878000 cc=0 chg=a
[   30.713857] R0: [thumbnailer-ser][677935831] [19:12:54.734933]  wlan: [3839:W :HDD] __hdd_ioctl: 7823: unknown ioctl 35591
[   30.713899] R0: [thumbnailer-ser][677937208] [19:12:54.735005]  wlan: [3839:W :HDD] __hdd_ioctl: 7823: unknown ioctl 35591
[   30.963665] R0: [NetworkManager][682732632] [19:12:54.984766]  wlan: [1753:E :HDD] hdd_is_rcpi_applicable: 4950: mac addr is different from bssid connected
[   31.744025] R0: [cnss-daemon][697714760] [19:12:55.765086]  wlan: [2203:I :HDD] __wlan_hdd_cfg80211_set_gateway_params: 147: **** Gateway Parameters: ****
[   31.744049] R0: [cnss-daemon][697716062] [19:12:55.765153]  wlan: [2203:I :HDD] __wlan_hdd_cfg80211_set_gateway_params: 148: session id: 0
[   31.744059] R0: [cnss-daemon][697716281] [19:12:55.765165]  wlan: [2203:I :HDD] __wlan_hdd_cfg80211_set_gateway_params: 149: ipv4 addr type: 1
[   31.744070] R0: [cnss-daemon][697716484] [19:12:55.765175]  wlan: [2203:I :HDD] __wlan_hdd_cfg80211_set_gateway_params: 150: ipv6 addr type: 0
[   31.744082] R0: [cnss-daemon][697716720] [19:12:55.765188]  wlan: [2203:I :HDD] __wlan_hdd_cfg80211_set_gateway_params: 151: gw mac addr: c0:25:e9:66:8c:c4
[   31.744095] R0: [cnss-daemon][697716957] [19:12:55.765200]  wlan: [2203:I :HDD] __wlan_hdd_cfg80211_set_gateway_params: 152: ipv4 addr: 192.168.1.1
[   31.744108] R0: [cnss-daemon][697717215] [19:12:55.765213]  wlan: [2203:I :HDD] __wlan_hdd_cfg80211_set_gateway_params: 153: ipv6 addr: ::
[   32.053451] SMBLIB: smblib_awake_vote_callback: set awake=0
[   33.907782] healthd: battery l=100 v=4387 t=23.0 h=2 st=2 c=245 fc=2878000 cc=0 chg=a
[   34.001667] R0: [NetworkManager][741062234] [19:12:58.022767]  wlan: [1753:E :HDD] hdd_is_rcpi_applicable: 4950: mac addr is different from bssid connected
[   34.008092] R0: [lomiri][741185596] [19:12:58.029192]  wlan: [3669:W :HDD] __hdd_ioctl: 7823: unknown ioctl 35591
[   34.008139] R0: [lomiri][741186596] [19:12:58.029244]  wlan: [3669:W :HDD] __hdd_ioctl: 7823: unknown ioctl 35591
[   34.855450] audit: type=1400 audit(1785006778.873:175): apparmor="STATUS" operation="profile_replace" profile="unconfined" name="/usr/lib/snapd/snap-confine" pid=3946 comm="apparmor_parser"
[   34.856562] audit: type=1400 audit(1785006778.873:176): apparmor="STATUS" operation="profile_replace" profile="unconfined" name="/usr/lib/snapd/snap-confine//mount-namespace-capture-helper" pid=3946 comm="apparmor_parser"
[   36.828857] R0: [QSampleCache::L][795344318] [19:13:00.849959]  wlan: [4080:W :HDD] __hdd_ioctl: 7823: unknown ioctl 35591
[   36.828897] R0: [QSampleCache::L][795345171] [19:13:00.850003]  wlan: [4080:W :HDD] __hdd_ioctl: 7823: unknown ioctl 35591
[   37.320180] msm_mi2s_snd_startup: MI2S TLMM pinctrl set failed with -22
[   37.320284] max98927_dai_hw_params: format supported 16
[   37.320291] max98927_set_clock: BLCK fix to 32
[   37.335339] max98927_feedback_event---feedback event 1
[   37.335353] max98927_feedback_event---feedback event 2
[   37.335469] max98927_stream_mute--- stream 1, mute 0 
[   37.336164] rdc_check_valid: rdc=0 invalid, [241833636, 403056239] 
[   37.336186] max989xx_calib_get No found
[   37.336191] rdc_check_valid: rdc=0 invalid, [241833636, 403056239] 
[   37.336585] max98927_stream_mute ------ enable max98927 capture
[   37.342255] max98927_dai_hw_params: format supported 16
[   37.342270] max98927_set_clock: BLCK fix to 32
[   37.343097] max98927_feedforward_event---feedforward event 1
[   37.343106] max98927_feedforward_event---feedforward event 2
[   37.350146] max98927_stream_mute--- stream 0, mute 0 
[   37.350363] max98927_stream_mute ------ enable max98927 playback 
[   37.576419] R0: [lomiri-download][809697490] [19:13:01.597520]  wlan: [4084:W :HDD] __hdd_ioctl: 7823: unknown ioctl 35591
[   37.576502] R0: [lomiri-download][809699165] [19:13:01.597607]  wlan: [4084:W :HDD] __hdd_ioctl: 7823: unknown ioctl 35591
[   37.625615] R0: [Qt bearer threa][810641979] [19:13:01.646712]  wlan: [4086:W :HDD] __hdd_ioctl: 7823: unknown ioctl 35591
[   37.625667] R0: [Qt bearer threa][810643147] [19:13:01.646773]  wlan: [4086:W :HDD] __hdd_ioctl: 7823: unknown ioctl 35591
[   37.629166] R0: [Qt bearer threa][810710269] [19:13:01.650269]  wlan: [4086:W :HDD] __hdd_ioctl: 7823: unknown ioctl 35591
[   37.629199] R0: [Qt bearer threa][810710953] [19:13:01.650305]  wlan: [4086:W :HDD] __hdd_ioctl: 7823: unknown ioctl 35591
[   38.026869] R0: [cds_mc_thread][818346070] [19:13:02.047967]  wlan: [3382:E :QDF] cds_need_opportunistic_upgrade: 4089: driver isn't dbs capable, no further action needed
[   40.003878] R0: [NetworkManager][856304475] [19:13:04.024968]  wlan: [1753:E :HDD] hdd_is_rcpi_applicable: 4950: mac addr is different from bssid connected
[   40.722377] healthd: battery l=100 v=4387 t=23.2 h=2 st=2 c=241 fc=2878000 cc=0 chg=a
[   42.377485] max98927_stream_mute--- stream 0, mute 1 
[   42.405476] max98927_stream_mute ------ disable max98927 playback 
[   42.422720] max98927_feedforward_event---feedforward event 4
[   42.422752] max98927_feedforward_event---feedforward event 8
[   42.434845] max98927_stream_mute--- stream 1, mute 1 
[   42.434864] max98927_stream_mute ------ disable max98927 capture
[   42.441535] msm_mi2s_snd_shutdown: MI2S TLMM pinctrl set failed with -22
[   42.442613] max98927_feedback_event---feedback event 4
[   42.442630] max98927_feedback_event---feedback event 8
[   46.004012] R0: [NetworkManager][971507027] [19:13:10.025101]  wlan: [1753:E :HDD] hdd_is_rcpi_applicable: 4950: mac addr is different from bssid connected
[   46.695132] healthd: battery l=100 v=4387 t=23.3 h=2 st=2 c=238 fc=2878000 cc=0 chg=a
[   48.013044] R0: [Qt bearer threa][1010080509] [19:13:12.034137]  wlan: [4086:W :HDD] __hdd_ioctl: 7823: unknown ioctl 35591
[   48.013141] R0: [Qt bearer threa][1010082512] [19:13:12.034241]  wlan: [4086:W :HDD] __hdd_ioctl: 7823: unknown ioctl 35591
[   48.016543] R0: [Qt bearer threa][1010147795] [19:13:12.037641]  wlan: [4086:E :HDD] __hdd_ioctl: 7797: invalid data cmd: 35591
[   48.016611] R0: [Qt bearer threa][1010149163] [19:13:12.037712]  wlan: [4086:E :HDD] __hdd_ioctl: 7797: invalid data cmd: 35591
[   50.393805] nf_conntrack: default automatic helper assignment has been turned off for security reasons and CT-based  firewall rule not found. Use the iptables CT target to attach helpers instead.
[   52.002879] R0: [NetworkManager][1086685299] [19:13:16.023970]  wlan: [1753:E :HDD] hdd_is_rcpi_applicable: 4950: mac addr is different from bssid connected
[   52.883121] healthd: battery l=100 v=4388 t=23.4 h=2 st=2 c=236 fc=2878000 cc=0 chg=a
[   58.001987] R0: [NetworkManager][1201868179] [19:13:22.023079]  wlan: [1753:E :HDD] hdd_is_rcpi_applicable: 4950: mac addr is different from bssid connected
[   58.012681] R0: [Qt bearer threa][1202073593] [19:13:22.033778]  wlan: [4086:W :HDD] __hdd_ioctl: 7823: unknown ioctl 35591
[   58.012762] R0: [Qt bearer threa][1202075241] [19:13:22.033863]  wlan: [4086:W :HDD] __hdd_ioctl: 7823: unknown ioctl 35591
[   58.016800] R0: [Qt bearer threa][1202152735] [19:13:22.037900]  wlan: [4086:E :HDD] __hdd_ioctl: 7797: invalid data cmd: 35591
[   58.016868] R0: [Qt bearer threa][1202154079] [19:13:22.037969]  wlan: [4086:E :HDD] __hdd_ioctl: 7797: invalid data cmd: 35591
[   59.479231] SMBLIB: op_check_vbat_is_full_by_sw: [BATTERY] Battery full by sw[S] !!
[   59.479285] SMBLIB: op_charging_en: enable=0
[   59.486130] SMBLIB: checkout_term_current: chg_done:CAP=100 (Q:100),VBAT=4388 (Q:4396),IBAT=-233 (Q:-164),BAT_TEMP=234
[   59.729604] healthd: battery l=100 v=4387 t=23.4 h=2 st=5 c=208 fc=2878000 cc=0 chg=a
[   60.055500] healthd: battery l=100 v=4387 t=23.4 h=2 st=5 c=208 fc=2878000 cc=0 chg=a
[   63.185539] [RMNET:HI] rmnet_config_notify_cb(): Kernel is trying to unregister ip6tnl0
[   63.237221] [RMNET:HI] rmnet_config_notify_cb(): Kernel is trying to unregister ip6tnl0
[   63.239305] [RMNET:HI] rmnet_config_notify_cb(): Kernel is trying to unregister sit0
[   63.264025] [RMNET:HI] rmnet_config_notify_cb(): Kernel is trying to unregister sit0
[   63.265664] [RMNET:HI] rmnet_config_notify_cb(): Kernel is trying to unregister ip6_vti0
[   63.280531] [RMNET:HI] rmnet_config_notify_cb(): Kernel is trying to unregister ip6_vti0
[   63.282205] [RMNET:HI] rmnet_config_notify_cb(): Kernel is trying to unregister ip_vti0
[   63.293843] [RMNET:HI] rmnet_config_notify_cb(): Kernel is trying to unregister ip_vti0
[   63.294469] R0: [kworker/u16:14][1303483980] [19:13:27.315569]  wlan: [4082:E :HDD] __wlan_hdd_ipv6_changed: 232: Adapter context is invalid 0000000000000000
[   63.297770] R0: [kworker/u16:14][1303547350] [19:13:27.318870]  wlan: [4082:E :HDD] __wlan_hdd_ipv4_changed: 926: Adapter context is invalid 0000000000000000
[   63.297932] [RMNET:HI] rmnet_config_notify_cb(): Kernel is trying to unregister lo
[   63.334093] [RMNET:HI] rmnet_config_notify_cb(): Kernel is trying to unregister lo
[   64.000895] R0: [NetworkManager][1317047345] [19:13:28.021994]  wlan: [1753:E :HDD] hdd_is_rcpi_applicable: 4950: mac addr is different from bssid connected
[   65.891997] healthd: battery l=100 v=4334 t=23.4 h=2 st=5 c=0 fc=2878000 cc=0 chg=a
[   68.012392] R0: [Qt bearer threa][1394067928] [19:13:32.033484]  wlan: [4086:W :HDD] __hdd_ioctl: 7823: unknown ioctl 35591
[   68.012498] R0: [Qt bearer threa][1394070150] [19:13:32.033599]  wlan: [4086:W :HDD] __hdd_ioctl: 7823: unknown ioctl 35591
[   70.002503] R0: [NetworkManager][1432278062] [19:13:34.023595]  wlan: [1753:E :HDD] hdd_is_rcpi_applicable: 4950: mac addr is different from bssid connected
[   72.722264] healthd: battery l=100 v=4334 t=23.4 h=2 st=5 c=0 fc=2878000 cc=0 chg=a
[   76.002874] R0: [NetworkManager][1547483835] [19:13:40.023896]  wlan: [1753:E :HDD] hdd_is_rcpi_applicable: 4950: mac addr is different from bssid connected
[   78.162866] healthd: battery l=100 v=4334 t=23.4 h=2 st=5 c=0 fc=2878000 cc=0 chg=a
[   78.691005] healthd: battery l=100 v=4334 t=23.4 h=2 st=5 c=0 fc=2878000 cc=0 chg=a
[   82.004653] R0: [NetworkManager][1662719380] [19:13:46.025748]  wlan: [1753:E :HDD] hdd_is_rcpi_applicable: 4950: mac addr is different from bssid connected
[   84.883055] healthd: battery l=100 v=4288 t=23.4 h=2 st=5 c=0 fc=2878000 cc=0 chg=a
[   88.002887] R0: [NetworkManager][1777885456] [19:13:52.023982]  wlan: [1753:E :HDD] hdd_is_rcpi_applicable: 4950: mac addr is different from bssid connected
[   90.082447] R0: [cds_mc_thread][1817813062] [19:13:54.103545]  wlan: [3382:I :WMI] send_set_arp_stats_req_cmd_tlv: 12397: set arp stats flag=1, vdev=0
[   90.083611] R0: [cds_mc_thread][1817835489] [19:13:54.104713]  wlan: [3382:I :WMI] send_set_arp_stats_req_cmd_tlv: 12397: set arp stats flag=0, vdev=0
[   91.716024] healthd: battery l=100 v=4288 t=23.4 h=2 st=5 c=0 fc=2878000 cc=0 chg=a
[   94.003765] R0: [NetworkManager][1893102347] [19:13:58.024862]  wlan: [1753:E :HDD] hdd_is_rcpi_applicable: 4950: mac addr is different from bssid connected
[   97.896471] healthd: battery l=100 v=4288 t=23.4 h=2 st=5 c=0 fc=2878000 cc=0 chg=a
[  100.007570] R0: [NetworkManager][2008375393] [19:14:04.028667]  wlan: [1753:E :HDD] hdd_is_rcpi_applicable: 4950: mac addr is different from bssid connected
[  104.724794] healthd: battery l=100 v=4285 t=23.4 h=2 st=5 c=0 fc=2878000 cc=0 chg=a
[  106.002466] R0: [NetworkManager][2123477383] [19:14:10.023563]  wlan: [1753:E :HDD] hdd_is_rcpi_applicable: 4950: mac addr is different from bssid connected
[  110.698301] healthd: battery l=100 v=4285 t=23.4 h=2 st=5 c=0 fc=2878000 cc=0 chg=a
[  112.007798] R0: [NetworkManager][2238779761] [19:14:16.028896]  wlan: [1753:E :HDD] hdd_is_rcpi_applicable: 4950: mac addr is different from bssid connected
[  112.377149] rmt_storage:INFO:rmt_storage_rw_iovec_cb: Write iovec request received for /boot/modem_fs1
[  112.377740] rmt_storage:INFO:rmt_storage_client_thread: Calling Write [offset=0, size=2097152]for /boot/modem_fs1!
[  112.506114] rmt_storage:INFO:rmt_storage_client_thread: Done Write (bytes = 2097152) for /boot/modem_fs1!
[  116.829416] healthd: battery l=100 v=4285 t=23.4 h=2 st=5 c=0 fc=2878000 cc=0 chg=a
[  118.006838] R0: [NetworkManager][2353961345] [19:14:22.027937]  wlan: [1753:E :HDD] hdd_is_rcpi_applicable: 4950: mac addr is different from bssid connected
[  118.228100] init: Received control message 'interface_start' for 'android.hardware.biometrics.fingerprint@2.1::IBiometricsFingerprint/default' from pid: 34 (/system/bin/hwservicemanager)
[  118.228200] init: Could not find service hosting interface android.hardware.biometrics.fingerprint@2.1::IBiometricsFingerprint/default
[  118.229066] init: Received control message 'interface_start' for 'android.hardware.biometrics.fingerprint@2.1::IBiometricsFingerprint/default' from pid: 34 (/system/bin/hwservicemanager)
[  118.229104] init: Could not find service hosting interface android.hardware.biometrics.fingerprint@2.1::IBiometricsFingerprint/default
[  118.658472] msm-qusb-phy-v2 88e2000.qusb: qusb_phy_init PHY_HOST_MODE!
[  118.658966] msm-dwc3 a600000.ssusb: DWC3 exited from low power mode
[  118.660712] msm-qusb-phy-v2 88e2000.qusb: qusb_phy_init PHY_HOST_MODE!
[  118.660939] xhci-hcd xhci-hcd.0.auto: xHCI Host Controller
[  118.660979] xhci-hcd xhci-hcd.0.auto: new USB bus registered, assigned bus number 1
[  118.667457] xhci-hcd xhci-hcd.0.auto: hcc params 0x0230fe65 hci version 0x110 quirks 0x02010810
[  118.667510] xhci-hcd xhci-hcd.0.auto: irq 990, io mem 0x0a600000
[  118.667849] usb usb1: New USB device found, idVendor=1d6b, idProduct=0002
[  118.667863] usb usb1: New USB device strings: Mfr=3, Product=2, SerialNumber=1
[  118.667874] usb usb1: Product: xHCI Host Controller
[  118.667884] usb usb1: Manufacturer: Linux 4.9.112-g6b190d86b xhci-hcd
[  118.667893] usb usb1: SerialNumber: xhci-hcd.0.auto
[  118.673452] hub 1-0:1.0: USB hub found
[  118.673593] hub 1-0:1.0: 1 port detected
[  118.673912] xhci-hcd xhci-hcd.0.auto: xHCI Host Controller
[  118.673934] xhci-hcd xhci-hcd.0.auto: new USB bus registered, assigned bus number 2
[  118.674260] usb usb2: New USB device found, idVendor=1d6b, idProduct=0003
[  118.674270] usb usb2: New USB device strings: Mfr=3, Product=2, SerialNumber=1
[  118.674277] usb usb2: Product: xHCI Host Controller
[  118.674285] usb usb2: Manufacturer: Linux 4.9.112-g6b190d86b xhci-hcd
[  118.674292] usb usb2: SerialNumber: xhci-hcd.0.auto
[  118.676466] hub 2-0:1.0: USB hub found
[  118.676516] hub 2-0:1.0: 1 port detected
[  118.980305] usb 1-1: new high-speed USB device number 2 using xhci-hcd
[  119.101036] usb 1-1: New USB device found, idVendor=214b, idProduct=7250
[  119.101070] usb 1-1: New USB device strings: Mfr=0, Product=1, SerialNumber=0
[  119.101090] usb 1-1: Product: USB2.0 HUB
[  119.122994] hub 1-1:1.0: USB hub found
[  119.123230] hub 1-1:1.0: 4 ports detected
[  119.390175] usb 1-1.1: new low-speed USB device number 3 using xhci-hcd
[  119.487628] usb 1-1.1: No LPM exit latency info found, disabling LPM.
[  119.508616] usb 1-1.1: New USB device found, idVendor=343c, idProduct=0000
[  119.508646] usb 1-1.1: New USB device strings: Mfr=1, Product=2, SerialNumber=3
[  119.508667] usb 1-1.1: Product: USB Type-C Digital AV Adapter
[  119.508684] usb 1-1.1: Manufacturer: xxxxxxxx
[  119.508700] usb 1-1.1: SerialNumber: 000000000000
[  119.590183] usb 1-1.2: new high-speed USB device number 4 using xhci-hcd
[  119.671367] usb 1-1.2: New USB device found, idVendor=1d50, idProduct=614d
[  119.671400] usb 1-1.2: New USB device strings: Mfr=1, Product=2, SerialNumber=3
[  119.671418] usb 1-1.2: Product: Generic USB Display
[  119.671434] usb 1-1.2: Manufacturer: The Internet
[  122.507127] SMBLIB: smblib_set_icl_current: icl_ua=1300000
[  122.507225] SMBLIB: smblib_set_usb_suspend: suspend=0
[  122.507357] SMBLIB: smblib_set_icl_current: icl_ua=1275000
[  122.507425] SMBLIB: smblib_set_usb_suspend: suspend=0
[  122.507451] SMBLIB: smblib_set_icl_current: icl_ua=1500000
[  122.507508] SMBLIB: smblib_set_usb_suspend: suspend=0
[  123.013967] SMBLIB: op_get_aicl_result: AICL result=1275000
[  123.014012] SMBLIB: op_usb_icl_set: icl_ua=1075000
[  123.014097] SMBLIB: smblib_set_usb_suspend: suspend=0
[  123.014167] SMBLIB: check_non_standard_charger_work: non-standard_charger detected,aicl_result=1275000
[  123.259979] healthd: battery l=100 v=4283 t=23.4 h=2 st=5 c=0 fc=2878000 cc=0 chg=a
[  123.492917] SMBLIB: handle_batt_temp_normal: triggered
[  123.492962] SMBLIB: set_chg_ibat_vbat_max: set ibatmax=1950 and set vbatmax=4400
[  123.492988] SMBLIB: op_battery_temp_region_set: set temp_region=5
[  123.734538] healthd: battery l=100 v=4283 t=23.4 h=2 st=5 c=0 fc=2878000 cc=0 chg=a
[  124.002785] R0: [NetworkManager][2469083517] [19:14:28.023884]  wlan: [1753:E :HDD] hdd_is_rcpi_applicable: 4950: mac addr is different from bssid connected
[  129.907017] healthd: battery l=100 v=4283 t=23.4 h=2 st=5 c=0 fc=2878000 cc=0 chg=a
[  130.005130] R0: [NetworkManager][2584328566] [19:14:34.026231]  wlan: [1753:E :HDD] hdd_is_rcpi_applicable: 4950: mac addr is different from bssid connected
[  136.002996] R0: [NetworkManager][2699487558] [19:14:40.024096]  wlan: [1753:E :HDD] hdd_is_rcpi_applicable: 4950: mac addr is different from bssid connected
[  136.726268] healthd: battery l=100 v=4283 t=23.4 h=2 st=5 c=0 fc=2878000 cc=0 chg=a
[  137.868676] R0: [cds_mc_thread][2735308668] [19:14:41.889779]  wlan: [3382:I :WMI] send_set_arp_stats_req_cmd_tlv: 12397: set arp stats flag=1, vdev=0
[  137.869781] R0: [cds_mc_thread][2735329958] [19:14:41.890888]  wlan: [3382:I :WMI] send_set_arp_stats_req_cmd_tlv: 12397: set arp stats flag=0, vdev=0
[  138.161850] healthd: battery l=100 v=4283 t=23.4 h=2 st=5 c=0 fc=2878000 cc=0 chg=a
[  142.005777] R0: [NetworkManager][2814740935] [19:14:46.026877]  wlan: [1753:E :HDD] hdd_is_rcpi_applicable: 4950: mac addr is different from bssid connected
[  142.694976] healthd: battery l=100 v=4282 t=23.5 h=2 st=5 c=0 fc=2878000 cc=0 chg=a
[  148.004233] R0: [NetworkManager][2929909947] [19:14:52.025263]  wlan: [1753:E :HDD] hdd_is_rcpi_applicable: 4950: mac addr is different from bssid connected
[  148.890102] healthd: battery l=100 v=4282 t=23.5 h=2 st=5 c=0 fc=2878000 cc=0 chg=a
[  154.005226] R0: [NetworkManager][3045130389] [19:14:58.026329]  wlan: [1753:E :HDD] hdd_is_rcpi_applicable: 4950: mac addr is different from bssid connected
[  155.707393] healthd: battery l=100 v=4282 t=23.5 h=2 st=5 c=0 fc=2878000 cc=0 chg=a
[  160.004045] R0: [NetworkManager][3160307713] [19:15:04.025148]  wlan: [1753:E :HDD] hdd_is_rcpi_applicable: 4950: mac addr is different from bssid connected
[  161.897612] healthd: battery l=100 v=4281 t=23.5 h=2 st=5 c=0 fc=2878000 cc=0 chg=a
[  166.003588] R0: [NetworkManager][3275498918] [19:15:10.024691]  wlan: [1753:E :HDD] hdd_is_rcpi_applicable: 4950: mac addr is different from bssid connected
[  168.723046] healthd: battery l=100 v=4281 t=23.5 h=2 st=5 c=0 fc=2878000 cc=0 chg=a
[  172.001923] R0: [NetworkManager][3390666959] [19:15:16.023027]  wlan: [1753:E :HDD] hdd_is_rcpi_applicable: 4950: mac addr is different from bssid connected
[  174.694719] healthd: battery l=100 v=4281 t=23.5 h=2 st=5 c=0 fc=2878000 cc=0 chg=a
[  178.005886] R0: [NetworkManager][3505942999] [19:15:22.026988]  wlan: [1753:E :HDD] hdd_is_rcpi_applicable: 4950: mac addr is different from bssid connected
[  180.891892] healthd: battery l=100 v=4280 t=23.5 h=2 st=5 c=0 fc=2878000 cc=0 chg=a
[  183.949278] R0: [cds_mc_thread][3620056202] [19:15:27.970384]  wlan: [3382:I :WMI] send_set_arp_stats_req_cmd_tlv: 12397: set arp stats flag=1, vdev=0
[  183.949671] R0: [cds_mc_thread][3620063864] [19:15:27.970783]  wlan: [3382:I :WMI] send_set_arp_stats_req_cmd_tlv: 12397: set arp stats flag=0, vdev=0
[  184.001234] R0: [NetworkManager][3621053799] [19:15:28.022342]  wlan: [1753:E :HDD] hdd_is_rcpi_applicable: 4950: mac addr is different from bssid connected
[  187.712041] healthd: battery l=100 v=4280 t=23.5 h=2 st=5 c=0 fc=2878000 cc=0 chg=a
[  190.006635] R0: [NetworkManager][3736357518] [19:15:34.027745]  wlan: [1753:E :HDD] hdd_is_rcpi_applicable: 4950: mac addr is different from bssid connected
[  193.900584] healthd: battery l=100 v=4280 t=23.5 h=2 st=5 c=0 fc=2878000 cc=0 chg=a
[  196.002930] R0: [NetworkManager][3851486290] [19:15:40.024036]  wlan: [1753:E :HDD] hdd_is_rcpi_applicable: 4950: mac addr is different from bssid connected
[  198.161706] healthd: battery l=100 v=4280 t=23.5 h=2 st=5 c=0 fc=2878000 cc=0 chg=a
[  200.724605] healthd: battery l=100 v=4280 t=23.5 h=2 st=5 c=0 fc=2878000 cc=0 chg=a
[  202.005409] R0: [NetworkManager][3966733897] [19:15:46.026516]  wlan: [1753:E :HDD] hdd_is_rcpi_applicable: 4950: mac addr is different from bssid connected
[  206.696521] healthd: battery l=100 v=4280 t=23.5 h=2 st=5 c=0 fc=2878000 cc=0 chg=a
[  208.005402] R0: [NetworkManager][4081933724] [19:15:52.026508]  wlan: [1753:E :HDD] hdd_is_rcpi_applicable: 4950: mac addr is different from bssid connected
[  212.881845] healthd: battery l=100 v=4280 t=23.5 h=2 st=5 c=0 fc=2878000 cc=0 chg=a
[  214.002312] R0: [NetworkManager][4197074415] [19:15:58.023419]  wlan: [1753:E :HDD] hdd_is_rcpi_applicable: 4950: mac addr is different from bssid connected
[  218.987891] init: Received control message 'interface_start' for 'android.hardware.biometrics.fingerprint@2.1::IBiometricsFingerprint/default' from pid: 34 (/system/bin/hwservicemanager)
[  218.987993] init: Could not find service hosting interface android.hardware.biometrics.fingerprint@2.1::IBiometricsFingerprint/default
[  218.988712] init: Received control message 'interface_start' for 'android.hardware.biometrics.fingerprint@2.1::IBiometricsFingerprint/default' from pid: 34 (/system/bin/hwservicemanager)
[  218.988749] init: Could not find service hosting interface android.hardware.biometrics.fingerprint@2.1::IBiometricsFingerprint/default
[  219.709865] healthd: battery l=100 v=4280 t=23.5 h=2 st=5 c=0 fc=2878000 cc=0 chg=a
[  220.007230] R0: [NetworkManager][4312368811] [19:16:04.028336]  wlan: [1753:E :HDD] hdd_is_rcpi_applicable: 4950: mac addr is different from bssid connected
[  225.888611] healthd: battery l=100 v=4279 t=23.6 h=2 st=5 c=0 fc=2878000 cc=0 chg=a
[  226.001357] R0: [NetworkManager][4427456098] [19:16:10.022466]  wlan: [1753:E :HDD] hdd_is_rcpi_applicable: 4950: mac addr is different from bssid connected
[  232.001912] R0: [NetworkManager][4542665521] [19:16:16.022958]  wlan: [1753:E :HDD] hdd_is_rcpi_applicable: 4950: mac addr is different from bssid connected
[  232.717697] healthd: battery l=100 v=4279 t=23.6 h=2 st=5 c=0 fc=2878000 cc=0 chg=a
[  238.002222] R0: [NetworkManager][4657872698] [19:16:22.023332]  wlan: [1753:E :HDD] hdd_is_rcpi_applicable: 4950: mac addr is different from bssid connected
[  238.710794] healthd: battery l=100 v=4279 t=23.6 h=2 st=5 c=0 fc=2878000 cc=0 chg=a
[  242.402455] R0: [cds_mc_thread][4742357183] [19:16:26.423566]  wlan: [3382:I :WMI] send_set_arp_stats_req_cmd_tlv: 12397: set arp stats flag=1, vdev=0
[  242.403095] R0: [cds_mc_thread][4742369567] [19:16:26.424211]  wlan: [3382:I :WMI] send_set_arp_stats_req_cmd_tlv: 12397: set arp stats flag=0, vdev=0
[  244.003521] R0: [NetworkManager][4773097629] [19:16:28.024631]  wlan: [1753:E :HDD] hdd_is_rcpi_applicable: 4950: mac addr is different from bssid connected
[  244.879503] healthd: battery l=100 v=4279 t=23.6 h=2 st=5 c=0 fc=2878000 cc=0 chg=a
[  246.511490] gud: loading out-of-tree module taints kernel.
[  246.515912] gud 1-1.2:1.0: GUD v1 bulk-out=0x01 buffer=8294400 width=640-1920 height=400-1080
[  246.520335] gud 1-1.2:1.0: GUD probe complete for 1d50:614d
[  246.520442] usbcore: registered new interface driver gud
[  250.001568] R0: [NetworkManager][4888256892] [19:16:34.022510]  wlan: [1753:E :HDD] hdd_is_rcpi_applicable: 4950: mac addr is different from bssid connected
[  251.706033] healthd: battery l=100 v=4279 t=23.6 h=2 st=5 c=0 fc=2878000 cc=0 chg=a
[  256.007301] R0: [NetworkManager][5003570200] [19:16:40.028412]  wlan: [1753:E :HDD] hdd_is_rcpi_applicable: 4950: mac addr is different from bssid connected
[  257.898033] healthd: battery l=100 v=4279 t=23.6 h=2 st=5 c=0 fc=2878000 cc=0 chg=a
[  258.162023] healthd: battery l=100 v=4279 t=23.6 h=2 st=5 c=0 fc=2878000 cc=0 chg=a
[  262.001881] R0: [NetworkManager][5118666162] [19:16:46.022994]  wlan: [1753:E :HDD] hdd_is_rcpi_applicable: 4950: mac addr is different from bssid connected
[  264.727720] healthd: battery l=100 v=4279 t=23.6 h=2 st=5 c=0 fc=2878000 cc=0 chg=a
[  268.007721] R0: [NetworkManager][5233978239] [19:16:52.028832]  wlan: [1753:E :HDD] hdd_is_rcpi_applicable: 4950: mac addr is different from bssid connected
[  270.693810] healthd: battery l=100 v=4279 t=23.6 h=2 st=5 c=0 fc=2878000 cc=0 chg=a
[  274.004500] R0: [NetworkManager][5349116434] [19:16:58.025614]  wlan: [1753:E :HDD] hdd_is_rcpi_applicable: 4950: mac addr is different from bssid connected
[  276.897261] healthd: battery l=100 v=4279 t=23.6 h=2 st=5 c=0 fc=2878000 cc=0 chg=a
[  280.006093] R0: [NetworkManager][5464347003] [19:17:04.027206]  wlan: [1753:E :HDD] hdd_is_rcpi_applicable: 4950: mac addr is different from bssid connected
[  283.706829] healthd: battery l=100 v=4279 t=23.7 h=2 st=5 c=0 fc=2878000 cc=0 chg=a
[  286.004673] R0: [NetworkManager][5579519760] [19:17:10.025788]  wlan: [1753:E :HDD] hdd_is_rcpi_applicable: 4950: mac addr is different from bssid connected
[  289.761874] R0: [cds_mc_thread][5651658044] [19:17:13.782991]  wlan: [3382:I :WMI] send_set_arp_stats_req_cmd_tlv: 12397: set arp stats flag=1, vdev=0
[  289.763509] R0: [cds_mc_thread][5651689537] [19:17:13.784631]  wlan: [3382:I :WMI] send_set_arp_stats_req_cmd_tlv: 12397: set arp stats flag=0, vdev=0
[  289.895131] healthd: battery l=100 v=4279 t=23.7 h=2 st=5 c=0 fc=2878000 cc=0 chg=a
[  292.002552] R0: [NetworkManager][5694677879] [19:17:16.023607]  wlan: [1753:E :HDD] hdd_is_rcpi_applicable: 4950: mac addr is different from bssid connected
[  296.718989] healthd: battery l=100 v=4279 t=23.7 h=2 st=5 c=0 fc=2878000 cc=0 chg=a
[  298.007306] R0: [NetworkManager][5809970282] [19:17:22.028421]  wlan: [1753:E :HDD] hdd_is_rcpi_applicable: 4950: mac addr is different from bssid connected
[  302.693654] healthd: battery l=100 v=4279 t=23.7 h=2 st=5 c=0 fc=2878000 cc=0 chg=a
[  304.001220] R0: [NetworkManager][5925053404] [19:17:28.022334]  wlan: [1753:E :HDD] hdd_is_rcpi_applicable: 4950: mac addr is different from bssid connected
[  308.881115] healthd: battery l=100 v=4279 t=23.7 h=2 st=5 c=0 fc=2878000 cc=0 chg=a
[  310.002973] R0: [NetworkManager][6040287110] [19:17:34.024090]  wlan: [1753:E :HDD] hdd_is_rcpi_applicable: 4950: mac addr is different from bssid connected
[  312.590979] gud 1-1.2:1.0: GUD connector: detect enter
[  312.591027] gud 1-1.2:1.0: GUD connector: detect status=1
[  312.591049] gud 1-1.2:1.0: GUD connector: get_modes enter
[  312.591071] gud 1-1.2:1.0: GUD connector: mode created
[  312.591090] gud 1-1.2:1.0: GUD connector: mode probed
[  312.591103] gud 1-1.2:1.0: GUD connector: get_modes complete
[  315.715304] healthd: battery l=100 v=4279 t=23.7 h=2 st=5 c=0 fc=2878000 cc=0 chg=a
[  316.005053] R0: [NetworkManager][6155527035] [19:17:40.026170]  wlan: [1753:E :HDD] hdd_is_rcpi_applicable: 4950: mac addr is different from bssid connected
[  318.162342] healthd: battery l=100 v=4279 t=23.7 h=2 st=5 c=0 fc=2878000 cc=0 chg=a
[  319.484173] init: Received control message 'interface_start' for 'android.hardware.biometrics.fingerprint@2.1::IBiometricsFingerprint/default' from pid: 34 (/system/bin/hwservicemanager)
[  319.484284] init: Could not find service hosting interface android.hardware.biometrics.fingerprint@2.1::IBiometricsFingerprint/default
[  319.485586] init: Received control message 'interface_start' for 'android.hardware.biometrics.fingerprint@2.1::IBiometricsFingerprint/default' from pid: 34 (/system/bin/hwservicemanager)
[  319.485640] init: Could not find service hosting interface android.hardware.biometrics.fingerprint@2.1::IBiometricsFingerprint/default
[  321.895370] healthd: battery l=100 v=4278 t=23.8 h=2 st=5 c=0 fc=2878000 cc=0 chg=a
[  322.001489] R0: [NetworkManager][6270658631] [19:17:46.022608]  wlan: [1753:E :HDD] hdd_is_rcpi_applicable: 4950: mac addr is different from bssid connected
[  328.007891] R0: [NetworkManager][6385981499] [19:17:52.029008]  wlan: [1753:E :HDD] hdd_is_rcpi_applicable: 4950: mac addr is different from bssid connected
[  328.723673] healthd: battery l=100 v=4278 t=23.8 h=2 st=5 c=0 fc=2878000 cc=0 chg=a
[  334.004130] R0: [NetworkManager][6501109322] [19:17:58.025249]  wlan: [1753:E :HDD] hdd_is_rcpi_applicable: 4950: mac addr is different from bssid connected
[  334.694335] healthd: battery l=100 v=4278 t=23.8 h=2 st=5 c=0 fc=2878000 cc=0 chg=a
[  337.551078] R0: [cds_mc_thread][6569210748] [19:18:01.572199]  wlan: [3382:I :WMI] send_set_arp_stats_req_cmd_tlv: 12397: set arp stats flag=1, vdev=0
[  337.551242] R0: [cds_mc_thread][6569214031] [19:18:01.572370]  wlan: [3382:I :WMI] send_set_arp_stats_req_cmd_tlv: 12397: set arp stats flag=0, vdev=0
[  340.004040] R0: [NetworkManager][6616307555] [19:18:04.025158]  wlan: [1753:E :HDD] hdd_is_rcpi_applicable: 4950: mac addr is different from bssid connected
[  340.885391] healthd: battery l=100 v=4278 t=23.8 h=2 st=5 c=0 fc=2878000 cc=0 chg=a
[  346.002008] R0: [NetworkManager][6731468545] [19:18:10.023127]  wlan: [1753:E :HDD] hdd_is_rcpi_applicable: 4950: mac addr is different from bssid connected
[  347.713193] healthd: battery l=100 v=4278 t=23.8 h=2 st=5 c=0 fc=2878000 cc=0 chg=a
[  352.003147] R0: [NetworkManager][6846690420] [19:18:16.024267]  wlan: [1753:E :HDD] hdd_is_rcpi_applicable: 4950: mac addr is different from bssid connected
[  353.894591] healthd: battery l=100 v=4278 t=23.8 h=2 st=5 c=0 fc=2878000 cc=0 chg=a
[  358.005333] R0: [NetworkManager][6961932410] [19:18:22.026454]  wlan: [1753:E :HDD] hdd_is_rcpi_applicable: 4950: mac addr is different from bssid connected
[  360.735178] healthd: battery l=100 v=4278 t=23.8 h=2 st=5 c=0 fc=2878000 cc=0 chg=a
[  364.004471] R0: [NetworkManager][7077115815] [19:18:28.025590]  wlan: [1753:E :HDD] hdd_is_rcpi_applicable: 4950: mac addr is different from bssid connected
[  366.697893] healthd: battery l=100 v=4278 t=23.8 h=2 st=5 c=0 fc=2878000 cc=0 chg=a
[  370.003680] R0: [NetworkManager][7192300694] [19:18:34.024803]  wlan: [1753:E :HDD] hdd_is_rcpi_applicable: 4950: mac addr is different from bssid connected
[  372.878889] healthd: battery l=100 v=4278 t=23.8 h=2 st=5 c=0 fc=2878000 cc=0 chg=a
[  376.004420] R0: [NetworkManager][7307514891] [19:18:40.025543]  wlan: [1753:E :HDD] hdd_is_rcpi_applicable: 4950: mac addr is different from bssid connected
[  378.162500] healthd: battery l=100 v=4278 t=23.8 h=2 st=5 c=0 fc=2878000 cc=0 chg=a
[  379.705920] healthd: battery l=100 v=4278 t=23.8 h=2 st=5 c=0 fc=2878000 cc=0 chg=a
[  382.001804] R0: [NetworkManager][7422664657] [19:18:46.022928]  wlan: [1753:E :HDD] hdd_is_rcpi_applicable: 4950: mac addr is different from bssid connected
[  383.628642] R0: [cds_mc_thread][7453899982] [19:18:47.649768]  wlan: [3382:I :WMI] send_set_arp_stats_req_cmd_tlv: 12397: set arp stats flag=1, vdev=0
[  383.629579] R0: [cds_mc_thread][7453918072] [19:18:47.650710]  wlan: [3382:I :WMI] send_set_arp_stats_req_cmd_tlv: 12397: set arp stats flag=0, vdev=0
[  385.897908] healthd: battery l=100 v=4278 t=23.9 h=2 st=5 c=0 fc=2878000 cc=0 chg=a
[  388.005844] R0: [NetworkManager][7537942160] [19:18:52.026965]  wlan: [1753:E :HDD] hdd_is_rcpi_applicable: 4950: mac addr is different from bssid connected
[  392.732244] healthd: battery l=100 v=4278 t=23.9 h=2 st=5 c=0 fc=2878000 cc=0 chg=a
[  394.002919] R0: [NetworkManager][7653086048] [19:18:58.024043]  wlan: [1753:E :HDD] hdd_is_rcpi_applicable: 4950: mac addr is different from bssid connected
[  398.695869] healthd: battery l=100 v=4278 t=23.9 h=2 st=5 c=0 fc=2878000 cc=0 chg=a
[  400.002706] R0: [NetworkManager][7768281980] [19:19:04.023832]  wlan: [1753:E :HDD] hdd_is_rcpi_applicable: 4950: mac addr is different from bssid connected
[  404.887723] healthd: battery l=100 v=4278 t=23.9 h=2 st=5 c=0 fc=2878000 cc=0 chg=a
[  406.005007] R0: [NetworkManager][7883526183] [19:19:10.026135]  wlan: [1753:E :HDD] hdd_is_rcpi_applicable: 4950: mac addr is different from bssid connected
[  411.713386] healthd: battery l=100 v=4278 t=23.9 h=2 st=5 c=0 fc=2878000 cc=0 chg=a
[  412.002550] R0: [NetworkManager][7998679004] [19:19:16.023678]  wlan: [1753:E :HDD] hdd_is_rcpi_applicable: 4950: mac addr is different from bssid connected
[  417.909611] healthd: battery l=100 v=4278 t=23.9 h=2 st=5 c=0 fc=2878000 cc=0 chg=a
[  418.002656] R0: [NetworkManager][8113881024] [19:19:22.023784]  wlan: [1753:E :HDD] hdd_is_rcpi_applicable: 4950: mac addr is different from bssid connected
[  420.231470] init: Received control message 'interface_start' for 'android.hardware.biometrics.fingerprint@2.1::IBiometricsFingerprint/default' from pid: 34 (/system/bin/hwservicemanager)
[  420.231575] init: Could not find service hosting interface android.hardware.biometrics.fingerprint@2.1::IBiometricsFingerprint/default
[  420.231759] init: Received control message 'interface_start' for 'android.hardware.biometrics.fingerprint@2.1::IBiometricsFingerprint/default' from pid: 34 (/system/bin/hwservicemanager)
[  420.231786] init: Could not find service hosting interface android.hardware.biometrics.fingerprint@2.1::IBiometricsFingerprint/default
[  424.011323] R0: [NetworkManager][8229246090] [19:19:28.032382]  wlan: [1753:E :HDD] hdd_is_rcpi_applicable: 4950: mac addr is different from bssid connected
[  424.721604] healthd: battery l=100 v=4278 t=23.9 h=2 st=5 c=0 fc=2878000 cc=0 chg=a
[  429.708990] R0: [cds_mc_thread][8338642660] [19:19:33.730120]  wlan: [3382:I :WMI] send_set_arp_stats_req_cmd_tlv: 12397: set arp stats flag=1, vdev=0
[  429.709220] R0: [cds_mc_thread][8338647200] [19:19:33.730357]  wlan: [3382:I :WMI] send_set_arp_stats_req_cmd_tlv: 12397: set arp stats flag=0, vdev=0
[  430.001538] R0: [NetworkManager][8344259603] [19:19:34.022669]  wlan: [1753:E :HDD] hdd_is_rcpi_applicable: 4950: mac addr is different from bssid connected
[  430.697624] healthd: battery l=100 v=4278 t=23.9 h=2 st=5 c=0 fc=2878000 cc=0 chg=a
[  436.002669] R0: [NetworkManager][8459481265] [19:19:40.023798]  wlan: [1753:E :HDD] hdd_is_rcpi_applicable: 4950: mac addr is different from bssid connected
[  436.891901] healthd: battery l=100 v=4278 t=23.9 h=2 st=5 c=0 fc=2878000 cc=0 chg=a
[  438.161813] healthd: battery l=100 v=4278 t=23.9 h=2 st=5 c=0 fc=2878000 cc=0 chg=a
[  442.007788] R0: [NetworkManager][8574779542] [19:19:46.028917]  wlan: [1753:E :HDD] hdd_is_rcpi_applicable: 4950: mac addr is different from bssid connected
[  443.707567] healthd: battery l=100 v=4278 t=24.0 h=2 st=5 c=0 fc=2878000 cc=0 chg=a
[  448.004121] R0: [NetworkManager][8689909109] [19:19:52.025250]  wlan: [1753:E :HDD] hdd_is_rcpi_applicable: 4950: mac addr is different from bssid connected
[  449.891708] healthd: battery l=100 v=4278 t=24.0 h=2 st=5 c=0 fc=2878000 cc=0 chg=a
[  454.003207] R0: [NetworkManager][8805091539] [19:19:58.024335]  wlan: [1753:E :HDD] hdd_is_rcpi_applicable: 4950: mac addr is different from bssid connected
[  454.037075] usb 1-1.2: USB disconnect, device number 4
[  454.037469] gud 1-1.2:1.0: GUD disconnected
[  454.476845] usb 1-1.2: new high-speed USB device number 5 using xhci-hcd
[  454.558023] usb 1-1.2: New USB device found, idVendor=1d50, idProduct=614d
[  454.558074] usb 1-1.2: New USB device strings: Mfr=1, Product=2, SerialNumber=3
[  454.558092] usb 1-1.2: Product: Generic USB Display
[  454.558108] usb 1-1.2: Manufacturer: The Internet
[  454.561457] gud 1-1.2:1.0: GUD v1 bulk-out=0x01 buffer=8294400 width=640-1920 height=400-1080
[  454.564906] gud 1-1.2:1.0: GUD probe complete for 1d50:614d
[  456.720333] healthd: battery l=100 v=4278 t=24.0 h=2 st=5 c=0 fc=2878000 cc=0 chg=a
[  460.005698] R0: [NetworkManager][8920339450] [19:20:04.026831]  wlan: [1753:E :HDD] hdd_is_rcpi_applicable: 4950: mac addr is different from bssid connected
[  462.643087] healthd: battery l=100 v=4277 t=24.0 h=2 st=5 c=0 fc=2878000 cc=0 chg=a
[  466.003096] R0: [NetworkManager][9035489422] [19:20:10.024226]  wlan: [1753:E :HDD] hdd_is_rcpi_applicable: 4950: mac addr is different from bssid connected
[  468.878957] healthd: battery l=100 v=4277 t=24.0 h=2 st=5 c=0 fc=2878000 cc=0 chg=a
[  472.002014] R0: [NetworkManager][9150668660] [19:20:16.023145]  wlan: [1753:E :HDD] hdd_is_rcpi_applicable: 4950: mac addr is different from bssid connected
[  475.721477] healthd: battery l=100 v=4277 t=24.0 h=2 st=5 c=0 fc=2878000 cc=0 chg=a
[  475.788496] R0: [cds_mc_thread][9223369219] [19:20:19.809633]  wlan: [3382:I :WMI] send_set_arp_stats_req_cmd_tlv: 12397: set arp stats flag=1, vdev=0
[  475.797899] R0: [cds_mc_thread][9223549815] [19:20:19.819039]  wlan: [3382:I :WMI] send_set_arp_stats_req_cmd_tlv: 12397: set arp stats flag=0, vdev=0
[  478.003398] R0: [NetworkManager][9265892824] [19:20:22.024404]  wlan: [1753:E :HDD] hdd_is_rcpi_applicable: 4950: mac addr is different from bssid connected
[  481.894530] healthd: battery l=100 v=4277 t=24.0 h=2 st=5 c=0 fc=2878000 cc=0 chg=a
[  484.003792] R0: [NetworkManager][9381102807] [19:20:28.024925]  wlan: [1753:E :HDD] hdd_is_rcpi_applicable: 4950: mac addr is different from bssid connected
[  488.727431] healthd: battery l=100 v=4277 t=24.0 h=2 st=5 c=0 fc=2878000 cc=0 chg=a
[  490.002399] R0: [NetworkManager][9496274737] [19:20:34.023463]  wlan: [1753:E :HDD] hdd_is_rcpi_applicable: 4950: mac addr is different from bssid connected
[  494.694509] healthd: battery l=100 v=4277 t=24.0 h=2 st=5 c=0 fc=2878000 cc=0 chg=a
[  496.004404] R0: [NetworkManager][9611514514] [19:20:40.025536]  wlan: [1753:E :HDD] hdd_is_rcpi_applicable: 4950: mac addr is different from bssid connected
[  498.161726] healthd: battery l=100 v=4277 t=24.0 h=2 st=5 c=0 fc=2878000 cc=0 chg=a
[  500.880222] healthd: battery l=100 v=4277 t=24.1 h=2 st=5 c=0 fc=2878000 cc=0 chg=a
[  502.004697] R0: [NetworkManager][9726720197] [19:20:46.025832]  wlan: [1753:E :HDD] hdd_is_rcpi_applicable: 4950: mac addr is different from bssid connected
[  507.710073] healthd: battery l=100 v=4277 t=24.1 h=2 st=5 c=0 fc=2878000 cc=0 chg=a
[  508.005411] R0: [NetworkManager][9841932808] [19:20:52.026490]  wlan: [1753:E :HDD] hdd_is_rcpi_applicable: 4950: mac addr is different from bssid connected
[  513.900529] healthd: battery l=100 v=4277 t=24.1 h=2 st=5 c=0 fc=2878000 cc=0 chg=a
[  514.005125] R0: [NetworkManager][9957128425] [19:20:58.026262]  wlan: [1753:E :HDD] hdd_is_rcpi_applicable: 4950: mac addr is different from bssid connected
[  520.002783] R0: [NetworkManager][10072283404] [19:21:04.023918]  wlan: [1753:E :HDD] hdd_is_rcpi_applicable: 4950: mac addr is different from bssid connected
[  520.722148] healthd: battery l=100 v=4277 t=24.1 h=2 st=5 c=0 fc=2878000 cc=0 chg=a
[  520.983496] init: Received control message 'interface_start' for 'android.hardware.biometrics.fingerprint@2.1::IBiometricsFingerprint/default' from pid: 34 (/system/bin/hwservicemanager)
[  520.983608] init: Could not find service hosting interface android.hardware.biometrics.fingerprint@2.1::IBiometricsFingerprint/default
[  520.985517] init: Received control message 'interface_start' for 'android.hardware.biometrics.fingerprint@2.1::IBiometricsFingerprint/default' from pid: 34 (/system/bin/hwservicemanager)
[  520.985555] init: Could not find service hosting interface android.hardware.biometrics.fingerprint@2.1::IBiometricsFingerprint/default
[  523.978620] healthd: battery l=100 v=4277 t=24.1 h=2 st=5 c=0 fc=2878000 cc=0 chg=a
[  526.003553] R0: [NetworkManager][10187498252] [19:21:10.024692]  wlan: [1753:E :HDD] hdd_is_rcpi_applicable: 4950: mac addr is different from bssid connected
[  526.700605] healthd: battery l=100 v=4277 t=24.1 h=2 st=5 c=0 fc=2878000 cc=0 chg=a
[  531.043617] R0: [cds_mc_thread][10284267476] [19:21:15.064756]  wlan: [3382:I :WMI] send_set_arp_stats_req_cmd_tlv: 12397: set arp stats flag=1, vdev=0
[  531.044354] R0: [cds_mc_thread][10284281734] [19:21:15.065499]  wlan: [3382:I :WMI] send_set_arp_stats_req_cmd_tlv: 12397: set arp stats flag=0, vdev=0
[  532.002305] R0: [NetworkManager][10302674288] [19:21:16.023444]  wlan: [1753:E :HDD] hdd_is_rcpi_applicable: 4950: mac addr is different from bssid connected
[  532.882432] healthd: battery l=100 v=4277 t=24.1 h=2 st=5 c=0 fc=2878000 cc=0 chg=a
[  538.007398] R0: [NetworkManager][10417972000] [19:21:22.028534]  wlan: [1753:E :HDD] hdd_is_rcpi_applicable: 4950: mac addr is different from bssid connected
[  539.710873] healthd: battery l=100 v=4277 t=24.1 h=2 st=5 c=0 fc=2878000 cc=0 chg=a
[  544.001068] R0: [NetworkManager][10533050474] [19:21:28.022205]  wlan: [1753:E :HDD] hdd_is_rcpi_applicable: 4950: mac addr is different from bssid connected
[  545.841186] healthd: battery l=100 v=4277 t=24.1 h=2 st=5 c=0 fc=2878000 cc=0 chg=a
[  550.007477] R0: [NetworkManager][10648373526] [19:21:34.028615]  wlan: [1753:E :HDD] hdd_is_rcpi_applicable: 4950: mac addr is different from bssid connected
[  552.723584] healthd: battery l=100 v=4277 t=24.1 h=2 st=5 c=0 fc=2878000 cc=0 chg=a
[  556.003242] R0: [NetworkManager][10763492265] [19:21:40.024383]  wlan: [1753:E :HDD] hdd_is_rcpi_applicable: 4950: mac addr is different from bssid connected
[  558.162367] healthd: battery l=100 v=4277 t=24.1 h=2 st=5 c=0 fc=2878000 cc=0 chg=a
[  558.703096] healthd: battery l=100 v=4277 t=24.1 h=2 st=5 c=0 fc=2878000 cc=0 chg=a
[  562.004185] R0: [NetworkManager][10878710329] [19:21:46.025324]  wlan: [1753:E :HDD] hdd_is_rcpi_applicable: 4950: mac addr is different from bssid connected
[  564.884021] healthd: battery l=100 v=4277 t=24.1 h=2 st=5 c=0 fc=2878000 cc=0 chg=a
[  568.003772] R0: [NetworkManager][10993902366] [19:21:52.024910]  wlan: [1753:E :HDD] hdd_is_rcpi_applicable: 4950: mac addr is different from bssid connected
[  571.708993] healthd: battery l=100 v=4277 t=24.1 h=2 st=5 c=0 fc=2878000 cc=0 chg=a
[  574.005591] R0: [NetworkManager][11109137395] [19:21:58.026735]  wlan: [1753:E :HDD] hdd_is_rcpi_applicable: 4950: mac addr is different from bssid connected
[  576.695195] R0: [cds_mc_thread][11160777789] [19:22:00.716339]  wlan: [3382:I :WMI] send_set_arp_stats_req_cmd_tlv: 12397: set arp stats flag=1, vdev=0
[  576.697065] R0: [cds_mc_thread][11160813550] [19:22:00.718202]  wlan: [3382:I :WMI] send_set_arp_stats_req_cmd_tlv: 12397: set arp stats flag=0, vdev=0
[  577.897101] healthd: battery l=100 v=4277 t=24.1 h=2 st=5 c=0 fc=2878000 cc=0 chg=a
[  580.003032] R0: [NetworkManager][11224288210] [19:22:04.024174]  wlan: [1753:E :HDD] hdd_is_rcpi_applicable: 4950: mac addr is different from bssid connected
[  584.728433] healthd: battery l=100 v=4277 t=24.2 h=2 st=5 c=0 fc=2878000 cc=0 chg=a
[  586.002591] R0: [NetworkManager][11339479715] [19:22:10.023732]  wlan: [1753:E :HDD] hdd_is_rcpi_applicable: 4950: mac addr is different from bssid connected
[  590.694813] healthd: battery l=100 v=4277 t=24.2 h=2 st=5 c=0 fc=2878000 cc=0 chg=a
[  592.003559] R0: [NetworkManager][11454698297] [19:22:16.024701]  wlan: [1753:E :HDD] hdd_is_rcpi_applicable: 4950: mac addr is different from bssid connected
[  596.883635] healthd: battery l=100 v=4277 t=24.2 h=2 st=5 c=0 fc=2878000 cc=0 chg=a
[  598.004956] R0: [NetworkManager][11569925159] [19:22:22.026100]  wlan: [1753:E :HDD] hdd_is_rcpi_applicable: 4950: mac addr is different from bssid connected
[  603.719439] healthd: battery l=100 v=4277 t=24.2 h=2 st=5 c=0 fc=2878000 cc=0 chg=a
[  604.002202] R0: [NetworkManager][11685069698] [19:22:28.023212]  wlan: [1753:E :HDD] hdd_is_rcpi_applicable: 4950: mac addr is different from bssid connected
[  609.899091] healthd: battery l=100 v=4277 t=24.2 h=2 st=5 c=0 fc=2878000 cc=0 chg=a
[  610.006932] R0: [NetworkManager][11800363168] [19:22:34.028081]  wlan: [1753:E :HDD] hdd_is_rcpi_applicable: 4950: mac addr is different from bssid connected
[  616.001848] R0: [NetworkManager][11915465477] [19:22:40.022994]  wlan: [1753:E :HDD] hdd_is_rcpi_applicable: 4950: mac addr is different from bssid connected
[  616.721787] healthd: battery l=100 v=4277 t=24.2 h=2 st=5 c=0 fc=2878000 cc=0 chg=a
[  618.162926] healthd: battery l=100 v=4277 t=24.2 h=2 st=5 c=0 fc=2878000 cc=0 chg=a
[  621.727687] init: Received control message 'interface_start' for 'android.hardware.biometrics.fingerprint@2.1::IBiometricsFingerprint/default' from pid: 34 (/system/bin/hwservicemanager)
[  621.727787] init: Could not find service hosting interface android.hardware.biometrics.fingerprint@2.1::IBiometricsFingerprint/default
[  621.728339] init: Received control message 'interface_start' for 'android.hardware.biometrics.fingerprint@2.1::IBiometricsFingerprint/default' from pid: 34 (/system/bin/hwservicemanager)
[  621.728374] init: Could not find service hosting interface android.hardware.biometrics.fingerprint@2.1::IBiometricsFingerprint/default
[  622.007407] R0: [NetworkManager][12030772163] [19:22:46.028551]  wlan: [1753:E :HDD] hdd_is_rcpi_applicable: 4950: mac addr is different from bssid connected
[  622.703201] healthd: battery l=100 v=4277 t=24.2 h=2 st=5 c=0 fc=2878000 cc=0 chg=a
[  628.006204] R0: [NetworkManager][12145949141] [19:22:52.027352]  wlan: [1753:E :HDD] hdd_is_rcpi_applicable: 4950: mac addr is different from bssid connected
[  628.879092] healthd: battery l=100 v=4277 t=24.2 h=2 st=5 c=0 fc=2878000 cc=0 chg=a
[  629.387405] R0: [cds_mc_thread][12172468343] [19:22:53.408561]  wlan: [3382:I :WMI] send_set_arp_stats_req_cmd_tlv: 12397: set arp stats flag=1, vdev=0
[  629.388797] R0: [cds_mc_thread][12172495143] [19:22:53.409957]  wlan: [3382:I :WMI] send_set_arp_stats_req_cmd_tlv: 12397: set arp stats flag=0, vdev=0
[  630.397141] perf: interrupt took too long (2522 > 2500), lowering kernel.perf_event_max_sample_rate to 79200
[  634.003447] R0: [NetworkManager][12261092109] [19:22:58.024383]  wlan: [1753:E :HDD] hdd_is_rcpi_applicable: 4950: mac addr is different from bssid connected
[  635.707435] healthd: battery l=100 v=4277 t=24.2 h=2 st=5 c=0 fc=2878000 cc=0 chg=a
[  640.007295] R0: [NetworkManager][12376368790] [19:23:04.028377]  wlan: [1753:E :HDD] hdd_is_rcpi_applicable: 4950: mac addr is different from bssid connected
[  641.334462] R0: [cds_mc_thread][12401851707] [19:23:05.355612]  wlan: [3382:I :WMA] Set ITO count to 5 for vdevId 0
[  641.897118] healthd: battery l=100 v=4277 t=24.3 h=2 st=5 c=0 fc=2878000 cc=0 chg=a
[  646.003927] R0: [NetworkManager][12491505237] [19:23:10.025068]  wlan: [1753:E :HDD] hdd_is_rcpi_applicable: 4950: mac addr is different from bssid connected
[  648.723843] healthd: battery l=100 v=4277 t=24.3 h=2 st=5 c=0 fc=2878000 cc=0 chg=a
[  649.880288] perf: interrupt took too long (3191 > 3152), lowering kernel.perf_event_max_sample_rate to 62400
[  652.004750] R0: [NetworkManager][12606721021] [19:23:16.025890]  wlan: [1753:E :HDD] hdd_is_rcpi_applicable: 4950: mac addr is different from bssid connected
[  654.693897] healthd: battery l=100 v=4277 t=24.3 h=2 st=5 c=0 fc=2878000 cc=0 chg=a
[  658.007626] R0: [NetworkManager][12721976297] [19:23:22.028770]  wlan: [1753:E :HDD] hdd_is_rcpi_applicable: 4950: mac addr is different from bssid connected
[  660.886140] healthd: battery l=100 v=4277 t=24.3 h=2 st=5 c=0 fc=2878000 cc=0 chg=a
[  664.002345] R0: [NetworkManager][12837074772] [19:23:28.023483]  wlan: [1753:E :HDD] hdd_is_rcpi_applicable: 4950: mac addr is different from bssid connected
[  667.713297] healthd: battery l=100 v=4277 t=24.3 h=2 st=5 c=0 fc=2878000 cc=0 chg=a
[  670.008069] R0: [NetworkManager][12952384852] [19:23:34.029217]  wlan: [1753:E :HDD] hdd_is_rcpi_applicable: 4950: mac addr is different from bssid connected
[  673.901356] healthd: battery l=100 v=4277 t=24.3 h=2 st=5 c=0 fc=2878000 cc=0 chg=a
[  676.004867] R0: [NetworkManager][13067523379] [19:23:40.026015]  wlan: [1753:E :HDD] hdd_is_rcpi_applicable: 4950: mac addr is different from bssid connected
[  678.161983] healthd: battery l=100 v=4277 t=24.3 h=2 st=5 c=0 fc=2878000 cc=0 chg=a
[  680.722181] healthd: battery l=100 v=4277 t=24.2 h=2 st=5 c=0 fc=2878000 cc=0 chg=a
[  682.002163] R0: [NetworkManager][13182671410] [19:23:46.023309]  wlan: [1753:E :HDD] hdd_is_rcpi_applicable: 4950: mac addr is different from bssid connected
[  686.698910] healthd: battery l=100 v=4277 t=24.2 h=2 st=5 c=0 fc=2878000 cc=0 chg=a
[  688.004036] R0: [NetworkManager][13297907298] [19:23:52.025179]  wlan: [1753:E :HDD] hdd_is_rcpi_applicable: 4950: mac addr is different from bssid connected
[  692.889428] healthd: battery l=100 v=4277 t=24.2 h=2 st=5 c=0 fc=2878000 cc=0 chg=a
[  694.002483] R0: [NetworkManager][13413077574] [19:23:58.023632]  wlan: [1753:E :HDD] hdd_is_rcpi_applicable: 4950: mac addr is different from bssid connected
[  699.707222] healthd: battery l=100 v=4277 t=24.2 h=2 st=5 c=0 fc=2878000 cc=0 chg=a
[  700.002809] R0: [NetworkManager][13528283768] [19:24:04.023955]  wlan: [1753:E :HDD] hdd_is_rcpi_applicable: 4950: mac addr is different from bssid connected
[  705.900170] healthd: battery l=100 v=4277 t=24.2 h=2 st=5 c=0 fc=2878000 cc=0 chg=a
[  705.975843] R0: [cds_mc_thread][13642966268] [19:24:09.997002]  wlan: [3382:I :WMI] send_set_arp_stats_req_cmd_tlv: 12397: set arp stats flag=1, vdev=0
[  705.990924] R0: [cds_mc_thread][13643255877] [19:24:10.012086]  wlan: [3382:I :WMI] send_set_arp_stats_req_cmd_tlv: 12397: set arp stats flag=0, vdev=0
[  706.001623] R0: [NetworkManager][13643461276] [19:24:10.022784]  wlan: [1753:E :HDD] hdd_is_rcpi_applicable: 4950: mac addr is different from bssid connected
[  712.008006] R0: [NetworkManager][13758783601] [19:24:16.029156]  wlan: [1753:E :HDD] hdd_is_rcpi_applicable: 4950: mac addr is different from bssid connected
[  712.716359] healthd: battery l=100 v=4277 t=24.2 h=2 st=5 c=0 fc=2878000 cc=0 chg=a
[  718.005774] R0: [NetworkManager][13873940719] [19:24:22.026923]  wlan: [1753:E :HDD] hdd_is_rcpi_applicable: 4950: mac addr is different from bssid connected
[  718.696381] healthd: battery l=100 v=4277 t=24.2 h=2 st=5 c=0 fc=2878000 cc=0 chg=a
[  722.241051] init: Received control message 'interface_start' for 'android.hardware.biometrics.fingerprint@2.1::IBiometricsFingerprint/default' from pid: 34 (/system/bin/hwservicemanager)
[  722.241153] init: Could not find service hosting interface android.hardware.biometrics.fingerprint@2.1::IBiometricsFingerprint/default
[  722.242009] init: Received control message 'interface_start' for 'android.hardware.biometrics.fingerprint@2.1::IBiometricsFingerprint/default' from pid: 34 (/system/bin/hwservicemanager)
[  722.242045] init: Could not find service hosting interface android.hardware.biometrics.fingerprint@2.1::IBiometricsFingerprint/default
[  724.004151] R0: [NetworkManager][13989109496] [19:24:28.025297]  wlan: [1753:E :HDD] hdd_is_rcpi_applicable: 4950: mac addr is different from bssid connected
[  724.889378] healthd: battery l=100 v=4277 t=24.1 h=2 st=5 c=0 fc=2878000 cc=0 chg=a
[  730.007813] R0: [NetworkManager][14104379891] [19:24:34.028964]  wlan: [1753:E :HDD] hdd_is_rcpi_applicable: 4950: mac addr is different from bssid connected
[  731.710553] healthd: battery l=100 v=4277 t=24.1 h=2 st=5 c=0 fc=2878000 cc=0 chg=a
[  736.008036] R0: [NetworkManager][14219584144] [19:24:40.029186]  wlan: [1753:E :HDD] hdd_is_rcpi_applicable: 4950: mac addr is different from bssid connected
[  737.897721] healthd: battery l=100 v=4277 t=24.1 h=2 st=5 c=0 fc=2878000 cc=0 chg=a
[  738.163831] healthd: battery l=100 v=4277 t=24.1 h=2 st=5 c=0 fc=2878000 cc=0 chg=a
[  742.002585] R0: [NetworkManager][14334679455] [19:24:46.023734]  wlan: [1753:E :HDD] hdd_is_rcpi_applicable: 4950: mac addr is different from bssid connected
[  744.721680] healthd: battery l=100 v=4277 t=24.1 h=2 st=5 c=0 fc=2878000 cc=0 chg=a
[  748.007722] R0: [NetworkManager][14449978083] [19:24:52.028872]  wlan: [1753:E :HDD] hdd_is_rcpi_applicable: 4950: mac addr is different from bssid connected
[  750.695366] healthd: battery l=100 v=4277 t=24.1 h=2 st=5 c=0 fc=2878000 cc=0 chg=a
[  752.268864] R0: [cds_mc_thread][14531792070] [19:24:56.290017]  wlan: [3382:I :WMI] send_set_arp_stats_req_cmd_tlv: 12397: set arp stats flag=1, vdev=0
[  752.282283] R0: [cds_mc_thread][14532049963] [19:24:56.303449]  wlan: [3382:I :WMI] send_set_arp_stats_req_cmd_tlv: 12397: set arp stats flag=0, vdev=0
[  754.003526] R0: [NetworkManager][14565097611] [19:24:58.024681]  wlan: [1753:E :HDD] hdd_is_rcpi_applicable: 4950: mac addr is different from bssid connected
[  756.881620] healthd: battery l=100 v=4277 t=24.1 h=2 st=5 c=0 fc=2878000 cc=0 chg=a
[  760.004362] R0: [NetworkManager][14680313573] [19:25:04.025513]  wlan: [1753:E :HDD] hdd_is_rcpi_applicable: 4950: mac addr is different from bssid connected
[  763.722151] healthd: battery l=100 v=4276 t=24.1 h=2 st=5 c=0 fc=2878000 cc=0 chg=a
[  766.007727] R0: [NetworkManager][14795578253] [19:25:10.028882]  wlan: [1753:E :HDD] hdd_is_rcpi_applicable: 4950: mac addr is different from bssid connected
[  769.893150] healthd: battery l=100 v=4276 t=24.1 h=2 st=5 c=0 fc=2878000 cc=0 chg=a
[  772.007260] R0: [NetworkManager][14910769356] [19:25:16.028420]  wlan: [1753:E :HDD] hdd_is_rcpi_applicable: 4950: mac addr is different from bssid connected
[  776.721650] healthd: battery l=100 v=4276 t=24.1 h=2 st=5 c=0 fc=2878000 cc=0 chg=a
[  778.002205] R0: [NetworkManager][15025872247] [19:25:22.023362]  wlan: [1753:E :HDD] hdd_is_rcpi_applicable: 4950: mac addr is different from bssid connected
[  782.701292] healthd: battery l=100 v=4276 t=24.0 h=2 st=5 c=0 fc=2878000 cc=0 chg=a
[  784.005931] R0: [NetworkManager][15141143792] [19:25:28.027089]  wlan: [1753:E :HDD] hdd_is_rcpi_applicable: 4950: mac addr is different from bssid connected
[  788.882447] healthd: battery l=100 v=4276 t=24.0 h=2 st=5 c=0 fc=2878000 cc=0 chg=a
[  790.006062] R0: [NetworkManager][15256346241] [19:25:34.027217]  wlan: [1753:E :HDD] hdd_is_rcpi_applicable: 4950: mac addr is different from bssid connected
[  795.706511] healthd: battery l=100 v=4276 t=24.0 h=2 st=5 c=0 fc=2878000 cc=0 chg=a
[  796.004769] R0: [NetworkManager][15371521383] [19:25:40.025924]  wlan: [1753:E :HDD] hdd_is_rcpi_applicable: 4950: mac addr is different from bssid connected
[  798.163578] healthd: battery l=100 v=4276 t=24.0 h=2 st=5 c=0 fc=2878000 cc=0 chg=a
[  798.348924] R0: [cds_mc_thread][15416529339] [19:25:42.370088]  wlan: [3382:I :WMI] send_set_arp_stats_req_cmd_tlv: 12397: set arp stats flag=1, vdev=0
[  798.362175] R0: [cds_mc_thread][15416783850] [19:25:42.383344]  wlan: [3382:I :WMI] send_set_arp_stats_req_cmd_tlv: 12397: set arp stats flag=0, vdev=0
[  801.898819] healthd: battery l=100 v=4276 t=24.0 h=2 st=5 c=0 fc=2878000 cc=0 chg=a
[  802.004134] R0: [NetworkManager][15486709353] [19:25:46.025297]  wlan: [1753:E :HDD] hdd_is_rcpi_applicable: 4950: mac addr is different from bssid connected
[  808.008056] R0: [NetworkManager][15601984488] [19:25:52.029211]  wlan: [1753:E :HDD] hdd_is_rcpi_applicable: 4950: mac addr is different from bssid connected
[  808.722426] healthd: battery l=100 v=4276 t=24.0 h=2 st=5 c=0 fc=2878000 cc=0 chg=a
[  814.002866] R0: [NetworkManager][15717084833] [19:25:58.024022]  wlan: [1753:E :HDD] hdd_is_rcpi_applicable: 4950: mac addr is different from bssid connected
[  814.695668] healthd: battery l=100 v=4276 t=24.0 h=2 st=5 c=0 fc=2878000 cc=0 chg=a
[  820.001740] R0: [NetworkManager][15832263246] [19:26:04.022898]  wlan: [1753:E :HDD] hdd_is_rcpi_applicable: 4950: mac addr is different from bssid connected
[  820.879239] healthd: battery l=100 v=4276 t=23.9 h=2 st=5 c=0 fc=2878000 cc=0 chg=a
[  822.987625] init: Received control message 'interface_start' for 'android.hardware.biometrics.fingerprint@2.1::IBiometricsFingerprint/default' from pid: 34 (/system/bin/hwservicemanager)
[  822.987723] init: Could not find service hosting interface android.hardware.biometrics.fingerprint@2.1::IBiometricsFingerprint/default
[  822.987976] init: Received control message 'interface_start' for 'android.hardware.biometrics.fingerprint@2.1::IBiometricsFingerprint/default' from pid: 34 (/system/bin/hwservicemanager)
[  822.988005] init: Could not find service hosting interface android.hardware.biometrics.fingerprint@2.1::IBiometricsFingerprint/default
[  826.006061] R0: [NetworkManager][15947546205] [19:26:10.027219]  wlan: [1753:E :HDD] hdd_is_rcpi_applicable: 4950: mac addr is different from bssid connected
[  827.710899] healthd: battery l=100 v=4276 t=23.9 h=2 st=5 c=0 fc=2878000 cc=0 chg=a
[  832.006170] R0: [NetworkManager][16062748292] [19:26:16.027329]  wlan: [1753:E :HDD] hdd_is_rcpi_applicable: 4950: mac addr is different from bssid connected
[  833.892944] healthd: battery l=100 v=4276 t=23.9 h=2 st=5 c=0 fc=2878000 cc=0 chg=a
[  838.004752] R0: [NetworkManager][16177920046] [19:26:22.025858]  wlan: [1753:E :HDD] hdd_is_rcpi_applicable: 4950: mac addr is different from bssid connected
[  840.718536] healthd: battery l=100 v=4276 t=23.9 h=2 st=5 c=0 fc=2878000 cc=0 chg=a
[  844.001622] R0: [NetworkManager][16293061043] [19:26:28.022785]  wlan: [1753:E :HDD] hdd_is_rcpi_applicable: 4950: mac addr is different from bssid connected
[  844.428870] R0: [cds_mc_thread][16301264150] [19:26:28.450031]  wlan: [3382:I :WMI] send_set_arp_stats_req_cmd_tlv: 12397: set arp stats flag=1, vdev=0
[  844.441776] R0: [cds_mc_thread][16301512194] [19:26:28.462950]  wlan: [3382:I :WMI] send_set_arp_stats_req_cmd_tlv: 12397: set arp stats flag=0, vdev=0
[  846.699108] healthd: battery l=100 v=4276 t=23.9 h=2 st=5 c=0 fc=2878000 cc=0 chg=a
[  850.002159] R0: [NetworkManager][16408271293] [19:26:34.023320]  wlan: [1753:E :HDD] hdd_is_rcpi_applicable: 4950: mac addr is different from bssid connected
[  852.886752] healthd: battery l=100 v=4276 t=23.9 h=2 st=5 c=0 fc=2878000 cc=0 chg=a
[  856.008400] R0: [NetworkManager][16523591203] [19:26:40.029566]  wlan: [1753:E :HDD] hdd_is_rcpi_applicable: 4950: mac addr is different from bssid connected
[  858.162763] healthd: battery l=100 v=4276 t=23.9 h=2 st=5 c=0 fc=2878000 cc=0 chg=a
[  859.713649] healthd: battery l=100 v=4276 t=23.9 h=2 st=5 c=0 fc=2878000 cc=0 chg=a
[  862.005526] R0: [NetworkManager][16638735939] [19:26:46.026688]  wlan: [1753:E :HDD] hdd_is_rcpi_applicable: 4950: mac addr is different from bssid connected
[  865.899197] healthd: battery l=100 v=4276 t=23.9 h=2 st=5 c=0 fc=2878000 cc=0 chg=a
[  868.003556] R0: [NetworkManager][16753898160] [19:26:52.024721]  wlan: [1753:E :HDD] hdd_is_rcpi_applicable: 4950: mac addr is different from bssid connected
[  872.719564] healthd: battery l=100 v=4276 t=23.9 h=2 st=5 c=0 fc=2878000 cc=0 chg=a
[  874.007409] R0: [NetworkManager][16869172141] [19:26:58.028575]  wlan: [1753:E :HDD] hdd_is_rcpi_applicable: 4950: mac addr is different from bssid connected
[  878.695735] healthd: battery l=100 v=4276 t=23.9 h=2 st=5 c=0 fc=2878000 cc=0 chg=a
[  880.002060] R0: [NetworkManager][16984269540] [19:27:04.023232]  wlan: [1753:E :HDD] hdd_is_rcpi_applicable: 4950: mac addr is different from bssid connected
[  884.878699] healthd: battery l=100 v=4276 t=23.8 h=2 st=5 c=0 fc=2878000 cc=0 chg=a
[  886.004377] R0: [NetworkManager][17099513905] [19:27:10.025543]  wlan: [1753:E :HDD] hdd_is_rcpi_applicable: 4950: mac addr is different from bssid connected
[  891.706385] healthd: battery l=100 v=4276 t=23.8 h=2 st=5 c=0 fc=2878000 cc=0 chg=a
[  892.007950] R0: [NetworkManager][17214782387] [19:27:16.029110]  wlan: [1753:E :HDD] hdd_is_rcpi_applicable: 4950: mac addr is different from bssid connected
[  897.897673] healthd: battery l=100 v=4276 t=23.8 h=2 st=5 c=0 fc=2878000 cc=0 chg=a
[  898.005279] R0: [NetworkManager][17329931335] [19:27:22.026452]  wlan: [1753:E :HDD] hdd_is_rcpi_applicable: 4950: mac addr is different from bssid connected
[  904.007596] R0: [NetworkManager][17445175655] [19:27:28.028761]  wlan: [1753:E :HDD] hdd_is_rcpi_applicable: 4950: mac addr is different from bssid connected
[  904.375955] R0: [cds_mc_thread][17452248309] [19:27:28.397128]  wlan: [3382:I :WMI] send_set_arp_stats_req_cmd_tlv: 12397: set arp stats flag=1, vdev=0
[  904.391607] R0: [cds_mc_thread][17452548979] [19:27:28.412788]  wlan: [3382:I :WMI] send_set_arp_stats_req_cmd_tlv: 12397: set arp stats flag=0, vdev=0
[  904.680771] healthd: battery l=100 v=4276 t=23.8 h=2 st=5 c=0 fc=2878000 cc=0 chg=a
[  910.005911] R0: [NetworkManager][17560343310] [19:27:34.027077]  wlan: [1753:E :HDD] hdd_is_rcpi_applicable: 4950: mac addr is different from bssid connected
[  910.696310] healthd: battery l=100 v=4276 t=23.8 h=2 st=5 c=0 fc=2878000 cc=0 chg=a
[  916.005891] R0: [NetworkManager][17675542954] [19:27:40.027059]  wlan: [1753:E :HDD] hdd_is_rcpi_applicable: 4950: mac addr is different from bssid connected
[  916.894031] healthd: battery l=100 v=4276 t=23.8 h=2 st=5 c=0 fc=2878000 cc=0 chg=a
[  918.162488] healthd: battery l=100 v=4276 t=23.8 h=2 st=5 c=0 fc=2878000 cc=0 chg=a
[  922.003078] R0: [NetworkManager][17790689053] [19:27:46.024252]  wlan: [1753:E :HDD] hdd_is_rcpi_applicable: 4950: mac addr is different from bssid connected
[  923.645416] healthd: battery l=100 v=4276 t=23.8 h=2 st=5 c=0 fc=2878000 cc=0 chg=a
[  923.748148] init: Received control message 'interface_start' for 'android.hardware.biometrics.fingerprint@2.1::IBiometricsFingerprint/default' from pid: 34 (/system/bin/hwservicemanager)
[  923.748266] init: Could not find service hosting interface android.hardware.biometrics.fingerprint@2.1::IBiometricsFingerprint/default
[  923.748565] init: Received control message 'interface_start' for 'android.hardware.biometrics.fingerprint@2.1::IBiometricsFingerprint/default' from pid: 34 (/system/bin/hwservicemanager)
[  923.748601] init: Could not find service hosting interface android.hardware.biometrics.fingerprint@2.1::IBiometricsFingerprint/default
[  928.004054] R0: [NetworkManager][17905907717] [19:27:52.025225]  wlan: [1753:E :HDD] hdd_is_rcpi_applicable: 4950: mac addr is different from bssid connected
[  929.895700] healthd: battery l=100 v=4276 t=23.8 h=2 st=5 c=0 fc=2878000 cc=0 chg=a
[  934.003110] R0: [NetworkManager][18021089492] [19:27:58.024276]  wlan: [1753:E :HDD] hdd_is_rcpi_applicable: 4950: mac addr is different from bssid connected
[  936.722929] healthd: battery l=100 v=4276 t=23.8 h=2 st=5 c=0 fc=2878000 cc=0 chg=a
[  940.004446] R0: [NetworkManager][18136315242] [19:28:04.025618]  wlan: [1753:E :HDD] hdd_is_rcpi_applicable: 4950: mac addr is different from bssid connected
[  942.697809] healthd: battery l=100 v=4276 t=23.8 h=2 st=5 c=0 fc=2878000 cc=0 chg=a
[  946.001702] R0: [NetworkManager][18251462580] [19:28:10.022876]  wlan: [1753:E :HDD] hdd_is_rcpi_applicable: 4950: mac addr is different from bssid connected
[  948.887261] healthd: battery l=100 v=4276 t=23.8 h=2 st=5 c=0 fc=2878000 cc=0 chg=a
[  951.949390] R0: [cds_mc_thread][18365658243] [19:28:15.970567]  wlan: [3382:I :WMI] send_set_arp_stats_req_cmd_tlv: 12397: set arp stats flag=1, vdev=0
[  951.962062] R0: [cds_mc_thread][18365901692] [19:28:15.983247]  wlan: [3382:I :WMI] send_set_arp_stats_req_cmd_tlv: 12397: set arp stats flag=0, vdev=0
[  952.000573] R0: [NetworkManager][18366641101] [19:28:16.021758]  wlan: [1753:E :HDD] hdd_is_rcpi_applicable: 4950: mac addr is different from bssid connected
[  955.715138] healthd: battery l=100 v=4276 t=23.8 h=2 st=5 c=0 fc=2878000 cc=0 chg=a
[  958.004270] R0: [NetworkManager][18481911904] [19:28:22.025446]  wlan: [1753:E :HDD] hdd_is_rcpi_applicable: 4950: mac addr is different from bssid connected
[  961.898833] healthd: battery l=100 v=4276 t=23.7 h=2 st=5 c=0 fc=2878000 cc=0 chg=a
[  964.006745] R0: [NetworkManager][18597159308] [19:28:28.027916]  wlan: [1753:E :HDD] hdd_is_rcpi_applicable: 4950: mac addr is different from bssid connected
[  968.735017] healthd: battery l=100 v=4276 t=23.7 h=2 st=5 c=0 fc=2878000 cc=0 chg=a
[  970.006159] R0: [NetworkManager][18712348086] [19:28:34.027332]  wlan: [1753:E :HDD] hdd_is_rcpi_applicable: 4950: mac addr is different from bssid connected
[  974.645957] healthd: battery l=100 v=4276 t=23.7 h=2 st=5 c=0 fc=2878000 cc=0 chg=a
[  976.004195] R0: [NetworkManager][18827510343] [19:28:40.025366]  wlan: [1753:E :HDD] hdd_is_rcpi_applicable: 4950: mac addr is different from bssid connected
[  978.162153] healthd: battery l=100 v=4276 t=23.7 h=2 st=5 c=0 fc=2878000 cc=0 chg=a
[  980.880655] healthd: battery l=100 v=4276 t=23.7 h=2 st=5 c=0 fc=2878000 cc=0 chg=a
[  982.005877] R0: [NetworkManager][18942742682] [19:28:46.027051]  wlan: [1753:E :HDD] hdd_is_rcpi_applicable: 4950: mac addr is different from bssid connected
[  987.711254] healthd: battery l=100 v=4276 t=23.7 h=2 st=5 c=0 fc=2878000 cc=0 chg=a
[  988.001542] R0: [NetworkManager][19057859473] [19:28:52.022718]  wlan: [1753:E :HDD] hdd_is_rcpi_applicable: 4950: mac addr is different from bssid connected
[  993.904415] healthd: battery l=100 v=4276 t=23.7 h=2 st=5 c=0 fc=2878000 cc=0 chg=a
[  994.008029] R0: [NetworkManager][19173184142] [19:28:58.029212]  wlan: [1753:E :HDD] hdd_is_rcpi_applicable: 4950: mac addr is different from bssid connected
[  995.029949] perf: interrupt took too long (4037 > 3988), lowering kernel.perf_event_max_sample_rate to 49500
[  998.029488] R0: [cds_mc_thread][19250396089] [19:29:02.050668]  wlan: [3382:I :WMI] send_set_arp_stats_req_cmd_tlv: 12397: set arp stats flag=1, vdev=0
[  998.042019] R0: [cds_mc_thread][19250636857] [19:29:02.063208]  wlan: [3382:I :WMI] send_set_arp_stats_req_cmd_tlv: 12397: set arp stats flag=0, vdev=0
[ 1000.004193] R0: [NetworkManager][19288310387] [19:29:04.025371]  wlan: [1753:E :HDD] hdd_is_rcpi_applicable: 4950: mac addr is different from bssid connected
[ 1000.724771] healthd: battery l=100 v=4276 t=23.7 h=2 st=5 c=0 fc=2878000 cc=0 chg=a
[ 1006.006221] R0: [NetworkManager][19403549441] [19:29:10.027406]  wlan: [1753:E :HDD] hdd_is_rcpi_applicable: 4950: mac addr is different from bssid connected
[ 1006.696660] healthd: battery l=100 v=4276 t=23.7 h=2 st=5 c=0 fc=2878000 cc=0 chg=a
[ 1012.003690] R0: [NetworkManager][19518700688] [19:29:16.024867]  wlan: [1753:E :HDD] hdd_is_rcpi_applicable: 4950: mac addr is different from bssid connected
[ 1012.878106] healthd: battery l=100 v=4276 t=23.7 h=2 st=5 c=0 fc=2878000 cc=0 chg=a
[ 1018.004475] R0: [NetworkManager][19633915746] [19:29:22.025652]  wlan: [1753:E :HDD] hdd_is_rcpi_applicable: 4950: mac addr is different from bssid connected
[ 1019.709396] healthd: battery l=100 v=4276 t=23.7 h=2 st=5 c=0 fc=2878000 cc=0 chg=a
[ 1024.002150] R0: [NetworkManager][19749071240] [19:29:28.023335]  wlan: [1753:E :HDD] hdd_is_rcpi_applicable: 4950: mac addr is different from bssid connected
[ 1024.247016] init: Received control message 'interface_start' for 'android.hardware.biometrics.fingerprint@2.1::IBiometricsFingerprint/default' from pid: 34 (/system/bin/hwservicemanager)
[ 1024.247182] init: Could not find service hosting interface android.hardware.biometrics.fingerprint@2.1::IBiometricsFingerprint/default
[ 1024.248042] init: Received control message 'interface_start' for 'android.hardware.biometrics.fingerprint@2.1::IBiometricsFingerprint/default' from pid: 34 (/system/bin/hwservicemanager)
[ 1024.248140] init: Could not find service hosting interface android.hardware.biometrics.fingerprint@2.1::IBiometricsFingerprint/default
[ 1025.896998] healthd: battery l=100 v=4276 t=23.6 h=2 st=5 c=0 fc=2878000 cc=0 chg=a
[ 1030.001934] R0: [NetworkManager][19864266933] [19:29:34.023111]  wlan: [1753:E :HDD] hdd_is_rcpi_applicable: 4950: mac addr is different from bssid connected
[ 1032.718043] healthd: battery l=100 v=4276 t=23.6 h=2 st=5 c=0 fc=2878000 cc=0 chg=a
[ 1036.004194] R0: [NetworkManager][19979508557] [19:29:40.025279]  wlan: [1753:E :HDD] hdd_is_rcpi_applicable: 4950: mac addr is different from bssid connected
[ 1038.163837] healthd: battery l=100 v=4276 t=23.6 h=2 st=5 c=0 fc=2878000 cc=0 chg=a
[ 1038.712679] healthd: battery l=100 v=4276 t=23.6 h=2 st=5 c=0 fc=2878000 cc=0 chg=a
[ 1042.003911] R0: [NetworkManager][20094704970] [19:29:46.025093]  wlan: [1753:E :HDD] hdd_is_rcpi_applicable: 4950: mac addr is different from bssid connected
[ 1044.108604] R0: [cds_mc_thread][20135115244] [19:29:48.129795]  wlan: [3382:I :WMI] send_set_arp_stats_req_cmd_tlv: 12397: set arp stats flag=1, vdev=0
[ 1044.112584] R0: [cds_mc_thread][20135191722] [19:29:48.133778]  wlan: [3382:I :WMI] send_set_arp_stats_req_cmd_tlv: 12397: set arp stats flag=0, vdev=0
[ 1044.893881] healthd: battery l=100 v=4276 t=23.6 h=2 st=5 c=0 fc=2878000 cc=0 chg=a
[ 1048.003086] R0: [NetworkManager][20209889095] [19:29:52.024267]  wlan: [1753:E :HDD] hdd_is_rcpi_applicable: 4950: mac addr is different from bssid connected
[ 1051.712460] healthd: battery l=100 v=4276 t=23.6 h=2 st=5 c=0 fc=2878000 cc=0 chg=a
[ 1054.004420] R0: [NetworkManager][20325114631] [19:29:58.025597]  wlan: [1753:E :HDD] hdd_is_rcpi_applicable: 4950: mac addr is different from bssid connected
[ 1057.894198] healthd: battery l=100 v=4276 t=23.6 h=2 st=5 c=0 fc=2878000 cc=0 chg=a
[ 1060.007992] R0: [NetworkManager][20440383293] [19:30:04.029174]  wlan: [1753:E :HDD] hdd_is_rcpi_applicable: 4950: mac addr is different from bssid connected
[ 1064.720799] healthd: battery l=100 v=4276 t=23.6 h=2 st=5 c=0 fc=2878000 cc=0 chg=a
[ 1066.002842] R0: [NetworkManager][20555484379] [19:30:10.024023]  wlan: [1753:E :HDD] hdd_is_rcpi_applicable: 4950: mac addr is different from bssid connected
[ 1070.694913] healthd: battery l=100 v=4276 t=23.6 h=2 st=5 c=0 fc=2878000 cc=0 chg=a
[ 1072.002619] R0: [NetworkManager][20670678339] [19:30:16.023709]  wlan: [1753:E :HDD] hdd_is_rcpi_applicable: 4950: mac addr is different from bssid connected
[ 1076.893053] healthd: battery l=100 v=4276 t=23.6 h=2 st=5 c=0 fc=2878000 cc=0 chg=a
[ 1078.004650] R0: [NetworkManager][20785917497] [19:30:22.025749]  wlan: [1753:E :HDD] hdd_is_rcpi_applicable: 4950: mac addr is different from bssid connected
[ 1083.710691] healthd: battery l=100 v=4276 t=23.6 h=2 st=5 c=0 fc=2878000 cc=0 chg=a
[ 1084.004372] R0: [NetworkManager][20901113758] [19:30:28.025555]  wlan: [1753:E :HDD] hdd_is_rcpi_applicable: 4950: mac addr is different from bssid connected
[ 1089.859042] healthd: battery l=100 v=4276 t=23.6 h=2 st=5 c=0 fc=2878000 cc=0 chg=a
[ 1090.005293] R0: [NetworkManager][21016331465] [19:30:34.026478]  wlan: [1753:E :HDD] hdd_is_rcpi_applicable: 4950: mac addr is different from bssid connected
[ 1095.749711] healthd: battery l=100 v=4276 t=23.6 h=2 st=5 c=0 fc=2878000 cc=0 chg=a
[ 1096.003868] R0: [NetworkManager][21131504105] [19:30:40.025053]  wlan: [1753:E :HDD] hdd_is_rcpi_applicable: 4950: mac addr is different from bssid connected
[ 1096.732079] healthd: battery l=100 v=4276 t=23.6 h=2 st=5 c=0 fc=2878000 cc=0 chg=a
[ 1098.162426] healthd: battery l=100 v=4276 t=23.6 h=2 st=5 c=0 fc=2878000 cc=0 chg=a
[ 1102.004243] R0: [NetworkManager][21246711279] [19:30:46.025428]  wlan: [1753:E :HDD] hdd_is_rcpi_applicable: 4950: mac addr is different from bssid connected
[ 1102.692419] healthd: battery l=100 v=4276 t=23.6 h=2 st=5 c=0 fc=2878000 cc=0 chg=a
[ 1102.775871] R0: [cds_mc_thread][21261526698] [19:30:46.797064]  wlan: [3382:I :WMI] send_set_arp_stats_req_cmd_tlv: 12397: set arp stats flag=1, vdev=0
[ 1102.789418] R0: [cds_mc_thread][21261786118] [19:30:46.810576]  wlan: [3382:I :WMI] send_set_arp_stats_req_cmd_tlv: 12397: set arp stats flag=0, vdev=0
[ 1108.003081] R0: [NetworkManager][21361889010] [19:30:52.024268]  wlan: [1753:E :HDD] hdd_is_rcpi_applicable: 4950: mac addr is different from bssid connected
[ 1108.833243] healthd: battery l=100 v=4276 t=23.6 h=2 st=5 c=0 fc=2878000 cc=0 chg=a
[ 1114.005476] R0: [NetworkManager][21477135100] [19:30:58.026670]  wlan: [1753:E :HDD] hdd_is_rcpi_applicable: 4950: mac addr is different from bssid connected
[ 1115.712027] healthd: battery l=100 v=4276 t=23.6 h=2 st=5 c=0 fc=2878000 cc=0 chg=a
[ 1120.001847] R0: [NetworkManager][21592265258] [19:31:04.023033]  wlan: [1753:E :HDD] hdd_is_rcpi_applicable: 4950: mac addr is different from bssid connected
[ 1121.899209] healthd: battery l=100 v=4276 t=23.5 h=2 st=5 c=0 fc=2878000 cc=0 chg=a
[ 1124.997778] init: Received control message 'interface_start' for 'android.hardware.biometrics.fingerprint@2.1::IBiometricsFingerprint/default' from pid: 34 (/system/bin/hwservicemanager)
[ 1124.997886] init: Could not find service hosting interface android.hardware.biometrics.fingerprint@2.1::IBiometricsFingerprint/default
[ 1124.998180] init: Received control message 'interface_start' for 'android.hardware.biometrics.fingerprint@2.1::IBiometricsFingerprint/default' from pid: 34 (/system/bin/hwservicemanager)
[ 1124.998210] init: Could not find service hosting interface android.hardware.biometrics.fingerprint@2.1::IBiometricsFingerprint/default
[ 1126.002343] R0: [NetworkManager][21707474825] [19:31:10.023531]  wlan: [1753:E :HDD] hdd_is_rcpi_applicable: 4950: mac addr is different from bssid connected
[ 1128.722020] healthd: battery l=100 v=4276 t=23.5 h=2 st=5 c=0 fc=2878000 cc=0 chg=a
[ 1132.007997] R0: [NetworkManager][21822783363] [19:31:16.029185]  wlan: [1753:E :HDD] hdd_is_rcpi_applicable: 4950: mac addr is different from bssid connected
[ 1134.694042] healthd: battery l=100 v=4276 t=23.5 h=2 st=5 c=0 fc=2878000 cc=0 chg=a
[ 1138.006014] R0: [NetworkManager][21937945296] [19:31:22.027203]  wlan: [1753:E :HDD] hdd_is_rcpi_applicable: 4950: mac addr is different from bssid connected
[ 1140.892509] healthd: battery l=100 v=4276 t=23.5 h=2 st=5 c=0 fc=2878000 cc=0 chg=a
[ 1144.002403] R0: [NetworkManager][22053075934] [19:31:28.023591]  wlan: [1753:E :HDD] hdd_is_rcpi_applicable: 4950: mac addr is different from bssid connected
[ 1147.720815] healthd: battery l=100 v=4276 t=23.5 h=2 st=5 c=0 fc=2878000 cc=0 chg=a
[ 1150.007433] R0: [NetworkManager][22168372582] [19:31:34.028625]  wlan: [1753:E :HDD] hdd_is_rcpi_applicable: 4950: mac addr is different from bssid connected
[ 1153.893828] healthd: battery l=100 v=4276 t=23.5 h=2 st=5 c=0 fc=2878000 cc=0 chg=a
[ 1156.006964] R0: [NetworkManager][22283563560] [19:31:40.028156]  wlan: [1753:E :HDD] hdd_is_rcpi_applicable: 4950: mac addr is different from bssid connected
[ 1156.611768] perf: interrupt took too long (5121 > 5046), lowering kernel.perf_event_max_sample_rate to 39000
[ 1158.162503] healthd: battery l=100 v=4276 t=23.5 h=2 st=5 c=0 fc=2878000 cc=0 chg=a
[ 1160.719586] healthd: battery l=100 v=4276 t=23.5 h=2 st=5 c=0 fc=2878000 cc=0 chg=a
[ 1162.002708] R0: [NetworkManager][22398681928] [19:31:46.023905]  wlan: [1753:E :HDD] hdd_is_rcpi_applicable: 4950: mac addr is different from bssid connected
[ 1163.789076] R0: [cds_mc_thread][22432978883] [19:31:47.810205]  wlan: [3382:I :WMI] send_set_arp_stats_req_cmd_tlv: 12397: set arp stats flag=1, vdev=0
[ 1163.802473] R0: [cds_mc_thread][22433237592] [19:31:47.823679]  wlan: [3382:I :WMI] send_set_arp_stats_req_cmd_tlv: 12397: set arp stats flag=0, vdev=0
[ 1166.698033] healthd: battery l=100 v=4276 t=23.5 h=2 st=5 c=0 fc=2878000 cc=0 chg=a
[ 1168.004559] R0: [NetworkManager][22513917303] [19:31:52.025748]  wlan: [1753:E :HDD] hdd_is_rcpi_applicable: 4950: mac addr is different from bssid connected
[ 1172.881033] healthd: battery l=100 v=4276 t=23.5 h=2 st=5 c=0 fc=2878000 cc=0 chg=a
[ 1174.004698] R0: [NetworkManager][22629120181] [19:31:58.025899]  wlan: [1753:E :HDD] hdd_is_rcpi_applicable: 4950: mac addr is different from bssid connected
[ 1179.709725] healthd: battery l=100 v=4276 t=23.5 h=2 st=5 c=0 fc=2878000 cc=0 chg=a
[ 1180.002209] R0: [NetworkManager][22744272282] [19:32:04.023404]  wlan: [1753:E :HDD] hdd_is_rcpi_applicable: 4950: mac addr is different from bssid connected
[ 1185.899111] healthd: battery l=100 v=4276 t=23.5 h=2 st=5 c=0 fc=2878000 cc=0 chg=a
[ 1186.002332] R0: [NetworkManager][22859474678] [19:32:10.023530]  wlan: [1753:E :HDD] hdd_is_rcpi_applicable: 4950: mac addr is different from bssid connected
[ 1192.003446] R0: [NetworkManager][22974695965] [19:32:16.024639]  wlan: [1753:E :HDD] hdd_is_rcpi_applicable: 4950: mac addr is different from bssid connected
[ 1192.719629] healthd: battery l=100 v=4276 t=23.5 h=2 st=5 c=0 fc=2878000 cc=0 chg=a
[ 1198.004603] R0: [NetworkManager][23089918231] [19:32:22.025799]  wlan: [1753:E :HDD] hdd_is_rcpi_applicable: 4950: mac addr is different from bssid connected
[ 1198.697553] healthd: battery l=100 v=4276 t=23.5 h=2 st=5 c=0 fc=2878000 cc=0 chg=a
[ 1204.005351] R0: [NetworkManager][23205132530] [19:32:28.026545]  wlan: [1753:E :HDD] hdd_is_rcpi_applicable: 4950: mac addr is different from bssid connected
[ 1204.878631] healthd: battery l=100 v=4276 t=23.5 h=2 st=5 c=0 fc=2878000 cc=0 chg=a
[ 1210.005700] R0: [NetworkManager][23320339282] [19:32:34.026897]  wlan: [1753:E :HDD] hdd_is_rcpi_applicable: 4950: mac addr is different from bssid connected
[ 1211.717977] healthd: battery l=100 v=4276 t=23.5 h=2 st=5 c=0 fc=2878000 cc=0 chg=a
[ 1216.001849] R0: [NetworkManager][23435465321] [19:32:40.023045]  wlan: [1753:E :HDD] hdd_is_rcpi_applicable: 4950: mac addr is different from bssid connected
[ 1217.900790] healthd: battery l=100 v=4276 t=23.5 h=2 st=5 c=0 fc=2878000 cc=0 chg=a
[ 1218.162090] healthd: battery l=100 v=4276 t=23.5 h=2 st=5 c=0 fc=2878000 cc=0 chg=a
[ 1222.004643] R0: [NetworkManager][23550719023] [19:32:46.025843]  wlan: [1753:E :HDD] hdd_is_rcpi_applicable: 4950: mac addr is different from bssid connected
[ 1224.734931] healthd: battery l=100 v=4276 t=23.4 h=2 st=5 c=0 fc=2878000 cc=0 chg=a
[ 1224.802285] R0: [cds_mc_thread][23604433894] [19:32:48.823493]  wlan: [3382:I :WMI] send_set_arp_stats_req_cmd_tlv: 12397: set arp stats flag=1, vdev=0
[ 1224.815960] R0: [cds_mc_thread][23604696531] [19:32:48.837172]  wlan: [3382:I :WMI] send_set_arp_stats_req_cmd_tlv: 12397: set arp stats flag=0, vdev=0
[ 1225.495360] init: Received control message 'interface_start' for 'android.hardware.biometrics.fingerprint@2.1::IBiometricsFingerprint/default' from pid: 34 (/system/bin/hwservicemanager)
[ 1225.495467] init: Could not find service hosting interface android.hardware.biometrics.fingerprint@2.1::IBiometricsFingerprint/default
[ 1225.496005] init: Received control message 'interface_start' for 'android.hardware.biometrics.fingerprint@2.1::IBiometricsFingerprint/default' from pid: 34 (/system/bin/hwservicemanager)
[ 1225.496038] init: Could not find service hosting interface android.hardware.biometrics.fingerprint@2.1::IBiometricsFingerprint/default
[ 1228.003011] R0: [NetworkManager][23665887687] [19:32:52.024211]  wlan: [1753:E :HDD] hdd_is_rcpi_applicable: 4950: mac addr is different from bssid connected
[ 1230.710025] healthd: battery l=100 v=4276 t=23.4 h=2 st=5 c=0 fc=2878000 cc=0 chg=a
[ 1234.001906] R0: [NetworkManager][23781066400] [19:32:58.023103]  wlan: [1753:E :HDD] hdd_is_rcpi_applicable: 4950: mac addr is different from bssid connected
[ 1236.887272] healthd: battery l=100 v=4276 t=23.4 h=2 st=5 c=0 fc=2878000 cc=0 chg=a
[ 1240.003784] R0: [NetworkManager][23896302484] [19:33:04.024983]  wlan: [1753:E :HDD] hdd_is_rcpi_applicable: 4950: mac addr is different from bssid connected
[ 1243.709585] healthd: battery l=100 v=4276 t=23.4 h=2 st=5 c=0 fc=2878000 cc=0 chg=a
[ 1246.001640] R0: [NetworkManager][24011461346] [19:33:10.022841]  wlan: [1753:E :HDD] hdd_is_rcpi_applicable: 4950: mac addr is different from bssid connected
[ 1249.896080] healthd: battery l=100 v=4276 t=23.4 h=2 st=5 c=0 fc=2878000 cc=0 chg=a
[ 1252.004794] R0: [NetworkManager][24126721891] [19:33:16.025995]  wlan: [1753:E :HDD] hdd_is_rcpi_applicable: 4950: mac addr is different from bssid connected
[ 1256.735388] healthd: battery l=100 v=4276 t=23.4 h=2 st=5 c=0 fc=2878000 cc=0 chg=a
[ 1258.005764] R0: [NetworkManager][24241940628] [19:33:22.026972]  wlan: [1753:E :HDD] hdd_is_rcpi_applicable: 4950: mac addr is different from bssid connected
[ 1262.698886] healthd: battery l=100 v=4276 t=23.4 h=2 st=5 c=0 fc=2878000 cc=0 chg=a
[ 1264.002689] R0: [NetworkManager][24357081485] [19:33:28.023892]  wlan: [1753:E :HDD] hdd_is_rcpi_applicable: 4950: mac addr is different from bssid connected
[ 1268.894914] healthd: battery l=100 v=4276 t=23.4 h=2 st=5 c=0 fc=2878000 cc=0 chg=a
[ 1270.008362] R0: [NetworkManager][24472390359] [19:33:34.029563]  wlan: [1753:E :HDD] hdd_is_rcpi_applicable: 4950: mac addr is different from bssid connected
[ 1275.713579] healthd: battery l=100 v=4276 t=23.4 h=2 st=5 c=0 fc=2878000 cc=0 chg=a
[ 1276.002961] R0: [NetworkManager][24587486617] [19:33:40.024161]  wlan: [1753:E :HDD] hdd_is_rcpi_applicable: 4950: mac addr is different from bssid connected
[ 1278.162106] healthd: battery l=100 v=4276 t=23.4 h=2 st=5 c=0 fc=2878000 cc=0 chg=a
[ 1281.898322] healthd: battery l=100 v=4276 t=23.4 h=2 st=5 c=0 fc=2878000 cc=0 chg=a
[ 1282.005282] R0: [NetworkManager][24702731321] [19:33:46.026489]  wlan: [1753:E :HDD] hdd_is_rcpi_applicable: 4950: mac addr is different from bssid connected
[ 1288.003036] R0: [NetworkManager][24817888094] [19:33:52.024239]  wlan: [1753:E :HDD] hdd_is_rcpi_applicable: 4950: mac addr is different from bssid connected
[ 1288.715855] healthd: battery l=100 v=4276 t=23.4 h=2 st=5 c=0 fc=2878000 cc=0 chg=a
[ 1294.005513] R0: [NetworkManager][24933135543] [19:33:58.026711]  wlan: [1753:E :HDD] hdd_is_rcpi_applicable: 4950: mac addr is different from bssid connected
[ 1294.698255] healthd: battery l=100 v=4276 t=23.4 h=2 st=5 c=0 fc=2878000 cc=0 chg=a
[ 1300.007280] R0: [NetworkManager][25048369595] [19:34:04.028485]  wlan: [1753:E :HDD] hdd_is_rcpi_applicable: 4950: mac addr is different from bssid connected
[ 1300.889133] healthd: battery l=100 v=4276 t=23.4 h=2 st=5 c=0 fc=2878000 cc=0 chg=a
[ 1306.006731] R0: [NetworkManager][25163559080] [19:34:10.027938]  wlan: [1753:E :HDD] hdd_is_rcpi_applicable: 4950: mac addr is different from bssid connected
[ 1306.295938] R0: [cds_mc_thread][25169111879] [19:34:10.317146]  wlan: [3382:I :WMI] send_set_arp_stats_req_cmd_tlv: 12397: set arp stats flag=1, vdev=0
[ 1306.312630] R0: [cds_mc_thread][25169432587] [19:34:10.333849]  wlan: [3382:I :WMI] send_set_arp_stats_req_cmd_tlv: 12397: set arp stats flag=0, vdev=0
[ 1307.711010] healthd: battery l=100 v=4276 t=23.4 h=2 st=5 c=0 fc=2878000 cc=0 chg=a
[ 1312.005514] R0: [NetworkManager][25278735685] [19:34:16.026720]  wlan: [1753:E :HDD] hdd_is_rcpi_applicable: 4950: mac addr is different from bssid connected
[ 1313.900678] healthd: battery l=100 v=4276 t=23.4 h=2 st=5 c=0 fc=2878000 cc=0 chg=a
[ 1318.004842] R0: [NetworkManager][25393922810] [19:34:22.026050]  wlan: [1753:E :HDD] hdd_is_rcpi_applicable: 4950: mac addr is different from bssid connected
[ 1320.718273] healthd: battery l=100 v=4276 t=23.4 h=2 st=5 c=0 fc=2878000 cc=0 chg=a
[ 1324.002426] R0: [NetworkManager][25509076414] [19:34:28.023634]  wlan: [1753:E :HDD] hdd_is_rcpi_applicable: 4950: mac addr is different from bssid connected
[ 1325.994976] init: Received control message 'interface_start' for 'android.hardware.biometrics.fingerprint@2.1::IBiometricsFingerprint/default' from pid: 34 (/system/bin/hwservicemanager)
[ 1325.995147] init: Could not find service hosting interface android.hardware.biometrics.fingerprint@2.1::IBiometricsFingerprint/default
[ 1325.995732] init: Received control message 'interface_start' for 'android.hardware.biometrics.fingerprint@2.1::IBiometricsFingerprint/default' from pid: 34 (/system/bin/hwservicemanager)
[ 1325.995770] init: Could not find service hosting interface android.hardware.biometrics.fingerprint@2.1::IBiometricsFingerprint/default
[ 1326.695157] healthd: battery l=100 v=4276 t=23.4 h=2 st=5 c=0 fc=2878000 cc=0 chg=a
[ 1330.002938] R0: [NetworkManager][25624286242] [19:34:34.024146]  wlan: [1753:E :HDD] hdd_is_rcpi_applicable: 4950: mac addr is different from bssid connected
[ 1332.891187] healthd: battery l=100 v=4276 t=23.4 h=2 st=5 c=0 fc=2878000 cc=0 chg=a
[ 1336.008254] R0: [NetworkManager][25739588263] [19:34:40.029461]  wlan: [1753:E :HDD] hdd_is_rcpi_applicable: 4950: mac addr is different from bssid connected
[ 1338.162217] healthd: battery l=100 v=4276 t=23.4 h=2 st=5 c=0 fc=2878000 cc=0 chg=a
[ 1339.708461] healthd: battery l=100 v=4276 t=23.3 h=2 st=5 c=0 fc=2878000 cc=0 chg=a
[ 1342.002716] R0: [NetworkManager][25854681941] [19:34:46.023924]  wlan: [1753:E :HDD] hdd_is_rcpi_applicable: 4950: mac addr is different from bssid connected
[ 1345.898547] healthd: battery l=100 v=4276 t=23.3 h=2 st=5 c=0 fc=2878000 cc=0 chg=a
[ 1348.004201] R0: [NetworkManager][25969910563] [19:34:52.025415]  wlan: [1753:E :HDD] hdd_is_rcpi_applicable: 4950: mac addr is different from bssid connected
[ 1352.722098] healthd: battery l=100 v=4276 t=23.3 h=2 st=5 c=0 fc=2878000 cc=0 chg=a
[ 1354.005593] R0: [NetworkManager][26085137253] [19:34:58.026806]  wlan: [1753:E :HDD] hdd_is_rcpi_applicable: 4950: mac addr is different from bssid connected
[ 1358.694729] healthd: battery l=100 v=4276 t=23.3 h=2 st=5 c=0 fc=2878000 cc=0 chg=a
[ 1360.003448] R0: [NetworkManager][26200294023] [19:35:04.024555]  wlan: [1753:E :HDD] hdd_is_rcpi_applicable: 4950: mac addr is different from bssid connected
[ 1364.887808] healthd: battery l=100 v=4275 t=23.3 h=2 st=5 c=0 fc=2878000 cc=0 chg=a
[ 1366.001669] R0: [NetworkManager][26315461836] [19:35:10.022879]  wlan: [1753:E :HDD] hdd_is_rcpi_applicable: 4950: mac addr is different from bssid connected
[ 1367.309536] R0: [cds_mc_thread][26340573081] [19:35:11.330756]  wlan: [3382:I :WMI] send_set_arp_stats_req_cmd_tlv: 12397: set arp stats flag=1, vdev=0
[ 1367.323080] R0: [cds_mc_thread][26340833228] [19:35:11.344306]  wlan: [3382:I :WMI] send_set_arp_stats_req_cmd_tlv: 12397: set arp stats flag=0, vdev=0
[ 1371.709211] healthd: battery l=100 v=4275 t=23.3 h=2 st=5 c=0 fc=2878000 cc=0 chg=a
[ 1372.003830] R0: [NetworkManager][26430703430] [19:35:16.025046]  wlan: [1753:E :HDD] hdd_is_rcpi_applicable: 4950: mac addr is different from bssid connected
[ 1377.892852] healthd: battery l=100 v=4275 t=23.3 h=2 st=5 c=0 fc=2878000 cc=0 chg=a
[ 1378.003605] R0: [NetworkManager][26545899126] [19:35:22.024822]  wlan: [1753:E :HDD] hdd_is_rcpi_applicable: 4950: mac addr is different from bssid connected
[ 1384.001862] R0: [NetworkManager][26661065583] [19:35:28.023076]  wlan: [1753:E :HDD] hdd_is_rcpi_applicable: 4950: mac addr is different from bssid connected
[ 1384.723332] healthd: battery l=100 v=4276 t=23.3 h=2 st=5 c=0 fc=2878000 cc=0 chg=a
[ 1390.002286] R0: [NetworkManager][26776273656] [19:35:34.023497]  wlan: [1753:E :HDD] hdd_is_rcpi_applicable: 4950: mac addr is different from bssid connected
[ 1390.695310] healthd: battery l=100 v=4276 t=23.3 h=2 st=5 c=0 fc=2878000 cc=0 chg=a
[ 1396.005228] R0: [NetworkManager][26891530138] [19:35:40.026439]  wlan: [1753:E :HDD] hdd_is_rcpi_applicable: 4950: mac addr is different from bssid connected
[ 1396.886353] healthd: battery l=100 v=4276 t=23.3 h=2 st=5 c=0 fc=2878000 cc=0 chg=a
[ 1398.161833] healthd: battery l=100 v=4276 t=23.3 h=2 st=5 c=0 fc=2878000 cc=0 chg=a
[ 1402.004225] R0: [NetworkManager][27006710941] [19:35:46.025440]  wlan: [1753:E :HDD] hdd_is_rcpi_applicable: 4950: mac addr is different from bssid connected
[ 1403.711886] healthd: battery l=100 v=4276 t=23.3 h=2 st=5 c=0 fc=2878000 cc=0 chg=a
[ 1408.007384] R0: [NetworkManager][27121971609] [19:35:52.028600]  wlan: [1753:E :HDD] hdd_is_rcpi_applicable: 4950: mac addr is different from bssid connected
[ 1409.903663] healthd: battery l=100 v=4276 t=23.3 h=2 st=5 c=0 fc=2878000 cc=0 chg=a
[ 1413.175814] R0: [cds_mc_thread][27221205542] [19:35:57.197035]  wlan: [3382:I :WMI] send_set_arp_stats_req_cmd_tlv: 12397: set arp stats flag=1, vdev=0
[ 1413.189439] R0: [cds_mc_thread][27221467320] [19:35:57.210669]  wlan: [3382:I :WMI] send_set_arp_stats_req_cmd_tlv: 12397: set arp stats flag=0, vdev=0
[ 1414.002885] R0: [NetworkManager][27237085249] [19:35:58.024103]  wlan: [1753:E :HDD] hdd_is_rcpi_applicable: 4950: mac addr is different from bssid connected
[ 1416.725830] healthd: battery l=100 v=4276 t=23.3 h=2 st=5 c=0 fc=2878000 cc=0 chg=a
[ 1420.003676] R0: [NetworkManager][27352300420] [19:36:04.024894]  wlan: [1753:E :HDD] hdd_is_rcpi_applicable: 4950: mac addr is different from bssid connected
[ 1422.698440] healthd: battery l=100 v=4276 t=23.3 h=2 st=5 c=0 fc=2878000 cc=0 chg=a
[ 1426.007907] R0: [NetworkManager][27467581591] [19:36:10.029122]  wlan: [1753:E :HDD] hdd_is_rcpi_applicable: 4950: mac addr is different from bssid connected
[ 1426.493763] init: Received control message 'interface_start' for 'android.hardware.biometrics.fingerprint@2.1::IBiometricsFingerprint/default' from pid: 34 (/system/bin/hwservicemanager)
[ 1426.493942] init: Could not find service hosting interface android.hardware.biometrics.fingerprint@2.1::IBiometricsFingerprint/default
[ 1426.494447] init: Received control message 'interface_start' for 'android.hardware.biometrics.fingerprint@2.1::IBiometricsFingerprint/default' from pid: 34 (/system/bin/hwservicemanager)
[ 1426.494485] init: Could not find service hosting interface android.hardware.biometrics.fingerprint@2.1::IBiometricsFingerprint/default
[ 1428.879413] healthd: battery l=100 v=4276 t=23.3 h=2 st=5 c=0 fc=2878000 cc=0 chg=a
[ 1432.006325] R0: [NetworkManager][27582751242] [19:36:16.027542]  wlan: [1753:E :HDD] hdd_is_rcpi_applicable: 4950: mac addr is different from bssid connected
[ 1435.711032] healthd: battery l=100 v=4276 t=23.3 h=2 st=5 c=0 fc=2878000 cc=0 chg=a
[ 1438.003679] R0: [NetworkManager][27697900501] [19:36:22.024900]  wlan: [1753:E :HDD] hdd_is_rcpi_applicable: 4950: mac addr is different from bssid connected
[ 1441.894924] healthd: battery l=100 v=4275 t=23.3 h=2 st=5 c=0 fc=2878000 cc=0 chg=a
[ 1444.003392] R0: [NetworkManager][27813094957] [19:36:28.024612]  wlan: [1753:E :HDD] hdd_is_rcpi_applicable: 4950: mac addr is different from bssid connected
[ 1448.715956] healthd: battery l=100 v=4275 t=23.3 h=2 st=5 c=0 fc=2878000 cc=0 chg=a
[ 1450.002318] R0: [NetworkManager][27928274343] [19:36:34.023539]  wlan: [1753:E :HDD] hdd_is_rcpi_applicable: 4950: mac addr is different from bssid connected
[ 1454.703299] healthd: battery l=100 v=4275 t=23.3 h=2 st=5 c=0 fc=2878000 cc=0 chg=a
[ 1456.002017] R0: [NetworkManager][28043468573] [19:36:40.023239]  wlan: [1753:E :HDD] hdd_is_rcpi_applicable: 4950: mac addr is different from bssid connected
[ 1458.161379] healthd: battery l=100 v=4275 t=23.3 h=2 st=5 c=0 fc=2878000 cc=0 chg=a
[ 1458.829293] R0: [cds_mc_thread][28097751217] [19:36:42.850460]  wlan: [3382:I :WMI] send_set_arp_stats_req_cmd_tlv: 12397: set arp stats flag=1, vdev=0
[ 1458.844406] R0: [cds_mc_thread][28098040034] [19:36:42.865503]  wlan: [3382:I :WMI] send_set_arp_stats_req_cmd_tlv: 12397: set arp stats flag=0, vdev=0
[ 1460.879442] healthd: battery l=100 v=4275 t=23.3 h=2 st=5 c=0 fc=2878000 cc=0 chg=a
[ 1462.002521] R0: [NetworkManager][28158678258] [19:36:46.023744]  wlan: [1753:E :HDD] hdd_is_rcpi_applicable: 4950: mac addr is different from bssid connected
[ 1467.708137] healthd: battery l=100 v=4275 t=23.3 h=2 st=5 c=0 fc=2878000 cc=0 chg=a
[ 1468.002713] R0: [NetworkManager][28273881903] [19:36:52.023934]  wlan: [1753:E :HDD] hdd_is_rcpi_applicable: 4950: mac addr is different from bssid connected
[ 1473.897173] healthd: battery l=100 v=4275 t=23.3 h=2 st=5 c=0 fc=2878000 cc=0 chg=a
[ 1474.004773] R0: [NetworkManager][28389121590] [19:36:58.026002]  wlan: [1753:E :HDD] hdd_is_rcpi_applicable: 4950: mac addr is different from bssid connected
[ 1480.008112] R0: [NetworkManager][28504385489] [19:37:04.029330]  wlan: [1753:E :HDD] hdd_is_rcpi_applicable: 4950: mac addr is different from bssid connected
[ 1480.718649] healthd: battery l=100 v=4276 t=23.3 h=2 st=5 c=0 fc=2878000 cc=0 chg=a
[ 1486.004205] R0: [NetworkManager][28619510569] [19:37:10.025429]  wlan: [1753:E :HDD] hdd_is_rcpi_applicable: 4950: mac addr is different from bssid connected
[ 1486.694884] healthd: battery l=100 v=4276 t=23.3 h=2 st=5 c=0 fc=2878000 cc=0 chg=a
[ 1492.007626] R0: [NetworkManager][28734774325] [19:37:16.028750]  wlan: [1753:E :HDD] hdd_is_rcpi_applicable: 4950: mac addr is different from bssid connected
[ 1492.882825] healthd: battery l=100 v=4276 t=23.3 h=2 st=5 c=0 fc=2878000 cc=0 chg=a
[ 1498.006056] R0: [NetworkManager][28849946105] [19:37:22.027281]  wlan: [1753:E :HDD] hdd_is_rcpi_applicable: 4950: mac addr is different from bssid connected
[ 1499.711006] healthd: battery l=100 v=4276 t=23.3 h=2 st=5 c=0 fc=2878000 cc=0 chg=a
[ 1504.004825] R0: [NetworkManager][28965122472] [19:37:28.026051]  wlan: [1753:E :HDD] hdd_is_rcpi_applicable: 4950: mac addr is different from bssid connected
[ 1505.900554] healthd: battery l=100 v=4276 t=23.3 h=2 st=5 c=0 fc=2878000 cc=0 chg=a
[ 1506.615700] R0: [cds_mc_thread][29015251226] [19:37:30.636924]  wlan: [3382:I :WMI] send_set_arp_stats_req_cmd_tlv: 12397: set arp stats flag=1, vdev=0
[ 1506.629213] R0: [cds_mc_thread][29015510942] [19:37:30.650451]  wlan: [3382:I :WMI] send_set_arp_stats_req_cmd_tlv: 12397: set arp stats flag=0, vdev=0
[ 1510.007360] R0: [NetworkManager][29080371240] [19:37:34.028591]  wlan: [1753:E :HDD] hdd_is_rcpi_applicable: 4950: mac addr is different from bssid connected
[ 1512.612276] healthd: battery l=100 v=4276 t=23.3 h=2 st=5 c=0 fc=2878000 cc=0 chg=a
[ 1516.002166] R0: [NetworkManager][29195471398] [19:37:40.023392]  wlan: [1753:E :HDD] hdd_is_rcpi_applicable: 4950: mac addr is different from bssid connected
[ 1518.163830] healthd: battery l=100 v=4276 t=23.3 h=2 st=5 c=0 fc=2878000 cc=0 chg=a
[ 1518.690050] healthd: battery l=100 v=4276 t=23.3 h=2 st=5 c=0 fc=2878000 cc=0 chg=a
[ 1522.008474] R0: [NetworkManager][29310792538] [19:37:46.029702]  wlan: [1753:E :HDD] hdd_is_rcpi_applicable: 4950: mac addr is different from bssid connected
[ 1524.884384] healthd: battery l=100 v=4275 t=23.2 h=2 st=5 c=0 fc=2878000 cc=0 chg=a
[ 1526.996582] init: Received control message 'interface_start' for 'android.hardware.biometrics.fingerprint@2.1::IBiometricsFingerprint/default' from pid: 34 (/system/bin/hwservicemanager)
[ 1526.996692] init: Could not find service hosting interface android.hardware.biometrics.fingerprint@2.1::IBiometricsFingerprint/default
[ 1526.997655] init: Received control message 'interface_start' for 'android.hardware.biometrics.fingerprint@2.1::IBiometricsFingerprint/default' from pid: 34 (/system/bin/hwservicemanager)
[ 1526.997695] init: Could not find service hosting interface android.hardware.biometrics.fingerprint@2.1::IBiometricsFingerprint/default
[ 1528.005749] R0: [NetworkManager][29425940279] [19:37:52.026981]  wlan: [1753:E :HDD] hdd_is_rcpi_applicable: 4950: mac addr is different from bssid connected
[ 1531.717074] healthd: battery l=100 v=4275 t=23.2 h=2 st=5 c=0 fc=2878000 cc=0 chg=a
[ 1534.001847] R0: [NetworkManager][29541065237] [19:37:58.023073]  wlan: [1753:E :HDD] hdd_is_rcpi_applicable: 4950: mac addr is different from bssid connected
[ 1537.898367] healthd: battery l=100 v=4275 t=23.2 h=2 st=5 c=0 fc=2878000 cc=0 chg=a
[ 1540.002816] R0: [NetworkManager][29656283895] [19:38:04.024045]  wlan: [1753:E :HDD] hdd_is_rcpi_applicable: 4950: mac addr is different from bssid connected
[ 1544.732726] healthd: battery l=100 v=4275 t=23.2 h=2 st=5 c=0 fc=2878000 cc=0 chg=a
[ 1546.004965] R0: [NetworkManager][29771525143] [19:38:10.026194]  wlan: [1753:E :HDD] hdd_is_rcpi_applicable: 4950: mac addr is different from bssid connected
[ 1550.693724] healthd: battery l=100 v=4275 t=23.2 h=2 st=5 c=0 fc=2878000 cc=0 chg=a
[ 1552.003747] R0: [NetworkManager][29886701690] [19:38:16.024973]  wlan: [1753:E :HDD] hdd_is_rcpi_applicable: 4950: mac addr is different from bssid connected
[ 1552.695537] R0: [cds_mc_thread][29899984137] [19:38:16.716767]  wlan: [3382:I :WMI] send_set_arp_stats_req_cmd_tlv: 12397: set arp stats flag=1, vdev=0
[ 1552.709110] R0: [cds_mc_thread][29900244992] [19:38:16.730353]  wlan: [3382:I :WMI] send_set_arp_stats_req_cmd_tlv: 12397: set arp stats flag=0, vdev=0
[ 1556.887506] healthd: battery l=100 v=4275 t=23.2 h=2 st=5 c=0 fc=2878000 cc=0 chg=a
[ 1558.004615] R0: [NetworkManager][30001918409] [19:38:22.025844]  wlan: [1753:E :HDD] hdd_is_rcpi_applicable: 4950: mac addr is different from bssid connected
[ 1563.651831] healthd: battery l=100 v=4275 t=23.2 h=2 st=5 c=0 fc=2878000 cc=0 chg=a
[ 1564.004844] R0: [NetworkManager][30117122893] [19:38:28.026079]  wlan: [1753:E :HDD] hdd_is_rcpi_applicable: 4950: mac addr is different from bssid connected
[ 1569.901076] healthd: battery l=100 v=4275 t=23.2 h=2 st=5 c=0 fc=2878000 cc=0 chg=a
[ 1570.004430] R0: [NetworkManager][30232314975] [19:38:34.025667]  wlan: [1753:E :HDD] hdd_is_rcpi_applicable: 4950: mac addr is different from bssid connected
[ 1576.002157] R0: [NetworkManager][30347471361] [19:38:40.023396]  wlan: [1753:E :HDD] hdd_is_rcpi_applicable: 4950: mac addr is different from bssid connected
[ 1576.726143] healthd: battery l=100 v=4275 t=23.2 h=2 st=5 c=0 fc=2878000 cc=0 chg=a
[ 1578.162552] healthd: battery l=100 v=4275 t=23.2 h=2 st=5 c=0 fc=2878000 cc=0 chg=a
[ 1582.004612] R0: [NetworkManager][30462718375] [19:38:46.025845]  wlan: [1753:E :HDD] hdd_is_rcpi_applicable: 4950: mac addr is different from bssid connected
[ 1582.587617] healthd: battery l=100 v=4275 t=23.2 h=2 st=5 c=0 fc=2878000 cc=0 chg=a
[ 1588.005858] R0: [NetworkManager][30577942269] [19:38:52.027090]  wlan: [1753:E :HDD] hdd_is_rcpi_applicable: 4950: mac addr is different from bssid connected
[ 1588.881931] healthd: battery l=100 v=4275 t=23.2 h=2 st=5 c=0 fc=2878000 cc=0 chg=a
[ 1594.001474] R0: [NetworkManager][30693058242] [19:38:58.022714]  wlan: [1753:E :HDD] hdd_is_rcpi_applicable: 4950: mac addr is different from bssid connected
[ 1595.711086] healthd: battery l=100 v=4275 t=23.2 h=2 st=5 c=0 fc=2878000 cc=0 chg=a
[ 1598.775265] R0: [cds_mc_thread][30784714933] [19:39:02.796501]  wlan: [3382:I :WMI] send_set_arp_stats_req_cmd_tlv: 12397: set arp stats flag=1, vdev=0
[ 1598.788021] R0: [cds_mc_thread][30784960087] [19:39:02.809269]  wlan: [3382:I :WMI] send_set_arp_stats_req_cmd_tlv: 12397: set arp stats flag=0, vdev=0
[ 1600.002594] R0: [NetworkManager][30808279537] [19:39:04.023824]  wlan: [1753:E :HDD] hdd_is_rcpi_applicable: 4950: mac addr is different from bssid connected
[ 1601.893280] healthd: battery l=100 v=4275 t=23.2 h=2 st=5 c=0 fc=2878000 cc=0 chg=a
[ 1606.002431] R0: [NetworkManager][30923476463] [19:39:10.023665]  wlan: [1753:E :HDD] hdd_is_rcpi_applicable: 4950: mac addr is different from bssid connected
[ 1608.718367] healthd: battery l=100 v=4275 t=23.2 h=2 st=5 c=0 fc=2878000 cc=0 chg=a
[ 1612.000744] R0: [NetworkManager][31038644210] [19:39:16.021985]  wlan: [1753:E :HDD] hdd_is_rcpi_applicable: 4950: mac addr is different from bssid connected
[ 1614.701926] healthd: battery l=100 v=4275 t=23.2 h=2 st=5 c=0 fc=2878000 cc=0 chg=a
[ 1618.005011] R0: [NetworkManager][31153925987] [19:39:22.026245]  wlan: [1753:E :HDD] hdd_is_rcpi_applicable: 4950: mac addr is different from bssid connected
[ 1620.879304] healthd: battery l=100 v=4275 t=23.2 h=2 st=5 c=0 fc=2878000 cc=0 chg=a
[ 1622.931236] usb 1-1.2: USB disconnect, device number 5
[ 1622.931792] gud 1-1.2:1.0: GUD disconnected
[ 1623.626744] usb 1-1.2: new high-speed USB device number 6 using xhci-hcd
[ 1623.714680] usb 1-1.2: New USB device found, idVendor=1d50, idProduct=614d
[ 1623.714758] usb 1-1.2: New USB device strings: Mfr=1, Product=2, SerialNumber=3
[ 1623.714778] usb 1-1.2: Product: Generic USB Display
[ 1623.714794] usb 1-1.2: Manufacturer: The Internet
[ 1623.719027] gud 1-1.2:1.0: GUD v1 bulk-out=0x01 buffer=8294400 width=640-1920 height=400-1080
[ 1623.722933] gud 1-1.2:1.0: GUD probe complete for 1d50:614d
[ 1624.001973] R0: [NetworkManager][31269067649] [19:39:28.023207]  wlan: [1753:E :HDD] hdd_is_rcpi_applicable: 4950: mac addr is different from bssid connected
[ 1627.701015] healthd: battery l=100 v=4275 t=23.2 h=2 st=5 c=0 fc=2878000 cc=0 chg=a
[ 1627.741098] init: Received control message 'interface_start' for 'android.hardware.biometrics.fingerprint@2.1::IBiometricsFingerprint/default' from pid: 34 (/system/bin/hwservicemanager)
[ 1627.741197] init: Could not find service hosting interface android.hardware.biometrics.fingerprint@2.1::IBiometricsFingerprint/default
[ 1627.742020] init: Received control message 'interface_start' for 'android.hardware.biometrics.fingerprint@2.1::IBiometricsFingerprint/default' from pid: 34 (/system/bin/hwservicemanager)
[ 1627.742056] init: Could not find service hosting interface android.hardware.biometrics.fingerprint@2.1::IBiometricsFingerprint/default
[ 1630.007385] R0: [NetworkManager][31384370044] [19:39:34.028541]  wlan: [1753:E :HDD] hdd_is_rcpi_applicable: 4950: mac addr is different from bssid connected
[ 1633.894950] healthd: battery l=100 v=4275 t=23.2 h=2 st=5 c=0 fc=2878000 cc=0 chg=a
[ 1636.003382] R0: [NetworkManager][31499493553] [19:39:40.024558]  wlan: [1753:E :HDD] hdd_is_rcpi_applicable: 4950: mac addr is different from bssid connected
[ 1638.162330] healthd: battery l=100 v=4275 t=23.2 h=2 st=5 c=0 fc=2878000 cc=0 chg=a
[ 1640.722983] healthd: battery l=100 v=4275 t=23.2 h=2 st=5 c=0 fc=2878000 cc=0 chg=a
[ 1642.001641] R0: [NetworkManager][31614661269] [19:39:46.022877]  wlan: [1753:E :HDD] hdd_is_rcpi_applicable: 4950: mac addr is different from bssid connected
[ 1646.696812] healthd: battery l=100 v=4275 t=23.2 h=2 st=5 c=0 fc=2878000 cc=0 chg=a
[ 1648.001899] R0: [NetworkManager][31729866287] [19:39:52.023139]  wlan: [1753:E :HDD] hdd_is_rcpi_applicable: 4950: mac addr is different from bssid connected
[ 1652.881945] healthd: battery l=100 v=4275 t=23.2 h=2 st=5 c=0 fc=2878000 cc=0 chg=a
[ 1654.003749] R0: [NetworkManager][31845101899] [19:39:58.024994]  wlan: [1753:E :HDD] hdd_is_rcpi_applicable: 4950: mac addr is different from bssid connected
[ 1657.229280] R0: [cds_mc_thread][31907032018] [19:40:01.250521]  wlan: [3382:I :WMI] send_set_arp_stats_req_cmd_tlv: 12397: set arp stats flag=1, vdev=0
[ 1657.242434] R0: [cds_mc_thread][31907284813] [19:40:01.263688]  wlan: [3382:I :WMI] send_set_arp_stats_req_cmd_tlv: 12397: set arp stats flag=0, vdev=0
[ 1659.717941] healthd: battery l=100 v=4275 t=23.2 h=2 st=5 c=0 fc=2878000 cc=0 chg=a
[ 1660.005084] R0: [NetworkManager][31960327433] [19:40:04.026325]  wlan: [1753:E :HDD] hdd_is_rcpi_applicable: 4950: mac addr is different from bssid connected
[ 1665.899153] healthd: battery l=100 v=4275 t=23.2 h=2 st=5 c=0 fc=2878000 cc=0 chg=a
[ 1666.007527] R0: [NetworkManager][32075574464] [19:40:10.028775]  wlan: [1753:E :HDD] hdd_is_rcpi_applicable: 4950: mac addr is different from bssid connected
[ 1669.521836] gud 1-1.2:1.0: GUD connector: detect enter
[ 1669.521890] gud 1-1.2:1.0: GUD connector: detect status=1
[ 1669.521911] gud 1-1.2:1.0: GUD connector: get_modes enter
[ 1669.521937] gud 1-1.2:1.0: GUD connector: mode created
[ 1669.521955] gud 1-1.2:1.0: GUD connector: mode probed
[ 1669.521968] gud 1-1.2:1.0: GUD connector: get_modes complete
[ 1672.004806] R0: [NetworkManager][32190722103] [19:40:16.026048]  wlan: [1753:E :HDD] hdd_is_rcpi_applicable: 4950: mac addr is different from bssid connected
[ 1672.724353] healthd: battery l=100 v=4275 t=23.2 h=2 st=5 c=0 fc=2878000 cc=0 chg=a
[ 1674.720647] gud 1-1.2:1.0: GUD request 0x60 failed: -110
[ 1674.720949] gud 1-1.2:1.0: GUD atomic update failed: -110
[ 1678.007338] R0: [NetworkManager][32305970653] [19:40:22.028577]  wlan: [1753:E :HDD] hdd_is_rcpi_applicable: 4950: mac addr is different from bssid connected
[ 1678.701162] healthd: battery l=100 v=4275 t=23.2 h=2 st=5 c=0 fc=2878000 cc=0 chg=a
[ 1684.006262] R0: [NetworkManager][32421150024] [19:40:28.027504]  wlan: [1753:E :HDD] hdd_is_rcpi_applicable: 4950: mac addr is different from bssid connected
[ 1684.882058] healthd: battery l=100 v=4275 t=23.2 h=2 st=5 c=0 fc=2878000 cc=0 chg=a
[ 1690.004383] R0: [NetworkManager][32536313904] [19:40:34.025623]  wlan: [1753:E :HDD] hdd_is_rcpi_applicable: 4950: mac addr is different from bssid connected
[ 1691.716955] healthd: battery l=100 v=4275 t=23.2 h=2 st=5 c=0 fc=2878000 cc=0 chg=a
[ 1696.002282] R0: [NetworkManager][32651473665] [19:40:40.023528]  wlan: [1753:E :HDD] hdd_is_rcpi_applicable: 4950: mac addr is different from bssid connected
[ 1697.897401] healthd: battery l=100 v=4275 t=23.2 h=2 st=5 c=0 fc=2878000 cc=0 chg=a
[ 1698.162083] healthd: battery l=100 v=4275 t=23.2 h=2 st=5 c=0 fc=2878000 cc=0 chg=a
[ 1702.006740] R0: [NetworkManager][32766759157] [19:40:46.027981]  wlan: [1753:E :HDD] hdd_is_rcpi_applicable: 4950: mac addr is different from bssid connected
[ 1703.095594] R0: [cds_mc_thread][32787665298] [19:40:47.116843]  wlan: [3382:I :WMI] send_set_arp_stats_req_cmd_tlv: 12397: set arp stats flag=1, vdev=0
[ 1703.109257] R0: [cds_mc_thread][32787927814] [19:40:47.130515]  wlan: [3382:I :WMI] send_set_arp_stats_req_cmd_tlv: 12397: set arp stats flag=0, vdev=0
[ 1704.717705] healthd: battery l=100 v=4275 t=23.2 h=2 st=5 c=0 fc=2878000 cc=0 chg=a
[ 1708.002071] R0: [NetworkManager][32881869546] [19:40:52.023314]  wlan: [1753:E :HDD] hdd_is_rcpi_applicable: 4950: mac addr is different from bssid connected
[ 1709.920648] gud 1-1.2:1.0: GUD request 0x64 failed: -110
[ 1710.697027] healthd: battery l=100 v=4275 t=23.2 h=2 st=5 c=0 fc=2878000 cc=0 chg=a
[ 1714.004265] R0: [NetworkManager][32997110134] [19:40:58.025429]  wlan: [1753:E :HDD] hdd_is_rcpi_applicable: 4950: mac addr is different from bssid connected
[ 1715.044960] R0: [cds_mc_thread][33017093163] [19:40:59.066212]  wlan: [3382:I :WMI] send_set_arp_stats_req_cmd_tlv: 12397: set arp stats flag=1, vdev=0
[ 1715.058317] R0: [cds_mc_thread][33017349742] [19:40:59.079575]  wlan: [3382:I :WMI] send_set_arp_stats_req_cmd_tlv: 12397: set arp stats flag=0, vdev=0
[ 1716.878884] healthd: battery l=100 v=4275 t=23.2 h=2 st=5 c=0 fc=2878000 cc=0 chg=a
[ 1720.004754] R0: [NetworkManager][33112321112] [19:41:04.026001]  wlan: [1753:E :HDD] hdd_is_rcpi_applicable: 4950: mac addr is different from bssid connected
[ 1723.718226] healthd: battery l=100 v=4275 t=23.2 h=2 st=5 c=0 fc=2878000 cc=0 chg=a
[ 1726.004076] R0: [NetworkManager][33227508203] [19:41:10.025330]  wlan: [1753:E :HDD] hdd_is_rcpi_applicable: 4950: mac addr is different from bssid connected
[ 1728.491173] init: Received control message 'interface_start' for 'android.hardware.biometrics.fingerprint@2.1::IBiometricsFingerprint/default' from pid: 34 (/system/bin/hwservicemanager)
[ 1728.491268] init: Could not find service hosting interface android.hardware.biometrics.fingerprint@2.1::IBiometricsFingerprint/default
[ 1728.491946] init: Received control message 'interface_start' for 'android.hardware.biometrics.fingerprint@2.1::IBiometricsFingerprint/default' from pid: 34 (/system/bin/hwservicemanager)
[ 1728.491980] init: Could not find service hosting interface android.hardware.biometrics.fingerprint@2.1::IBiometricsFingerprint/default
[ 1729.845298] healthd: battery l=100 v=4275 t=23.2 h=2 st=5 c=0 fc=2878000 cc=0 chg=a
[ 1732.006024] R0: [NetworkManager][33342745601] [19:41:16.027278]  wlan: [1753:E :HDD] hdd_is_rcpi_applicable: 4950: mac addr is different from bssid connected
[ 1736.721406] healthd: battery l=100 v=4275 t=23.2 h=2 st=5 c=0 fc=2878000 cc=0 chg=a
[ 1738.005904] R0: [NetworkManager][33457943125] [19:41:22.027150]  wlan: [1753:E :HDD] hdd_is_rcpi_applicable: 4950: mac addr is different from bssid connected
[ 1742.701129] healthd: battery l=100 v=4275 t=23.2 h=2 st=5 c=0 fc=2878000 cc=0 chg=a
[ 1744.003356] R0: [NetworkManager][33573094243] [19:41:28.024604]  wlan: [1753:E :HDD] hdd_is_rcpi_applicable: 4950: mac addr is different from bssid connected
[ 1748.748916] R0: [cds_mc_thread][33664209085] [19:41:32.770170]  wlan: [3382:I :WMI] send_set_arp_stats_req_cmd_tlv: 12397: set arp stats flag=1, vdev=0
[ 1748.763397] R0: [cds_mc_thread][33664487288] [19:41:32.784659]  wlan: [3382:I :WMI] send_set_arp_stats_req_cmd_tlv: 12397: set arp stats flag=0, vdev=0
[ 1748.827701] healthd: battery l=100 v=4275 t=23.2 h=2 st=5 c=0 fc=2878000 cc=0 chg=a
[ 1750.003236] R0: [NetworkManager][33688291918] [19:41:34.024484]  wlan: [1753:E :HDD] hdd_is_rcpi_applicable: 4950: mac addr is different from bssid connected
[ 1754.854514] healthd: battery l=100 v=4275 t=23.2 h=2 st=5 c=0 fc=2878000 cc=0 chg=a
[ 1756.003947] R0: [NetworkManager][33803505549] [19:41:40.025194]  wlan: [1753:E :HDD] hdd_is_rcpi_applicable: 4950: mac addr is different from bssid connected
[ 1758.161083] healthd: battery l=100 v=4275 t=23.2 h=2 st=5 c=0 fc=2878000 cc=0 chg=a
[ 1761.893276] healthd: battery l=100 v=4275 t=23.2 h=2 st=5 c=0 fc=2878000 cc=0 chg=a
[ 1762.007461] R0: [NetworkManager][33918773045] [19:41:46.028710]  wlan: [1753:E :HDD] hdd_is_rcpi_applicable: 4950: mac addr is different from bssid connected
[ 1768.002644] R0: [NetworkManager][34033880582] [19:41:52.023895]  wlan: [1753:E :HDD] hdd_is_rcpi_applicable: 4950: mac addr is different from bssid connected
[ 1768.722199] healthd: battery l=100 v=4275 t=23.2 h=2 st=5 c=0 fc=2878000 cc=0 chg=a
[ 1774.007675] R0: [NetworkManager][34149177143] [19:41:58.028925]  wlan: [1753:E :HDD] hdd_is_rcpi_applicable: 4950: mac addr is different from bssid connected
[ 1774.698958] healthd: battery l=100 v=4275 t=23.2 h=2 st=5 c=0 fc=2878000 cc=0 chg=a
[ 1780.003347] R0: [NetworkManager][34264294064] [19:42:04.024599]  wlan: [1753:E :HDD] hdd_is_rcpi_applicable: 4950: mac addr is different from bssid connected
[ 1780.902117] healthd: battery l=100 v=4275 t=23.2 h=2 st=5 c=0 fc=2878000 cc=0 chg=a
[ 1785.788719] perf: interrupt took too long (7972 > 6401), lowering kernel.perf_event_max_sample_rate to 24900
[ 1786.005443] R0: [NetworkManager][34379534285] [19:42:10.026694]  wlan: [1753:E :HDD] hdd_is_rcpi_applicable: 4950: mac addr is different from bssid connected
[ 1787.710457] healthd: battery l=100 v=4275 t=23.2 h=2 st=5 c=0 fc=2878000 cc=0 chg=a
[ 1792.006236] R0: [NetworkManager][34494749517] [19:42:16.027488]  wlan: [1753:E :HDD] hdd_is_rcpi_applicable: 4950: mac addr is different from bssid connected
[ 1793.897484] healthd: battery l=100 v=4275 t=23.2 h=2 st=5 c=0 fc=2878000 cc=0 chg=a
[ 1794.616187] R0: [cds_mc_thread][34544860714] [19:42:18.637446]  wlan: [3382:I :WMI] send_set_arp_stats_req_cmd_tlv: 12397: set arp stats flag=1, vdev=0
[ 1794.631334] R0: [cds_mc_thread][34545150659] [19:42:18.652548]  wlan: [3382:I :WMI] send_set_arp_stats_req_cmd_tlv: 12397: set arp stats flag=0, vdev=0
[ 1798.005299] R0: [NetworkManager][34609931544] [19:42:22.026552]  wlan: [1753:E :HDD] hdd_is_rcpi_applicable: 4950: mac addr is different from bssid connected
[ 1800.729063] healthd: battery l=100 v=4275 t=23.2 h=2 st=5 c=0 fc=2878000 cc=0 chg=a
[ 1804.005397] R0: [NetworkManager][34725133441] [19:42:28.026652]  wlan: [1753:E :HDD] hdd_is_rcpi_applicable: 4950: mac addr is different from bssid connected
[ 1806.700708] healthd: battery l=100 v=4275 t=23.2 h=2 st=5 c=0 fc=2878000 cc=0 chg=a
[ 1810.007679] R0: [NetworkManager][34840377222] [19:42:34.028933]  wlan: [1753:E :HDD] hdd_is_rcpi_applicable: 4950: mac addr is different from bssid connected
[ 1812.882541] healthd: battery l=100 v=4275 t=23.2 h=2 st=5 c=0 fc=2878000 cc=0 chg=a
[ 1816.004347] R0: [NetworkManager][34955513259] [19:42:40.025602]  wlan: [1753:E :HDD] hdd_is_rcpi_applicable: 4950: mac addr is different from bssid connected
[ 1818.162263] healthd: battery l=100 v=4275 t=23.2 h=2 st=5 c=0 fc=2878000 cc=0 chg=a
[ 1819.710352] healthd: battery l=100 v=4275 t=23.2 h=2 st=5 c=0 fc=2878000 cc=0 chg=a
[ 1822.002435] R0: [NetworkManager][35070676484] [19:42:46.023687]  wlan: [1753:E :HDD] hdd_is_rcpi_applicable: 4950: mac addr is different from bssid connected
[ 1825.899960] healthd: battery l=100 v=4275 t=23.2 h=2 st=5 c=0 fc=2878000 cc=0 chg=a
[ 1828.006823] R0: [NetworkManager][35185951540] [19:42:52.027597]  wlan: [1753:E :HDD] hdd_is_rcpi_applicable: 4950: mac addr is different from bssid connected
[ 1829.229923] init: Received control message 'interface_start' for 'android.hardware.biometrics.fingerprint@2.1::IBiometricsFingerprint/default' from pid: 34 (/system/bin/hwservicemanager)
[ 1829.230105] init: Could not find service hosting interface android.hardware.biometrics.fingerprint@2.1::IBiometricsFingerprint/default
[ 1829.230387] init: Received control message 'interface_start' for 'android.hardware.biometrics.fingerprint@2.1::IBiometricsFingerprint/default' from pid: 34 (/system/bin/hwservicemanager)
[ 1829.230422] init: Could not find service hosting interface android.hardware.biometrics.fingerprint@2.1::IBiometricsFingerprint/default
[ 1832.717738] healthd: battery l=100 v=4275 t=23.2 h=2 st=5 c=0 fc=2878000 cc=0 chg=a
[ 1834.005425] R0: [NetworkManager][35301133980] [19:42:58.026683]  wlan: [1753:E :HDD] hdd_is_rcpi_applicable: 4950: mac addr is different from bssid connected
[ 1838.693593] healthd: battery l=100 v=4275 t=23.2 h=2 st=5 c=0 fc=2878000 cc=0 chg=a
[ 1840.003585] R0: [NetworkManager][35416298604] [19:43:04.024841]  wlan: [1753:E :HDD] hdd_is_rcpi_applicable: 4950: mac addr is different from bssid connected
[ 1844.878851] healthd: battery l=100 v=4275 t=23.2 h=2 st=5 c=0 fc=2878000 cc=0 chg=a
[ 1846.002526] R0: [NetworkManager][35531478329] [19:43:10.023786]  wlan: [1753:E :HDD] hdd_is_rcpi_applicable: 4950: mac addr is different from bssid connected
[ 1851.712751] healthd: battery l=100 v=4275 t=23.2 h=2 st=5 c=0 fc=2878000 cc=0 chg=a
[ 1852.004410] R0: [NetworkManager][35646714538] [19:43:16.025672]  wlan: [1753:E :HDD] hdd_is_rcpi_applicable: 4950: mac addr is different from bssid connected
[ 1857.899201] healthd: battery l=100 v=4275 t=23.2 h=2 st=5 c=0 fc=2878000 cc=0 chg=a
[ 1858.004105] R0: [NetworkManager][35761907203] [19:43:22.025291]  wlan: [1753:E :HDD] hdd_is_rcpi_applicable: 4950: mac addr is different from bssid connected
[ 1864.007821] R0: [NetworkManager][35877179928] [19:43:28.029079]  wlan: [1753:E :HDD] hdd_is_rcpi_applicable: 4950: mac addr is different from bssid connected
[ 1864.719530] healthd: battery l=100 v=4275 t=23.2 h=2 st=5 c=0 fc=2878000 cc=0 chg=a
[ 1870.004798] R0: [NetworkManager][35992321839] [19:43:34.026054]  wlan: [1753:E :HDD] hdd_is_rcpi_applicable: 4950: mac addr is different from bssid connected
[ 1870.693188] healthd: battery l=100 v=4275 t=23.2 h=2 st=5 c=0 fc=2878000 cc=0 chg=a
[ 1876.005799] R0: [NetworkManager][36107541108] [19:43:40.027058]  wlan: [1753:E :HDD] hdd_is_rcpi_applicable: 4950: mac addr is different from bssid connected
[ 1876.883411] healthd: battery l=100 v=4275 t=23.2 h=2 st=5 c=0 fc=2878000 cc=0 chg=a
[ 1878.161999] healthd: battery l=100 v=4275 t=23.2 h=2 st=5 c=0 fc=2878000 cc=0 chg=a
[ 1880.089350] healthd: battery l=100 v=4275 t=23.2 h=2 st=5 c=0 fc=2878000 cc=0 chg=a
[ 1882.003250] R0: [NetworkManager][36222692238] [19:43:46.024514]  wlan: [1753:E :HDD] hdd_is_rcpi_applicable: 4950: mac addr is different from bssid connected
[ 1883.719967] healthd: battery l=100 v=4275 t=23.2 h=2 st=5 c=0 fc=2878000 cc=0 chg=a
[ 1888.005040] R0: [NetworkManager][36337923193] [19:43:52.026127]  wlan: [1753:E :HDD] hdd_is_rcpi_applicable: 4950: mac addr is different from bssid connected
[ 1889.896769] healthd: battery l=100 v=4275 t=23.2 h=2 st=5 c=0 fc=2878000 cc=0 chg=a
[ 1894.003442] R0: [NetworkManager][36453095874] [19:43:58.024704]  wlan: [1753:E :HDD] hdd_is_rcpi_applicable: 4950: mac addr is different from bssid connected
[ 1896.720251] healthd: battery l=100 v=4275 t=23.2 h=2 st=5 c=0 fc=2878000 cc=0 chg=a
[ 1900.008529] R0: [NetworkManager][36568393488] [19:44:04.029789]  wlan: [1753:E :HDD] hdd_is_rcpi_applicable: 4950: mac addr is different from bssid connected
[ 1902.703346] healthd: battery l=100 v=4275 t=23.1 h=2 st=5 c=0 fc=2878000 cc=0 chg=a
[ 1905.974907] R0: [cds_mc_thread][36682948043] [19:44:09.996173]  wlan: [3382:I :WMI] send_set_arp_stats_req_cmd_tlv: 12397: set arp stats flag=1, vdev=0
[ 1905.988524] R0: [cds_mc_thread][36683209713] [19:44:10.009801]  wlan: [3382:I :WMI] send_set_arp_stats_req_cmd_tlv: 12397: set arp stats flag=0, vdev=0
[ 1906.000966] R0: [NetworkManager][36683448576] [19:44:10.022242]  wlan: [1753:E :HDD] hdd_is_rcpi_applicable: 4950: mac addr is different from bssid connected
[ 1908.888817] healthd: battery l=100 v=4275 t=23.1 h=2 st=5 c=0 fc=2878000 cc=0 chg=a
[ 1912.008169] R0: [NetworkManager][36798786664] [19:44:16.029435]  wlan: [1753:E :HDD] hdd_is_rcpi_applicable: 4950: mac addr is different from bssid connected
[ 1915.703647] healthd: battery l=100 v=4275 t=23.1 h=2 st=5 c=0 fc=2878000 cc=0 chg=a
[ 1918.003890] R0: [NetworkManager][36913904620] [19:44:22.025162]  wlan: [1753:E :HDD] hdd_is_rcpi_applicable: 4950: mac addr is different from bssid connected
[ 1921.898451] healthd: battery l=100 v=4275 t=23.1 h=2 st=5 c=0 fc=2878000 cc=0 chg=a
[ 1924.003671] R0: [NetworkManager][37029100224] [19:44:28.024934]  wlan: [1753:E :HDD] hdd_is_rcpi_applicable: 4950: mac addr is different from bssid connected
[ 1928.723665] healthd: battery l=100 v=4275 t=23.1 h=2 st=5 c=0 fc=2878000 cc=0 chg=a
[ 1929.865150] init: Received control message 'interface_start' for 'android.hardware.biometrics.fingerprint@2.1::IBiometricsFingerprint/default' from pid: 34 (/system/bin/hwservicemanager)
[ 1929.865258] init: Could not find service hosting interface android.hardware.biometrics.fingerprint@2.1::IBiometricsFingerprint/default
[ 1929.866260] init: Received control message 'interface_start' for 'android.hardware.biometrics.fingerprint@2.1::IBiometricsFingerprint/default' from pid: 34 (/system/bin/hwservicemanager)
[ 1929.866439] init: Could not find service hosting interface android.hardware.biometrics.fingerprint@2.1::IBiometricsFingerprint/default
[ 1930.001379] R0: [NetworkManager][37144256460] [19:44:34.022655]  wlan: [1753:E :HDD] hdd_is_rcpi_applicable: 4950: mac addr is different from bssid connected
[ 1934.705311] healthd: battery l=100 v=4275 t=23.1 h=2 st=5 c=0 fc=2878000 cc=0 chg=a
[ 1936.004360] R0: [NetworkManager][37259513485] [19:44:40.025626]  wlan: [1753:E :HDD] hdd_is_rcpi_applicable: 4950: mac addr is different from bssid connected
[ 1938.160653] healthd: battery l=100 v=4275 t=23.1 h=2 st=5 c=0 fc=2878000 cc=0 chg=a
[ 1940.878374] healthd: battery l=100 v=4275 t=23.1 h=2 st=5 c=0 fc=2878000 cc=0 chg=a
[ 1942.007262] R0: [NetworkManager][37374769208] [19:44:46.028529]  wlan: [1753:E :HDD] hdd_is_rcpi_applicable: 4950: mac addr is different from bssid connected
[ 1947.705774] healthd: battery l=100 v=4275 t=23.1 h=2 st=5 c=0 fc=2878000 cc=0 chg=a
[ 1948.006797] R0: [NetworkManager][37489960308] [19:44:52.028066]  wlan: [1753:E :HDD] hdd_is_rcpi_applicable: 4950: mac addr is different from bssid connected
[ 1952.056032] R0: [cds_mc_thread][37567705709] [19:44:56.077306]  wlan: [3382:I :WMI] send_set_arp_stats_req_cmd_tlv: 12397: set arp stats flag=1, vdev=0
[ 1952.069985] R0: [cds_mc_thread][37567971505] [19:44:56.091149]  wlan: [3382:I :WMI] send_set_arp_stats_req_cmd_tlv: 12397: set arp stats flag=0, vdev=0
[ 1953.899127] healthd: battery l=100 v=4275 t=23.1 h=2 st=5 c=0 fc=2878000 cc=0 chg=a
[ 1954.002154] R0: [NetworkManager][37605071324] [19:44:58.023432]  wlan: [1753:E :HDD] hdd_is_rcpi_applicable: 4950: mac addr is different from bssid connected
[ 1960.006287] R0: [NetworkManager][37720350393] [19:45:04.027550]  wlan: [1753:E :HDD] hdd_is_rcpi_applicable: 4950: mac addr is different from bssid connected
[ 1960.722005] healthd: battery l=100 v=4275 t=23.1 h=2 st=5 c=0 fc=2878000 cc=0 chg=a
[ 1966.003856] R0: [NetworkManager][37835503766] [19:45:10.025122]  wlan: [1753:E :HDD] hdd_is_rcpi_applicable: 4950: mac addr is different from bssid connected
[ 1966.694852] healthd: battery l=100 v=4275 t=23.1 h=2 st=5 c=0 fc=2878000 cc=0 chg=a
[ 1972.006907] R0: [NetworkManager][37950762354] [19:45:16.028175]  wlan: [1753:E :HDD] hdd_is_rcpi_applicable: 4950: mac addr is different from bssid connected
[ 1972.901234] healthd: battery l=100 v=4275 t=23.1 h=2 st=5 c=0 fc=2878000 cc=0 chg=a
[ 1978.003402] R0: [NetworkManager][38065895083] [19:45:22.024671]  wlan: [1753:E :HDD] hdd_is_rcpi_applicable: 4950: mac addr is different from bssid connected
[ 1979.714823] healthd: battery l=100 v=4275 t=23.1 h=2 st=5 c=0 fc=2878000 cc=0 chg=a
[ 1984.004662] R0: [NetworkManager][38181119261] [19:45:28.025931]  wlan: [1753:E :HDD] hdd_is_rcpi_applicable: 4950: mac addr is different from bssid connected
[ 1985.898728] healthd: battery l=100 v=4275 t=23.1 h=2 st=5 c=0 fc=2878000 cc=0 chg=a
[ 1990.004470] R0: [NetworkManager][38296315605] [19:45:34.025741]  wlan: [1753:E :HDD] hdd_is_rcpi_applicable: 4950: mac addr is different from bssid connected
[ 1992.721652] healthd: battery l=100 v=4275 t=23.1 h=2 st=5 c=0 fc=2878000 cc=0 chg=a
[ 1996.007392] R0: [NetworkManager][38411571721] [19:45:40.028665]  wlan: [1753:E :HDD] hdd_is_rcpi_applicable: 4950: mac addr is different from bssid connected
[ 1997.922359] R0: [cds_mc_thread][38448336842] [19:45:41.943515]  wlan: [3382:I :WMI] send_set_arp_stats_req_cmd_tlv: 12397: set arp stats flag=1, vdev=0
[ 1997.937760] R0: [cds_mc_thread][38448635040] [19:45:41.959046]  wlan: [3382:I :WMI] send_set_arp_stats_req_cmd_tlv: 12397: set arp stats flag=0, vdev=0
[ 1998.162672] healthd: battery l=100 v=4275 t=23.1 h=2 st=5 c=0 fc=2878000 cc=0 chg=a
[ 1998.698187] healthd: battery l=100 v=4275 t=23.1 h=2 st=5 c=0 fc=2878000 cc=0 chg=a
[ 2002.003707] R0: [NetworkManager][38526700960] [19:45:46.024980]  wlan: [1753:E :HDD] hdd_is_rcpi_applicable: 4950: mac addr is different from bssid connected
[ 2004.882647] healthd: battery l=100 v=4275 t=23.1 h=2 st=5 c=0 fc=2878000 cc=0 chg=a
[ 2008.005147] R0: [NetworkManager][38641928589] [19:45:52.026420]  wlan: [1753:E :HDD] hdd_is_rcpi_applicable: 4950: mac addr is different from bssid connected
[ 2011.706133] healthd: battery l=100 v=4275 t=23.1 h=2 st=5 c=0 fc=2878000 cc=0 chg=a
[ 2014.001963] R0: [NetworkManager][38757067448] [19:45:58.023236]  wlan: [1753:E :HDD] hdd_is_rcpi_applicable: 4950: mac addr is different from bssid connected
[ 2017.900475] healthd: battery l=100 v=4275 t=23.1 h=2 st=5 c=0 fc=2878000 cc=0 chg=a
[ 2020.004329] R0: [NetworkManager][38872312904] [19:46:04.025604]  wlan: [1753:E :HDD] hdd_is_rcpi_applicable: 4950: mac addr is different from bssid connected
[ 2024.731598] healthd: battery l=100 v=4275 t=23.1 h=2 st=5 c=0 fc=2878000 cc=0 chg=a
[ 2026.001817] R0: [NetworkManager][38987464670] [19:46:10.023092]  wlan: [1753:E :HDD] hdd_is_rcpi_applicable: 4950: mac addr is different from bssid connected
[ 2028.485523] SMBLIB: op_get_aicl_work: AICL result=1050mA
[ 2028.486488] SMBLIB: smblib_handle_usbin_uv: PMI: smblib_handle_usbin_uv: DEBUG: RESET STORM COUNT FOR POWER_OK
[ 2028.486543] SMBLIB: op_get_aicl_work: AICL result=0mA
[ 2028.487418] usb 1-1: USB disconnect, device number 2
[ 2028.487447] usb 1-1.1: USB disconnect, device number 3
[ 2028.487977] SMBLIB: smblib_set_icl_current: icl_ua=25000
[ 2028.487997] SMBLIB: smblib_set_usb_suspend: suspend=1
[ 2028.488061] SMBLIB: smblib_set_icl_current: icl_ua=500000
[ 2028.488124] SMBLIB: smblib_set_usb_suspend: suspend=0
[ 2028.488559] SMBLIB: smblib_get_apsd_result: APSD_DTC_STATUS_DONE_BIT is 0
[ 2028.488668] SMBLIB: smblib_usb_plugin_locked: release chg_wake_lock
[ 2028.488692] SMBLIB: set_usb_switch: switch off fastchg
[ 2028.488701] FASTCHG: usb_sw_gpio_set: set usb_sw_gpio=0
[ 2028.488745] FASTCHG: usb_sw_gpio_set: get usb_sw_gpio=0&0
[ 2028.488779] usbpd usbpd0: USB Type-C disconnect
[ 2028.488800] SMBLIB: set_dash_charger_present: dash_present = 0, charger_present = 0
[ 2028.488875] SMBLIB: op_battery_temp_region_set: set temp_region=8
[ 2028.489123] usb 1-1.2: USB disconnect, device number 6
[ 2028.489257] gud 1-1.2:1.0: GUD disconnected
[ 2028.540029] SMBLIB: smblib_usb_plugin_locked: IRQ: detached
[ 2028.594065] SMBLIB: smblib_get_apsd_result: APSD_DTC_STATUS_DONE_BIT is 0
[ 2028.619310] healthd: battery l=100 v=4275 t=23.1 h=2 st=3 c=0 fc=2878000 cc=0 chg=
[ 2028.700447] SMBLIB: smblib_get_apsd_result: APSD_DTC_STATUS_DONE_BIT is 0
[ 2028.721934] healthd: battery l=100 v=4275 t=23.1 h=2 st=3 c=0 fc=2878000 cc=0 chg=
[ 2028.797190] healthd: battery l=100 v=4275 t=23.1 h=2 st=3 c=0 fc=2878000 cc=0 chg=
[ 2029.977589] SMBLIB: smblib_get_apsd_result: APSD_DTC_STATUS_DONE_BIT is 0
[ 2029.996004] SMBLIB: smblib_get_apsd_result: APSD_DTC_STATUS_DONE_BIT is 0
[ 2029.996040] SMBLIB: smblib_handle_usbin_uv: PMI: smblib_handle_usbin_uv: DEBUG: RESET STORM COUNT FOR POWER_OK
[ 2029.996135] SMBLIB: smblib_usb_plugin_locked: acquire chg_wake_lock
[ 2029.996193] SMBLIB: smblib_awake_vote_callback: set awake=1
[ 2029.996233] SMBLIB: smblib_usb_plugin_locked: IRQ: attached
[ 2030.133651] SMBLIB: smblib_get_apsd_result: APSD_DTC_STATUS_DONE_BIT is 0
[ 2030.163562] healthd: battery l=100 v=4221 t=23.1 h=2 st=4 c=-126 fc=2878000 cc=0 chg=
[ 2030.240348] SMBLIB: smblib_get_apsd_result: APSD_DTC_STATUS_DONE_BIT is 0
[ 2030.257549] healthd: battery l=100 v=4221 t=23.1 h=2 st=4 c=-126 fc=2878000 cc=0 chg=
[ 2030.325612] msm-dwc3 a600000.ssusb: DWC3 in low power mode
[ 2030.449984] SMBLIB: smblib_get_apsd_result: APSD_DTC_STATUS_DONE_BIT is 0
[ 2030.461372] SMBLIB: handle_batt_temp_normal: triggered
[ 2030.461402] SMBLIB: set_chg_ibat_vbat_max: set ibatmax=1950 and set vbatmax=4400
[ 2030.461535] SMBLIB: op_battery_temp_region_set: set temp_region=5
[ 2030.499897] init: Received control message 'interface_start' for 'android.hardware.biometrics.fingerprint@2.1::IBiometricsFingerprint/default' from pid: 34 (/system/bin/hwservicemanager)
[ 2030.500051] init: Could not find service hosting interface android.hardware.biometrics.fingerprint@2.1::IBiometricsFingerprint/default
[ 2030.500907] init: Received control message 'interface_start' for 'android.hardware.biometrics.fingerprint@2.1::IBiometricsFingerprint/default' from pid: 34 (/system/bin/hwservicemanager)
[ 2030.500951] init: Could not find service hosting interface android.hardware.biometrics.fingerprint@2.1::IBiometricsFingerprint/default
[ 2030.704472] healthd: battery l=100 v=4221 t=23.1 h=2 st=4 c=-126 fc=2878000 cc=0 chg=
[ 2031.120164] SMBLIB: smblib_get_apsd_result: APSD_DTC_STATUS_DONE_BIT is 0
[ 2031.346094] SMBLIB: smblib_handle_usb_source_change: APSD_STATUS=0x21
[ 2031.346619] SMBLIB: smblib_set_icl_current: icl_ua=475000
[ 2031.346751] SMBLIB: smblib_set_usb_suspend: suspend=0
[ 2031.346799] SMBLIB: smblib_set_icl_current: icl_ua=1500000
[ 2031.346862] SMBLIB: smblib_set_usb_suspend: suspend=0
[ 2031.346926] SMBLIB: smblib_set_icl_current: icl_ua=450000
[ 2031.346987] SMBLIB: smblib_set_usb_suspend: suspend=0
[ 2031.347013] SMBLIB: smblib_set_icl_current: icl_ua=900000
[ 2031.347072] SMBLIB: smblib_set_usb_suspend: suspend=0
[ 2031.347102] SMBLIB: op_charging_en: enable=1
[ 2031.347154] SMBLIB: smblib_handle_apsd_done: apsd result=0x10, name=FLOAT, psy_type=5
[ 2031.351863] SMBLIB: smblib_handle_apsd_done: apsd done,current_now=0
[ 2031.352852] usbpd usbpd0: Type-C Source (medium - 1.5A) connected
[ 2031.388496] healthd: battery l=100 v=4243 t=23.1 h=2 st=4 c=0 fc=2878000 cc=0 chg=a
[ 2031.426244] healthd: battery l=100 v=4243 t=23.1 h=2 st=4 c=0 fc=2878000 cc=0 chg=a
[ 2031.907963] healthd: battery l=100 v=4243 t=23.1 h=2 st=2 c=0 fc=2878000 cc=0 chg=a
[ 2032.007554] R0: [NetworkManager][39102774897] [19:46:16.028834]  wlan: [1753:E :HDD] hdd_is_rcpi_applicable: 4950: mac addr is different from bssid connected
[ 2032.226565] healthd: battery l=100 v=4243 t=23.1 h=2 st=2 c=0 fc=2878000 cc=0 chg=a
[ 2032.933754] healthd: battery l=100 v=4243 t=23.1 h=2 st=2 c=0 fc=2878000 cc=0 chg=a
[ 2033.386892] SMBLIB: op_rerun_apsd: OP Reruning APSD type
[ 2035.348530] SMBLIB: smblib_handle_usb_source_change: APSD_STATUS=0x21
[ 2035.348762] SMBLIB: smblib_set_icl_current: icl_ua=475000
[ 2035.348855] SMBLIB: smblib_set_usb_suspend: suspend=0
[ 2035.348888] SMBLIB: smblib_set_icl_current: icl_ua=1500000
[ 2035.348959] SMBLIB: smblib_set_usb_suspend: suspend=0
[ 2035.348996] SMBLIB: op_charging_en: enable=1
[ 2035.349030] SMBLIB: smblib_handle_apsd_done: apsd result=0x10, name=FLOAT, psy_type=5
[ 2035.352889] SMBLIB: smblib_handle_apsd_done: apsd done,current_now=-281
[ 2035.378775] healthd: battery l=100 v=4384 t=23.1 h=2 st=2 c=281 fc=2878000 cc=0 chg=a
[ 2035.479132] healthd: battery l=100 v=4384 t=23.1 h=2 st=2 c=281 fc=2878000 cc=0 chg=a
[ 2037.008963] healthd: battery l=100 v=4385 t=23.1 h=2 st=2 c=280 fc=2878000 cc=0 chg=a
[ 2037.326847] healthd: battery l=100 v=4383 t=23.2 h=2 st=2 c=277 fc=2878000 cc=0 chg=a
[ 2038.001469] R0: [NetworkManager][39217858060] [19:46:22.022749]  wlan: [1753:E :HDD] hdd_is_rcpi_applicable: 4950: mac addr is different from bssid connected
[ 2039.507722] healthd: battery l=100 v=4385 t=23.1 h=2 st=2 c=273 fc=2878000 cc=0 chg=a
[ 2041.732247] healthd: battery l=100 v=4385 t=23.2 h=2 st=2 c=271 fc=2878000 cc=0 chg=a
[ 2043.708738] healthd: battery l=100 v=4385 t=23.2 h=2 st=2 c=268 fc=2878000 cc=0 chg=a
[ 2043.788816] R0: [cds_mc_thread][39328975257] [19:46:27.810104]  wlan: [3382:I :WMI] send_set_arp_stats_req_cmd_tlv: 12397: set arp stats flag=1, vdev=0
[ 2043.803104] R0: [cds_mc_thread][39329246811] [19:46:27.824247]  wlan: [3382:I :WMI] send_set_arp_stats_req_cmd_tlv: 12397: set arp stats flag=0, vdev=0
[ 2043.939289] healthd: battery l=100 v=4385 t=23.2 h=2 st=2 c=268 fc=2878000 cc=0 chg=a
[ 2044.002095] R0: [NetworkManager][39333070232] [19:46:28.023384]  wlan: [1753:E :HDD] hdd_is_rcpi_applicable: 4950: mac addr is different from bssid connected
[ 2046.157829] healthd: battery l=100 v=4385 t=23.2 h=2 st=2 c=263 fc=2878000 cc=0 chg=a
[ 2049.906903] healthd: battery l=100 v=4386 t=23.2 h=2 st=2 c=262 fc=2878000 cc=0 chg=a
[ 2050.002342] R0: [NetworkManager][39448274862] [19:46:34.023625]  wlan: [1753:E :HDD] hdd_is_rcpi_applicable: 4950: mac addr is different from bssid connected
[ 2054.957026] healthd: battery l=100 v=4386 t=23.2 h=2 st=2 c=253 fc=2878000 cc=0 chg=a
[ 2056.004634] R0: [NetworkManager][39563518838] [19:46:40.025916]  wlan: [1753:E :HDD] hdd_is_rcpi_applicable: 4950: mac addr is different from bssid connected
[ 2056.729908] healthd: battery l=100 v=4386 t=23.2 h=2 st=2 c=254 fc=2878000 cc=0 chg=a
[ 2061.279919] SMBLIB: smblib_awake_vote_callback: set awake=0
[ 2062.006892] R0: [NetworkManager][39678762105] [19:46:46.028170]  wlan: [1753:E :HDD] hdd_is_rcpi_applicable: 4950: mac addr is different from bssid connected
[ 2062.715035] healthd: battery l=100 v=4387 t=23.2 h=2 st=2 c=250 fc=2878000 cc=0 chg=a
[ 2068.004578] R0: [NetworkManager][39793917679] [19:46:52.025857]  wlan: [1753:E :HDD] hdd_is_rcpi_applicable: 4950: mac addr is different from bssid connected
[ 2068.884645] healthd: battery l=100 v=4387 t=23.2 h=2 st=2 c=247 fc=2878000 cc=0 chg=a
[ 2070.369980] healthd: battery l=100 v=4387 t=23.2 h=2 st=2 c=243 fc=2878000 cc=0 chg=a
[ 2074.003958] R0: [NetworkManager][39909105857] [19:46:58.025242]  wlan: [1753:E :HDD] hdd_is_rcpi_applicable: 4950: mac addr is different from bssid connected
[ 2075.719276] healthd: battery l=100 v=4387 t=23.2 h=2 st=2 c=243 fc=2878000 cc=0 chg=a
[ 2080.001604] R0: [NetworkManager][40024260608] [19:47:04.022886]  wlan: [1753:E :HDD] hdd_is_rcpi_applicable: 4950: mac addr is different from bssid connected
[ 2081.665748] SMBLIB: op_check_vbat_is_full_by_sw: [BATTERY] Battery full by sw[S] !!
[ 2081.665825] SMBLIB: op_charging_en: enable=0
[ 2081.671411] SMBLIB: checkout_term_current: chg_done:CAP=100 (Q:97),VBAT=4387 (Q:4396),IBAT=-240 (Q:-182),BAT_TEMP=232
[ 2081.921012] healthd: battery l=100 v=4387 t=23.2 h=2 st=5 c=240 fc=2878000 cc=0 chg=a
[ 2082.235970] healthd: battery l=100 v=4387 t=23.2 h=2 st=5 c=172 fc=2878000 cc=0 chg=a
[ 2086.004433] R0: [NetworkManager][40139514867] [19:47:10.025713]  wlan: [1753:E :HDD] hdd_is_rcpi_applicable: 4950: mac addr is different from bssid connected
[ 2088.735954] healthd: battery l=100 v=4322 t=23.2 h=2 st=5 c=0 fc=2878000 cc=0 chg=a
[ 2089.446772] R0: [cds_mc_thread][40205607981] [19:47:13.468063]  wlan: [3382:I :WMI] send_set_arp_stats_req_cmd_tlv: 12397: set arp stats flag=1, vdev=0
[ 2089.459375] R0: [cds_mc_thread][40205850025] [19:47:13.480669]  wlan: [3382:I :WMI] send_set_arp_stats_req_cmd_tlv: 12397: set arp stats flag=0, vdev=0
[ 2091.407489] healthd: battery l=100 v=4322 t=23.2 h=2 st=5 c=0 fc=2878000 cc=0 chg=a
[ 2092.004167] R0: [NetworkManager][40254709765] [19:47:16.025447]  wlan: [1753:E :HDD] hdd_is_rcpi_applicable: 4950: mac addr is different from bssid connected
[ 2094.695112] healthd: battery l=100 v=4322 t=23.2 h=2 st=5 c=0 fc=2878000 cc=0 chg=a
[ 2098.006561] R0: [NetworkManager][40369950519] [19:47:22.027571]  wlan: [1753:E :HDD] hdd_is_rcpi_applicable: 4950: mac addr is different from bssid connected
[ 2100.882284] healthd: battery l=100 v=4322 t=23.2 h=2 st=5 c=0 fc=2878000 cc=0 chg=a
[ 2104.006150] R0: [NetworkManager][40485147865] [19:47:28.027433]  wlan: [1753:E :HDD] hdd_is_rcpi_applicable: 4950: mac addr is different from bssid connected
[ 2107.711077] healthd: battery l=100 v=4288 t=23.1 h=2 st=5 c=0 fc=2878000 cc=0 chg=a
[ 2110.004201] R0: [NetworkManager][40600310397] [19:47:34.025482]  wlan: [1753:E :HDD] hdd_is_rcpi_applicable: 4950: mac addr is different from bssid connected
[ 2113.902783] healthd: battery l=100 v=4288 t=23.1 h=2 st=5 c=0 fc=2878000 cc=0 chg=a
[ 2116.002718] R0: [NetworkManager][40715482141] [19:47:40.024011]  wlan: [1753:E :HDD] hdd_is_rcpi_applicable: 4950: mac addr is different from bssid connected
[ 2120.729282] healthd: battery l=100 v=4288 t=23.1 h=2 st=5 c=0 fc=2878000 cc=0 chg=a
[ 2122.008392] R0: [NetworkManager][40830790931] [19:47:46.029678]  wlan: [1753:E :HDD] hdd_is_rcpi_applicable: 4950: mac addr is different from bssid connected
[ 2126.695440] healthd: battery l=100 v=4285 t=23.1 h=2 st=5 c=0 fc=2878000 cc=0 chg=a
[ 2128.004061] R0: [NetworkManager][40945906230] [19:47:52.025267]  wlan: [1753:E :HDD] hdd_is_rcpi_applicable: 4950: mac addr is different from bssid connected
[ 2131.000222] init: Received control message 'interface_start' for 'android.hardware.biometrics.fingerprint@2.1::IBiometricsFingerprint/default' from pid: 34 (/system/bin/hwservicemanager)
[ 2131.000329] init: Could not find service hosting interface android.hardware.biometrics.fingerprint@2.1::IBiometricsFingerprint/default
[ 2131.000832] init: Received control message 'interface_start' for 'android.hardware.biometrics.fingerprint@2.1::IBiometricsFingerprint/default' from pid: 34 (/system/bin/hwservicemanager)
[ 2131.000866] init: Could not find service hosting interface android.hardware.biometrics.fingerprint@2.1::IBiometricsFingerprint/default
[ 2132.878643] healthd: battery l=100 v=4285 t=23.1 h=2 st=5 c=0 fc=2878000 cc=0 chg=a
[ 2134.002230] R0: [NetworkManager][41061072587] [19:47:58.023515]  wlan: [1753:E :HDD] hdd_is_rcpi_applicable: 4950: mac addr is different from bssid connected
[ 2135.308763] R0: [cds_mc_thread][41086158229] [19:47:59.330059]  wlan: [3382:I :WMI] send_set_arp_stats_req_cmd_tlv: 12397: set arp stats flag=1, vdev=0
[ 2135.324653] R0: [cds_mc_thread][41086463360] [19:47:59.345952]  wlan: [3382:I :WMI] send_set_arp_stats_req_cmd_tlv: 12397: set arp stats flag=0, vdev=0
[ 2139.705121] healthd: battery l=100 v=4285 t=23.1 h=2 st=5 c=0 fc=2878000 cc=0 chg=a
[ 2140.004664] R0: [NetworkManager][41176319349] [19:48:04.025951]  wlan: [1753:E :HDD] hdd_is_rcpi_applicable: 4950: mac addr is different from bssid connected
[ 2145.898057] healthd: battery l=100 v=4283 t=23.1 h=2 st=5 c=0 fc=2878000 cc=0 chg=a
[ 2146.004310] R0: [NetworkManager][41291512677] [19:48:10.025605]  wlan: [1753:E :HDD] hdd_is_rcpi_applicable: 4950: mac addr is different from bssid connected
[ 2151.408899] healthd: battery l=100 v=4283 t=23.1 h=2 st=5 c=0 fc=2878000 cc=0 chg=a
[ 2152.006152] R0: [NetworkManager][41406748029] [19:48:16.027446]  wlan: [1753:E :HDD] hdd_is_rcpi_applicable: 4950: mac addr is different from bssid connected
[ 2152.668725] healthd: battery l=100 v=4283 t=23.1 h=2 st=5 c=0 fc=2878000 cc=0 chg=a
[ 2158.003403] R0: [NetworkManager][41521895134] [19:48:22.024692]  wlan: [1753:E :HDD] hdd_is_rcpi_applicable: 4950: mac addr is different from bssid connected
[ 2158.701464] healthd: battery l=100 v=4283 t=23.1 h=2 st=5 c=0 fc=2878000 cc=0 chg=a
[ 2164.003577] R0: [NetworkManager][41637098609] [19:48:28.024874]  wlan: [1753:E :HDD] hdd_is_rcpi_applicable: 4950: mac addr is different from bssid connected
[ 2164.884386] healthd: battery l=100 v=4282 t=23.1 h=2 st=5 c=0 fc=2878000 cc=0 chg=a
[ 2170.008055] R0: [NetworkManager][41752384385] [19:48:34.029342]  wlan: [1753:E :HDD] hdd_is_rcpi_applicable: 4950: mac addr is different from bssid connected
[ 2171.715621] healthd: battery l=100 v=4282 t=23.1 h=2 st=5 c=0 fc=2878000 cc=0 chg=a
[ 2176.005600] R0: [NetworkManager][41867537380] [19:48:40.026894]  wlan: [1753:E :HDD] hdd_is_rcpi_applicable: 4950: mac addr is different from bssid connected
[ 2177.894811] healthd: battery l=100 v=4282 t=23.1 h=2 st=5 c=0 fc=2878000 cc=0 chg=a
[ 2180.963801] R0: [cds_mc_thread][41962734923] [19:48:44.985100]  wlan: [3382:I :WMI] send_set_arp_stats_req_cmd_tlv: 12397: set arp stats flag=1, vdev=0
[ 2180.977079] R0: [cds_mc_thread][41962989965] [19:48:44.998383]  wlan: [3382:I :WMI] send_set_arp_stats_req_cmd_tlv: 12397: set arp stats flag=0, vdev=0
[ 2182.002421] R0: [NetworkManager][41982676275] [19:48:46.023712]  wlan: [1753:E :HDD] hdd_is_rcpi_applicable: 4950: mac addr is different from bssid connected
[ 2184.727671] healthd: battery l=100 v=4281 t=23.1 h=2 st=5 c=0 fc=2878000 cc=0 chg=a
[ 2188.003801] R0: [NetworkManager][42097902717] [19:48:52.025090]  wlan: [1753:E :HDD] hdd_is_rcpi_applicable: 4950: mac addr is different from bssid connected
[ 2190.701326] healthd: battery l=100 v=4281 t=23.1 h=2 st=5 c=0 fc=2878000 cc=0 chg=a
[ 2193.646254] SMBLIB: smblib_handle_usbin_uv: PMI: smblib_handle_usbin_uv: DEBUG: RESET STORM COUNT FOR POWER_OK
[ 2193.646511] SMBLIB: smblib_set_icl_current: icl_ua=25000
[ 2193.646538] SMBLIB: smblib_set_usb_suspend: suspend=1
[ 2193.646624] SMBLIB: smblib_set_icl_current: icl_ua=500000
[ 2193.646692] SMBLIB: smblib_set_usb_suspend: suspend=0
[ 2193.647273] SMBLIB: smblib_get_apsd_result: APSD_DTC_STATUS_DONE_BIT is 0
[ 2193.647290] SMBLIB: op_get_aicl_work: AICL result=0mA
[ 2193.647505] SMBLIB: smblib_usb_plugin_locked: release chg_wake_lock
[ 2193.647547] SMBLIB: set_usb_switch: switch off fastchg
[ 2193.647576] FASTCHG: usb_sw_gpio_set: set usb_sw_gpio=0
[ 2193.647633] FASTCHG: usb_sw_gpio_set: get usb_sw_gpio=0&0
[ 2193.647700] usbpd usbpd0: USB Type-C disconnect
[ 2193.647723] SMBLIB: set_dash_charger_present: dash_present = 0, charger_present = 0
[ 2193.647811] SMBLIB: op_battery_temp_region_set: set temp_region=8
[ 2193.700443] SMBLIB: smblib_usb_plugin_locked: IRQ: detached
[ 2193.753775] SMBLIB: smblib_get_apsd_result: APSD_DTC_STATUS_DONE_BIT is 0
[ 2193.765123] healthd: battery l=100 v=4281 t=23.1 h=2 st=3 c=0 fc=2878000 cc=0 chg=
[ 2193.829816] healthd: battery l=100 v=4281 t=23.1 h=2 st=3 c=0 fc=2878000 cc=0 chg=
[ 2193.860588] SMBLIB: smblib_get_apsd_result: APSD_DTC_STATUS_DONE_BIT is 0
[ 2193.882078] healthd: battery l=100 v=4281 t=23.1 h=2 st=3 c=0 fc=2878000 cc=0 chg=
[ 2194.004054] R0: [NetworkManager][42213107754] [19:48:58.025353]  wlan: [1753:E :HDD] hdd_is_rcpi_applicable: 4950: mac addr is different from bssid connected
[ 2195.454483] msm-dwc3 a600000.ssusb: DWC3 exited from low power mode
[ 2195.456526] SMBLIB: smblib_get_apsd_result: APSD_DTC_STATUS_DONE_BIT is 0
[ 2195.475988] SMBLIB: smblib_get_apsd_result: APSD_DTC_STATUS_DONE_BIT is 0
[ 2195.476085] SMBLIB: smblib_handle_usbin_uv: PMI: smblib_handle_usbin_uv: DEBUG: RESET STORM COUNT FOR POWER_OK
[ 2195.476165] SMBLIB: smblib_usb_plugin_locked: acquire chg_wake_lock
[ 2195.476820] SMBLIB: smblib_awake_vote_callback: set awake=1
[ 2195.476872] SMBLIB: smblib_usb_plugin_locked: IRQ: attached
[ 2195.613813] SMBLIB: smblib_get_apsd_result: APSD_DTC_STATUS_DONE_BIT is 0
[ 2195.617928] healthd: battery l=100 v=4281 t=23.1 h=2 st=4 c=0 fc=2878000 cc=0 chg=
[ 2195.721045] SMBLIB: smblib_get_apsd_result: APSD_DTC_STATUS_DONE_BIT is 0
[ 2195.725067] healthd: battery l=100 v=4281 t=23.1 h=2 st=4 c=0 fc=2878000 cc=0 chg=
[ 2196.454634] msm-dwc3 a600000.ssusb: DWC3 in low power mode
[ 2196.586784] SMBLIB: smblib_get_apsd_result: APSD_DTC_STATUS_DONE_BIT is 0
[ 2196.633224] SMBLIB: smblib_get_apsd_result: APSD_DTC_STATUS_DONE_BIT is 0
[ 2196.693543] SMBLIB: handle_batt_temp_normal: triggered
[ 2196.693603] SMBLIB: set_chg_ibat_vbat_max: set ibatmax=1950 and set vbatmax=4400
[ 2196.693727] SMBLIB: op_battery_temp_region_set: set temp_region=5
[ 2196.821031] SMBLIB: smblib_handle_usb_source_change: APSD_STATUS=0x21
[ 2196.821218] SMBLIB: smblib_set_icl_current: icl_ua=475000
[ 2196.821299] SMBLIB: smblib_set_usb_suspend: suspend=0
[ 2196.821333] SMBLIB: smblib_set_icl_current: icl_ua=1500000
[ 2196.821395] SMBLIB: smblib_set_usb_suspend: suspend=0
[ 2196.821459] SMBLIB: smblib_set_icl_current: icl_ua=450000
[ 2196.821523] SMBLIB: smblib_set_usb_suspend: suspend=0
[ 2196.821550] SMBLIB: smblib_set_icl_current: icl_ua=900000
[ 2196.821610] SMBLIB: smblib_set_usb_suspend: suspend=0
[ 2196.821643] SMBLIB: op_charging_en: enable=1
[ 2196.821698] SMBLIB: smblib_handle_apsd_done: apsd result=0x10, name=FLOAT, psy_type=5
[ 2196.821722] SMBLIB: smblib_handle_apsd_done: apsd done,current_now=0
[ 2196.822851] usbpd usbpd0: Type-C Source (medium - 1.5A) connected
[ 2196.855287] healthd: battery l=100 v=4259 t=23.1 h=2 st=4 c=0 fc=2878000 cc=0 chg=a
[ 2197.044151] healthd: battery l=100 v=4259 t=23.1 h=2 st=4 c=0 fc=2878000 cc=0 chg=a
[ 2197.059831] healthd: battery l=100 v=4259 t=23.1 h=2 st=4 c=0 fc=2878000 cc=0 chg=a
[ 2197.520193] healthd: battery l=100 v=4259 t=23.1 h=2 st=2 c=0 fc=2878000 cc=0 chg=a
[ 2197.803773] healthd: battery l=100 v=4259 t=23.1 h=2 st=2 c=0 fc=2878000 cc=0 chg=a
[ 2198.284432] healthd: battery l=100 v=4259 t=23.1 h=2 st=2 c=0 fc=2878000 cc=0 chg=a
[ 2198.853210] SMBLIB: op_rerun_apsd: OP Reruning APSD type
[ 2200.004047] R0: [NetworkManager][42328307460] [19:49:04.025338]  wlan: [1753:E :HDD] hdd_is_rcpi_applicable: 4950: mac addr is different from bssid connected
[ 2200.112660] msm-dwc3 a600000.ssusb: DWC3 exited from low power mode
[ 2200.802018] SMBLIB: smblib_handle_usb_source_change: APSD_STATUS=0x21
[ 2200.802156] SMBLIB: smblib_set_icl_current: icl_ua=475000
[ 2200.802235] SMBLIB: smblib_set_usb_suspend: suspend=0
[ 2200.802263] SMBLIB: smblib_set_icl_current: icl_ua=1500000
[ 2200.802323] SMBLIB: smblib_set_usb_suspend: suspend=0
[ 2200.802351] SMBLIB: op_charging_en: enable=1
[ 2200.802379] SMBLIB: smblib_handle_apsd_done: apsd result=0x10, name=FLOAT, psy_type=5
[ 2200.805768] SMBLIB: smblib_handle_apsd_done: apsd done,current_now=-270
[ 2200.835177] healthd: battery l=100 v=4384 t=23.1 h=2 st=2 c=268 fc=2878000 cc=0 chg=a
[ 2200.937656] healthd: battery l=100 v=4386 t=23.1 h=2 st=2 c=268 fc=2878000 cc=0 chg=a
[ 2201.335941] msm-dwc3 a600000.ssusb: DWC3 in low power mode
[ 2202.498053] healthd: battery l=100 v=4386 t=23.1 h=2 st=2 c=264 fc=2878000 cc=0 chg=a
[ 2203.711183] healthd: battery l=100 v=4386 t=23.1 h=2 st=2 c=264 fc=2878000 cc=0 chg=a
[ 2204.718913] healthd: battery l=100 v=4386 t=23.1 h=2 st=2 c=260 fc=2878000 cc=0 chg=a
[ 2206.001846] R0: [NetworkManager][42443465321] [19:49:10.023144]  wlan: [1753:E :HDD] hdd_is_rcpi_applicable: 4950: mac addr is different from bssid connected
[ 2206.900629] healthd: battery l=100 v=4386 t=23.1 h=2 st=2 c=257 fc=2878000 cc=0 chg=a
[ 2209.120923] healthd: battery l=100 v=4386 t=23.1 h=2 st=2 c=253 fc=2878000 cc=0 chg=a
[ 2209.909475] healthd: battery l=100 v=4386 t=23.1 h=2 st=2 c=253 fc=2878000 cc=0 chg=a
[ 2211.299936] healthd: battery l=100 v=4386 t=23.1 h=2 st=2 c=252 fc=2878000 cc=0 chg=a
[ 2212.004980] R0: [NetworkManager][42558725449] [19:49:16.026276]  wlan: [1753:E :HDD] hdd_is_rcpi_applicable: 4950: mac addr is different from bssid connected
[ 2213.520569] healthd: battery l=100 v=4387 t=23.1 h=2 st=2 c=250 fc=2878000 cc=0 chg=a
[ 2216.727355] healthd: battery l=100 v=4386 t=23.1 h=2 st=2 c=246 fc=2878000 cc=0 chg=a
[ 2218.002434] R0: [NetworkManager][42673876466] [19:49:22.023726]  wlan: [1753:E :HDD] hdd_is_rcpi_applicable: 4950: mac addr is different from bssid connected
[ 2222.638011] healthd: battery l=100 v=4387 t=23.1 h=2 st=2 c=242 fc=2878000 cc=0 chg=a
[ 2224.010286] R0: [NetworkManager][42789227172] [19:49:28.031576]  wlan: [1753:E :HDD] hdd_is_rcpi_applicable: 4950: mac addr is different from bssid connected
[ 2224.529066] healthd: battery l=100 v=4387 t=23.1 h=2 st=2 c=240 fc=2878000 cc=0 chg=a
[ 2226.826453] SMBLIB: smblib_awake_vote_callback: set awake=0
[ 2226.829057] R0: [cds_mc_thread][42843347937] [19:49:30.850366]  wlan: [3382:I :WMI] send_set_arp_stats_req_cmd_tlv: 12397: set arp stats flag=1, vdev=0
[ 2226.843663] R0: [cds_mc_thread][42843628384] [19:49:30.864972]  wlan: [3382:I :WMI] send_set_arp_stats_req_cmd_tlv: 12397: set arp stats flag=0, vdev=0
[ 2228.887757] healthd: battery l=100 v=4387 t=23.1 h=2 st=2 c=238 fc=2878000 cc=0 chg=a
[ 2230.002568] R0: [NetworkManager][42904279042] [19:49:34.023861]  wlan: [1753:E :HDD] hdd_is_rcpi_applicable: 4950: mac addr is different from bssid connected
[ 2231.742373] init: Received control message 'interface_start' for 'android.hardware.biometrics.fingerprint@2.1::IBiometricsFingerprint/default' from pid: 34 (/system/bin/hwservicemanager)
[ 2231.742490] init: Could not find service hosting interface android.hardware.biometrics.fingerprint@2.1::IBiometricsFingerprint/default
[ 2231.744487] init: Received control message 'interface_start' for 'android.hardware.biometrics.fingerprint@2.1::IBiometricsFingerprint/default' from pid: 34 (/system/bin/hwservicemanager)
[ 2231.744527] init: Could not find service hosting interface android.hardware.biometrics.fingerprint@2.1::IBiometricsFingerprint/default
[ 2235.475396] SMBLIB: op_check_vbat_is_full_by_sw: [BATTERY] Battery full by sw[S] !!
[ 2235.475480] SMBLIB: op_charging_en: enable=0
[ 2235.481016] SMBLIB: checkout_term_current: chg_done:CAP=100 (Q:97),VBAT=4388 (Q:4396),IBAT=-234 (Q:-164),BAT_TEMP=231
[ 2235.729362] healthd: battery l=100 v=4388 t=23.1 h=2 st=5 c=234 fc=2878000 cc=0 chg=a
[ 2236.005409] R0: [NetworkManager][43019533629] [19:49:40.026705]  wlan: [1753:E :HDD] hdd_is_rcpi_applicable: 4950: mac addr is different from bssid connected
[ 2236.068860] healthd: battery l=100 v=4387 t=23.1 h=2 st=5 c=175 fc=2878000 cc=0 chg=a
[ 2241.898599] healthd: battery l=100 v=4325 t=23.1 h=2 st=5 c=0 fc=2878000 cc=0 chg=a
[ 2242.003567] R0: [NetworkManager][43134698398] [19:49:46.024870]  wlan: [1753:E :HDD] hdd_is_rcpi_applicable: 4950: mac addr is different from bssid connected
[ 2248.008054] R0: [NetworkManager][43249984490] [19:49:52.029355]  wlan: [1753:E :HDD] hdd_is_rcpi_applicable: 4950: mac addr is different from bssid connected
[ 2248.724852] healthd: battery l=100 v=4325 t=23.1 h=2 st=5 c=0 fc=2878000 cc=0 chg=a
[ 2254.004278] R0: [NetworkManager][43365111924] [19:49:58.025576]  wlan: [1753:E :HDD] hdd_is_rcpi_applicable: 4950: mac addr is different from bssid connected
[ 2254.698439] healthd: battery l=100 v=4325 t=23.1 h=2 st=5 c=0 fc=2878000 cc=0 chg=a
[ 2256.879094] healthd: battery l=100 v=4290 t=23.1 h=2 st=5 c=0 fc=2878000 cc=0 chg=a
[ 2260.001575] R0: [NetworkManager][43480260012] [19:50:04.022873]  wlan: [1753:E :HDD] hdd_is_rcpi_applicable: 4950: mac addr is different from bssid connected
[ 2260.887649] healthd: battery l=100 v=4290 t=23.1 h=2 st=5 c=0 fc=2878000 cc=0 chg=a
[ 2266.007813] R0: [NetworkManager][43595579722] [19:50:10.029108]  wlan: [1753:E :HDD] hdd_is_rcpi_applicable: 4950: mac addr is different from bssid connected
[ 2267.711953] healthd: battery l=100 v=4290 t=23.1 h=2 st=5 c=0 fc=2878000 cc=0 chg=a
[ 2272.005459] R0: [NetworkManager][43710734543] [19:50:16.026756]  wlan: [1753:E :HDD] hdd_is_rcpi_applicable: 4950: mac addr is different from bssid connected
[ 2272.695810] R0: [cds_mc_thread][43723989482] [19:50:16.717117]  wlan: [3382:I :WMI] send_set_arp_stats_req_cmd_tlv: 12397: set arp stats flag=1, vdev=0
[ 2272.708998] R0: [cds_mc_thread][43724242807] [19:50:16.730311]  wlan: [3382:I :WMI] send_set_arp_stats_req_cmd_tlv: 12397: set arp stats flag=0, vdev=0
[ 2273.899438] healthd: battery l=100 v=4290 t=23.1 h=2 st=5 c=0 fc=2878000 cc=0 chg=a
[ 2278.004284] R0: [NetworkManager][43825911963] [19:50:22.025580]  wlan: [1753:E :HDD] hdd_is_rcpi_applicable: 4950: mac addr is different from bssid connected
[ 2280.722015] healthd: battery l=100 v=4287 t=23.1 h=2 st=5 c=0 fc=2878000 cc=0 chg=a
[ 2284.007497] R0: [NetworkManager][43941173784] [19:50:28.028801]  wlan: [1753:E :HDD] hdd_is_rcpi_applicable: 4950: mac addr is different from bssid connected
[ 2286.698478] healthd: battery l=100 v=4287 t=23.1 h=2 st=5 c=0 fc=2878000 cc=0 chg=a
[ 2290.007667] R0: [NetworkManager][44056377019] [19:50:34.028970]  wlan: [1753:E :HDD] hdd_is_rcpi_applicable: 4950: mac addr is different from bssid connected
[ 2292.883469] healthd: battery l=100 v=4287 t=23.1 h=2 st=5 c=0 fc=2878000 cc=0 chg=a
[ 2296.004706] R0: [NetworkManager][44171518235] [19:50:40.025909]  wlan: [1753:E :HDD] hdd_is_rcpi_applicable: 4950: mac addr is different from bssid connected
[ 2299.720771] healthd: battery l=100 v=4285 t=23.1 h=2 st=5 c=0 fc=2878000 cc=0 chg=a
[ 2302.006817] R0: [NetworkManager][44286760780] [19:50:46.028125]  wlan: [1753:E :HDD] hdd_is_rcpi_applicable: 4950: mac addr is different from bssid connected
[ 2305.901924] healthd: battery l=100 v=4285 t=23.1 h=2 st=5 c=0 fc=2878000 cc=0 chg=a
[ 2308.002114] R0: [NetworkManager][44401870453] [19:50:52.023421]  wlan: [1753:E :HDD] hdd_is_rcpi_applicable: 4950: mac addr is different from bssid connected
[ 2312.730244] healthd: battery l=100 v=4285 t=23.1 h=2 st=5 c=0 fc=2878000 cc=0 chg=a
[ 2314.003975] R0: [NetworkManager][44517106062] [19:50:58.025277]  wlan: [1753:E :HDD] hdd_is_rcpi_applicable: 4950: mac addr is different from bssid connected
[ 2316.876388] healthd: battery l=100 v=4284 t=23.0 h=2 st=5 c=0 fc=2878000 cc=0 chg=a
[ 2318.348752] R0: [cds_mc_thread][44600525993] [19:51:02.370065]  wlan: [3382:I :WMI] send_set_arp_stats_req_cmd_tlv: 12397: set arp stats flag=1, vdev=0
[ 2318.364664] R0: [cds_mc_thread][44600831574] [19:51:02.385981]  wlan: [3382:I :WMI] send_set_arp_stats_req_cmd_tlv: 12397: set arp stats flag=0, vdev=0
[ 2318.698591] healthd: battery l=100 v=4284 t=23.0 h=2 st=5 c=0 fc=2878000 cc=0 chg=a
[ 2320.003628] R0: [NetworkManager][44632299360] [19:51:04.024928]  wlan: [1753:E :HDD] hdd_is_rcpi_applicable: 4950: mac addr is different from bssid connected
[ 2324.881695] healthd: battery l=100 v=4284 t=23.0 h=2 st=5 c=0 fc=2878000 cc=0 chg=a
[ 2326.005644] R0: [NetworkManager][44747538041] [19:51:10.026943]  wlan: [1753:E :HDD] hdd_is_rcpi_applicable: 4950: mac addr is different from bssid connected
[ 2331.711909] healthd: battery l=100 v=4284 t=23.0 h=2 st=5 c=0 fc=2878000 cc=0 chg=a
[ 2332.005299] R0: [NetworkManager][44862731596] [19:51:16.026608]  wlan: [1753:E :HDD] hdd_is_rcpi_applicable: 4950: mac addr is different from bssid connected
[ 2332.256750] init: Received control message 'interface_start' for 'android.hardware.biometrics.fingerprint@2.1::IBiometricsFingerprint/default' from pid: 34 (/system/bin/hwservicemanager)
[ 2332.256935] init: Could not find service hosting interface android.hardware.biometrics.fingerprint@2.1::IBiometricsFingerprint/default
[ 2332.257198] init: Received control message 'interface_start' for 'android.hardware.biometrics.fingerprint@2.1::IBiometricsFingerprint/default' from pid: 34 (/system/bin/hwservicemanager)
[ 2332.257227] init: Could not find service hosting interface android.hardware.biometrics.fingerprint@2.1::IBiometricsFingerprint/default
[ 2337.782886] healthd: battery l=100 v=4284 t=23.0 h=2 st=5 c=0 fc=2878000 cc=0 chg=a
[ 2338.004884] R0: [NetworkManager][44977923521] [19:51:22.026188]  wlan: [1753:E :HDD] hdd_is_rcpi_applicable: 4950: mac addr is different from bssid connected
[ 2344.004297] R0: [NetworkManager][45093112424] [19:51:28.025611]  wlan: [1753:E :HDD] hdd_is_rcpi_applicable: 4950: mac addr is different from bssid connected
[ 2344.722100] healthd: battery l=100 v=4284 t=23.0 h=2 st=5 c=0 fc=2878000 cc=0 chg=a
[ 2350.009181] R0: [NetworkManager][45208406048] [19:51:34.030488]  wlan: [1753:E :HDD] hdd_is_rcpi_applicable: 4950: mac addr is different from bssid connected
[ 2350.695850] healthd: battery l=100 v=4284 t=23.0 h=2 st=5 c=0 fc=2878000 cc=0 chg=a
[ 2353.121930] R0: [cds_mc_thread][45268170848] [19:51:37.143238]  wlan: [3382:I :WMI] send_set_arp_stats_req_cmd_tlv: 12397: set arp stats flag=1, vdev=0
[ 2353.136879] R0: [cds_mc_thread][45268458095] [19:51:37.158199]  wlan: [3382:I :WMI] send_set_arp_stats_req_cmd_tlv: 12397: set arp stats flag=0, vdev=0
[ 2356.002723] R0: [NetworkManager][45323482004] [19:51:40.024028]  wlan: [1753:E :HDD] hdd_is_rcpi_applicable: 4950: mac addr is different from bssid connected
[ 2356.880419] healthd: battery l=100 v=4283 t=23.0 h=2 st=5 c=0 fc=2878000 cc=0 chg=a
[ 2362.006687] R0: [NetworkManager][45438758125] [19:51:46.027993]  wlan: [1753:E :HDD] hdd_is_rcpi_applicable: 4950: mac addr is different from bssid connected
[ 2363.710985] healthd: battery l=100 v=4283 t=23.0 h=2 st=5 c=0 fc=2878000 cc=0 chg=a
[ 2368.006408] R0: [NetworkManager][45553952806] [19:51:52.027717]  wlan: [1753:E :HDD] hdd_is_rcpi_applicable: 4950: mac addr is different from bssid connected
[ 2369.897579] healthd: battery l=100 v=4283 t=23.0 h=2 st=5 c=0 fc=2878000 cc=0 chg=a
[ 2374.004573] R0: [NetworkManager][45669117535] [19:51:58.025880]  wlan: [1753:E :HDD] hdd_is_rcpi_applicable: 4950: mac addr is different from bssid connected
[ 2376.727961] healthd: battery l=100 v=4283 t=23.0 h=2 st=5 c=0 fc=2878000 cc=0 chg=a
[ 2376.874446] healthd: battery l=100 v=4283 t=23.0 h=2 st=5 c=0 fc=2878000 cc=0 chg=a
[ 2380.001972] R0: [NetworkManager][45784267663] [19:52:04.023283]  wlan: [1753:E :HDD] hdd_is_rcpi_applicable: 4950: mac addr is different from bssid connected
[ 2382.706756] healthd: battery l=100 v=4283 t=23.0 h=2 st=5 c=0 fc=2878000 cc=0 chg=a
[ 2386.005056] R0: [NetworkManager][45899526811] [19:52:10.026365]  wlan: [1753:E :HDD] hdd_is_rcpi_applicable: 4950: mac addr is different from bssid connected
[ 2388.824784] healthd: battery l=100 v=4283 t=23.0 h=2 st=5 c=0 fc=2878000 cc=0 chg=a
[ 2392.002088] R0: [NetworkManager][46014669854] [19:52:16.023399]  wlan: [1753:E :HDD] hdd_is_rcpi_applicable: 4950: mac addr is different from bssid connected
[ 2394.722100] R0: [cds_mc_thread][46066894245] [19:52:18.743419]  wlan: [3382:I :WMI] send_set_arp_stats_req_cmd_tlv: 12397: set arp stats flag=1, vdev=0
[ 2394.735370] R0: [cds_mc_thread][46067149139] [19:52:18.756695]  wlan: [3382:I :WMI] send_set_arp_stats_req_cmd_tlv: 12397: set arp stats flag=0, vdev=0
[ 2394.857622] healthd: battery l=100 v=4283 t=23.0 h=2 st=5 c=0 fc=2878000 cc=0 chg=a
[ 2398.005272] R0: [NetworkManager][46129930987] [19:52:22.026583]  wlan: [1753:E :HDD] hdd_is_rcpi_applicable: 4950: mac addr is different from bssid connected
[ 2399.242478] perf: interrupt took too long (9981 > 9965), lowering kernel.perf_event_max_sample_rate to 19800
[ 2401.906846] healthd: battery l=100 v=4282 t=23.0 h=2 st=5 c=0 fc=2878000 cc=0 chg=a
[ 2404.005546] R0: [NetworkManager][46245136293] [19:52:28.026860]  wlan: [1753:E :HDD] hdd_is_rcpi_applicable: 4950: mac addr is different from bssid connected
[ 2408.721041] healthd: battery l=100 v=4282 t=23.0 h=2 st=5 c=0 fc=2878000 cc=0 chg=a
[ 2410.003243] R0: [NetworkManager][46360292015] [19:52:34.024555]  wlan: [1753:E :HDD] hdd_is_rcpi_applicable: 4950: mac addr is different from bssid connected
[ 2414.707073] healthd: battery l=100 v=4282 t=23.0 h=2 st=5 c=0 fc=2878000 cc=0 chg=a
[ 2416.003930] R0: [NetworkManager][46475505200] [19:52:40.025242]  wlan: [1753:E :HDD] hdd_is_rcpi_applicable: 4950: mac addr is different from bssid connected
[ 2420.888975] healthd: battery l=100 v=4282 t=23.0 h=2 st=5 c=0 fc=2878000 cc=0 chg=a
[ 2422.005143] R0: [NetworkManager][46590728571] [19:52:46.026460]  wlan: [1753:E :HDD] hdd_is_rcpi_applicable: 4950: mac addr is different from bssid connected
[ 2427.718965] healthd: battery l=100 v=4282 t=23.0 h=2 st=5 c=0 fc=2878000 cc=0 chg=a
[ 2428.004160] R0: [NetworkManager][46705909641] [19:52:52.025474]  wlan: [1753:E :HDD] hdd_is_rcpi_applicable: 4950: mac addr is different from bssid connected
[ 2429.922097] R0: [cds_mc_thread][46742733964] [19:52:53.943408]  wlan: [3382:I :WMI] send_set_arp_stats_req_cmd_tlv: 12397: set arp stats flag=1, vdev=0
[ 2429.935514] R0: [cds_mc_thread][46742991887] [19:52:53.956842]  wlan: [3382:I :WMI] send_set_arp_stats_req_cmd_tlv: 12397: set arp stats flag=0, vdev=0
[ 2432.755461] init: Received control message 'interface_start' for 'android.hardware.biometrics.fingerprint@2.1::IBiometricsFingerprint/default' from pid: 34 (/system/bin/hwservicemanager)
[ 2432.755635] init: Could not find service hosting interface android.hardware.biometrics.fingerprint@2.1::IBiometricsFingerprint/default
[ 2432.755988] init: Received control message 'interface_start' for 'android.hardware.biometrics.fingerprint@2.1::IBiometricsFingerprint/default' from pid: 34 (/system/bin/hwservicemanager)
[ 2432.756023] init: Could not find service hosting interface android.hardware.biometrics.fingerprint@2.1::IBiometricsFingerprint/default
[ 2433.915583] healthd: battery l=100 v=4282 t=23.0 h=2 st=5 c=0 fc=2878000 cc=0 chg=a
[ 2434.003290] R0: [NetworkManager][46821093035] [19:52:58.024610]  wlan: [1753:E :HDD] hdd_is_rcpi_applicable: 4950: mac addr is different from bssid connected
[ 2436.877671] healthd: battery l=100 v=4282 t=23.0 h=2 st=5 c=0 fc=2878000 cc=0 chg=a
[ 2440.001899] R0: [NetworkManager][46936266350] [19:53:04.023221]  wlan: [1753:E :HDD] hdd_is_rcpi_applicable: 4950: mac addr is different from bssid connected
[ 2440.721209] healthd: battery l=100 v=4282 t=23.0 h=2 st=5 c=0 fc=2878000 cc=0 chg=a
[ 2446.003962] R0: [NetworkManager][47051505832] [19:53:10.025278]  wlan: [1753:E :HDD] hdd_is_rcpi_applicable: 4950: mac addr is different from bssid connected
[ 2446.691900] healthd: battery l=100 v=4282 t=23.0 h=2 st=5 c=0 fc=2878000 cc=0 chg=a
[ 2452.005071] R0: [NetworkManager][47166727071] [19:53:16.026385]  wlan: [1753:E :HDD] hdd_is_rcpi_applicable: 4950: mac addr is different from bssid connected
[ 2452.884993] healthd: battery l=100 v=4282 t=23.0 h=2 st=5 c=0 fc=2878000 cc=0 chg=a
[ 2458.004919] R0: [NetworkManager][47281924127] [19:53:22.026232]  wlan: [1753:E :HDD] hdd_is_rcpi_applicable: 4950: mac addr is different from bssid connected
[ 2459.715108] healthd: battery l=100 v=4281 t=23.0 h=2 st=5 c=0 fc=2878000 cc=0 chg=a
[ 2464.008651] R0: [NetworkManager][47397188567] [19:53:28.029589]  wlan: [1753:E :HDD] hdd_is_rcpi_applicable: 4950: mac addr is different from bssid connected
[ 2465.905816] healthd: battery l=100 v=4281 t=23.0 h=2 st=5 c=0 fc=2878000 cc=0 chg=a
[ 2470.004464] R0: [NetworkManager][47512315423] [19:53:34.025780]  wlan: [1753:E :HDD] hdd_is_rcpi_applicable: 4950: mac addr is different from bssid connected
[ 2472.719926] healthd: battery l=100 v=4281 t=23.0 h=2 st=5 c=0 fc=2878000 cc=0 chg=a
[ 2476.007805] R0: [NetworkManager][47627579642] [19:53:40.029125]  wlan: [1753:E :HDD] hdd_is_rcpi_applicable: 4950: mac addr is different from bssid connected
[ 2478.694654] healthd: battery l=100 v=4281 t=23.0 h=2 st=5 c=0 fc=2878000 cc=0 chg=a
[ 2482.007136] R0: [NetworkManager][47742766746] [19:53:46.028454]  wlan: [1753:E :HDD] hdd_is_rcpi_applicable: 4950: mac addr is different from bssid connected
[ 2484.886563] healthd: battery l=100 v=4281 t=23.0 h=2 st=5 c=0 fc=2878000 cc=0 chg=a
[ 2488.006651] R0: [NetworkManager][47857957472] [19:53:52.027972]  wlan: [1753:E :HDD] hdd_is_rcpi_applicable: 4950: mac addr is different from bssid connected
[ 2491.361899] R0: [cds_mc_thread][47922378297] [19:53:55.383223]  wlan: [3382:I :WMI] send_set_arp_stats_req_cmd_tlv: 12397: set arp stats flag=1, vdev=0
[ 2491.376533] R0: [cds_mc_thread][47922659455] [19:53:55.397867]  wlan: [3382:I :WMI] send_set_arp_stats_req_cmd_tlv: 12397: set arp stats flag=0, vdev=0
[ 2491.716953] healthd: battery l=100 v=4281 t=23.0 h=2 st=5 c=0 fc=2878000 cc=0 chg=a
[ 2494.004624] R0: [NetworkManager][47973118591] [19:53:58.025947]  wlan: [1753:E :HDD] hdd_is_rcpi_applicable: 4950: mac addr is different from bssid connected
[ 2496.875801] healthd: battery l=100 v=4281 t=23.0 h=2 st=5 c=0 fc=2878000 cc=0 chg=a
[ 2497.903420] healthd: battery l=100 v=4281 t=23.0 h=2 st=5 c=0 fc=2878000 cc=0 chg=a
[ 2500.006615] R0: [NetworkManager][48088356773] [19:54:04.027936]  wlan: [1753:E :HDD] hdd_is_rcpi_applicable: 4950: mac addr is different from bssid connected
[ 2504.735624] healthd: battery l=100 v=4281 t=23.0 h=2 st=5 c=0 fc=2878000 cc=0 chg=a
[ 2506.002824] R0: [NetworkManager][48203484011] [19:54:10.024147]  wlan: [1753:E :HDD] hdd_is_rcpi_applicable: 4950: mac addr is different from bssid connected
[ 2510.700225] healthd: battery l=100 v=4281 t=23.0 h=2 st=5 c=0 fc=2878000 cc=0 chg=a
[ 2512.007959] R0: [NetworkManager][48318782553] [19:54:16.029280]  wlan: [1753:E :HDD] hdd_is_rcpi_applicable: 4950: mac addr is different from bssid connected
[ 2516.876809] healthd: battery l=100 v=4281 t=23.0 h=2 st=5 c=0 fc=2878000 cc=0 chg=a
[ 2518.004669] R0: [NetworkManager][48433919461] [19:54:22.025995]  wlan: [1753:E :HDD] hdd_is_rcpi_applicable: 4950: mac addr is different from bssid connected
[ 2523.704166] healthd: battery l=100 v=4281 t=23.0 h=2 st=5 c=0 fc=2878000 cc=0 chg=a
[ 2524.003898] R0: [NetworkManager][48549103233] [19:54:28.025150]  wlan: [1753:E :HDD] hdd_is_rcpi_applicable: 4950: mac addr is different from bssid connected
[ 2529.893336] healthd: battery l=100 v=4281 t=23.0 h=2 st=5 c=0 fc=2878000 cc=0 chg=a
[ 2530.002544] R0: [NetworkManager][48664278733] [19:54:34.023875]  wlan: [1753:E :HDD] hdd_is_rcpi_applicable: 4950: mac addr is different from bssid connected
[ 2533.226662] init: Received control message 'interface_start' for 'android.hardware.biometrics.fingerprint@2.1::IBiometricsFingerprint/default' from pid: 34 (/system/bin/hwservicemanager)
[ 2533.226776] init: Could not find service hosting interface android.hardware.biometrics.fingerprint@2.1::IBiometricsFingerprint/default
[ 2533.227627] init: Received control message 'interface_start' for 'android.hardware.biometrics.fingerprint@2.1::IBiometricsFingerprint/default' from pid: 34 (/system/bin/hwservicemanager)
[ 2533.227666] init: Could not find service hosting interface android.hardware.biometrics.fingerprint@2.1::IBiometricsFingerprint/default
[ 2536.003246] R0: [NetworkManager][48779492094] [19:54:40.024571]  wlan: [1753:E :HDD] hdd_is_rcpi_applicable: 4950: mac addr is different from bssid connected
[ 2536.724696] healthd: battery l=100 v=4281 t=22.9 h=2 st=5 c=0 fc=2878000 cc=0 chg=a
[ 2537.015722] R0: [cds_mc_thread][48798931805] [19:54:41.037056]  wlan: [3382:I :WMI] send_set_arp_stats_req_cmd_tlv: 12397: set arp stats flag=1, vdev=0
[ 2537.031555] R0: [cds_mc_thread][48799235884] [19:54:41.052894]  wlan: [3382:I :WMI] send_set_arp_stats_req_cmd_tlv: 12397: set arp stats flag=0, vdev=0
[ 2542.001598] R0: [NetworkManager][48894660415] [19:54:46.022922]  wlan: [1753:E :HDD] hdd_is_rcpi_applicable: 4950: mac addr is different from bssid connected
[ 2542.698461] healthd: battery l=100 v=4281 t=22.9 h=2 st=5 c=0 fc=2878000 cc=0 chg=a
[ 2548.007269] R0: [NetworkManager][49009969458] [19:54:52.028602]  wlan: [1753:E :HDD] hdd_is_rcpi_applicable: 4950: mac addr is different from bssid connected
[ 2548.884007] healthd: battery l=100 v=4281 t=22.9 h=2 st=5 c=0 fc=2878000 cc=0 chg=a
[ 2554.005327] R0: [NetworkManager][49125132051] [19:54:58.026654]  wlan: [1753:E :HDD] hdd_is_rcpi_applicable: 4950: mac addr is different from bssid connected
[ 2555.713141] healthd: battery l=100 v=4281 t=22.9 h=2 st=5 c=0 fc=2878000 cc=0 chg=a
[ 2556.880343] healthd: battery l=100 v=4281 t=22.9 h=2 st=5 c=0 fc=2878000 cc=0 chg=a
[ 2560.001896] R0: [NetworkManager][49240266045] [19:55:04.023217]  wlan: [1753:E :HDD] hdd_is_rcpi_applicable: 4950: mac addr is different from bssid connected
[ 2561.892894] healthd: battery l=100 v=4281 t=22.9 h=2 st=5 c=0 fc=2878000 cc=0 chg=a
[ 2566.003584] R0: [NetworkManager][49355498520] [19:55:10.024909]  wlan: [1753:E :HDD] hdd_is_rcpi_applicable: 4950: mac addr is different from bssid connected
[ 2568.718743] healthd: battery l=100 v=4281 t=22.9 h=2 st=5 c=0 fc=2878000 cc=0 chg=a
[ 2572.001679] R0: [NetworkManager][49470662014] [19:55:16.023008]  wlan: [1753:E :HDD] hdd_is_rcpi_applicable: 4950: mac addr is different from bssid connected
[ 2574.707448] healthd: battery l=100 v=4281 t=22.9 h=2 st=5 c=0 fc=2878000 cc=0 chg=a
[ 2578.007026] R0: [NetworkManager][49585964805] [19:55:22.028363]  wlan: [1753:E :HDD] hdd_is_rcpi_applicable: 4950: mac addr is different from bssid connected
[ 2580.888617] healthd: battery l=100 v=4280 t=23.0 h=2 st=5 c=0 fc=2878000 cc=0 chg=a
[ 2582.882295] R0: [cds_mc_thread][49679569997] [19:55:26.903633]  wlan: [3382:I :WMI] send_set_arp_stats_req_cmd_tlv: 12397: set arp stats flag=1, vdev=0
[ 2582.897161] R0: [cds_mc_thread][49679855505] [19:55:26.918504]  wlan: [3382:I :WMI] send_set_arp_stats_req_cmd_tlv: 12397: set arp stats flag=0, vdev=0
[ 2584.003061] R0: [NetworkManager][49701088447] [19:55:28.024386]  wlan: [1753:E :HDD] hdd_is_rcpi_applicable: 4950: mac addr is different from bssid connected
[ 2587.709645] healthd: battery l=100 v=4280 t=23.0 h=2 st=5 c=0 fc=2878000 cc=0 chg=a
[ 2590.005082] R0: [NetworkManager][49816327339] [19:55:34.026412]  wlan: [1753:E :HDD] hdd_is_rcpi_applicable: 4950: mac addr is different from bssid connected
[ 2593.896380] healthd: battery l=100 v=4280 t=23.0 h=2 st=5 c=0 fc=2878000 cc=0 chg=a
[ 2596.002819] R0: [NetworkManager][49931483922] [19:55:40.024152]  wlan: [1753:E :HDD] hdd_is_rcpi_applicable: 4950: mac addr is different from bssid connected
[ 2600.717193] healthd: battery l=100 v=4280 t=22.9 h=2 st=5 c=0 fc=2878000 cc=0 chg=a
[ 2602.004517] R0: [NetworkManager][50046716514] [19:55:46.025850]  wlan: [1753:E :HDD] hdd_is_rcpi_applicable: 4950: mac addr is different from bssid connected
[ 2606.695166] healthd: battery l=100 v=4280 t=22.9 h=2 st=5 c=0 fc=2878000 cc=0 chg=a
[ 2608.002563] R0: [NetworkManager][50161878979] [19:55:52.023895]  wlan: [1753:E :HDD] hdd_is_rcpi_applicable: 4950: mac addr is different from bssid connected
[ 2612.876742] healthd: battery l=100 v=4280 t=22.9 h=2 st=5 c=0 fc=2878000 cc=0 chg=a
[ 2614.003898] R0: [NetworkManager][50277103371] [19:55:58.025166]  wlan: [1753:E :HDD] hdd_is_rcpi_applicable: 4950: mac addr is different from bssid connected
[ 2616.874409] healthd: battery l=100 v=4280 t=22.9 h=2 st=5 c=0 fc=2878000 cc=0 chg=a
[ 2619.709487] healthd: battery l=100 v=4280 t=22.9 h=2 st=5 c=0 fc=2878000 cc=0 chg=a
[ 2620.004270] R0: [NetworkManager][50392311758] [19:56:04.025604]  wlan: [1753:E :HDD] hdd_is_rcpi_applicable: 4950: mac addr is different from bssid connected
[ 2625.897398] healthd: battery l=100 v=4280 t=22.9 h=2 st=5 c=0 fc=2878000 cc=0 chg=a
[ 2626.002370] R0: [NetworkManager][50507475323] [19:56:10.023707]  wlan: [1753:E :HDD] hdd_is_rcpi_applicable: 4950: mac addr is different from bssid connected
[ 2628.748703] R0: [cds_mc_thread][50560205034] [19:56:12.770046]  wlan: [3382:I :WMI] send_set_arp_stats_req_cmd_tlv: 12397: set arp stats flag=1, vdev=0
[ 2628.772212] R0: [cds_mc_thread][50560656486] [19:56:12.793559]  wlan: [3382:I :WMI] send_set_arp_stats_req_cmd_tlv: 12397: set arp stats flag=0, vdev=0
[ 2632.002158] R0: [NetworkManager][50622671247] [19:56:16.023495]  wlan: [1753:E :HDD] hdd_is_rcpi_applicable: 4950: mac addr is different from bssid connected
[ 2632.724286] healthd: battery l=100 v=4280 t=22.9 h=2 st=5 c=0 fc=2878000 cc=0 chg=a
[ 2633.992715] init: Received control message 'interface_start' for 'android.hardware.biometrics.fingerprint@2.1::IBiometricsFingerprint/default' from pid: 34 (/system/bin/hwservicemanager)
[ 2633.992830] init: Could not find service hosting interface android.hardware.biometrics.fingerprint@2.1::IBiometricsFingerprint/default
[ 2633.994030] init: Received control message 'interface_start' for 'android.hardware.biometrics.fingerprint@2.1::IBiometricsFingerprint/default' from pid: 34 (/system/bin/hwservicemanager)
[ 2633.994079] init: Could not find service hosting interface android.hardware.biometrics.fingerprint@2.1::IBiometricsFingerprint/default
[ 2638.007431] R0: [NetworkManager][50737972382] [19:56:22.028763]  wlan: [1753:E :HDD] hdd_is_rcpi_applicable: 4950: mac addr is different from bssid connected
[ 2638.693418] healthd: battery l=100 v=4280 t=22.9 h=2 st=5 c=0 fc=2878000 cc=0 chg=a
[ 2644.007913] R0: [NetworkManager][50853181669] [19:56:28.029247]  wlan: [1753:E :HDD] hdd_is_rcpi_applicable: 4950: mac addr is different from bssid connected
[ 2644.880061] healthd: battery l=100 v=4280 t=22.9 h=2 st=5 c=0 fc=2878000 cc=0 chg=a
[ 2650.001674] R0: [NetworkManager][50968261774] [19:56:34.023003]  wlan: [1753:E :HDD] hdd_is_rcpi_applicable: 4950: mac addr is different from bssid connected
[ 2651.708777] healthd: battery l=100 v=4280 t=22.9 h=2 st=5 c=0 fc=2878000 cc=0 chg=a
[ 2656.001921] R0: [NetworkManager][51083466668] [19:56:40.023259]  wlan: [1753:E :HDD] hdd_is_rcpi_applicable: 4950: mac addr is different from bssid connected
[ 2657.899119] healthd: battery l=100 v=4280 t=22.9 h=2 st=5 c=0 fc=2878000 cc=0 chg=a
[ 2662.004254] R0: [NetworkManager][51198709926] [19:56:46.025513]  wlan: [1753:E :HDD] hdd_is_rcpi_applicable: 4950: mac addr is different from bssid connected
[ 2664.727752] healthd: battery l=100 v=4280 t=22.9 h=2 st=5 c=0 fc=2878000 cc=0 chg=a
[ 2668.002802] R0: [NetworkManager][51313882172] [19:56:52.024068]  wlan: [1753:E :HDD] hdd_is_rcpi_applicable: 4950: mac addr is different from bssid connected
[ 2670.697408] healthd: battery l=100 v=4280 t=22.9 h=2 st=5 c=0 fc=2878000 cc=0 chg=a
[ 2674.006580] R0: [NetworkManager][51429156052] [19:56:58.027916]  wlan: [1753:E :HDD] hdd_is_rcpi_applicable: 4950: mac addr is different from bssid connected
[ 2674.402231] R0: [cds_mc_thread][51436752764] [19:56:58.423578]  wlan: [3382:I :WMI] send_set_arp_stats_req_cmd_tlv: 12397: set arp stats flag=1, vdev=0
[ 2674.415932] R0: [cds_mc_thread][51437015890] [19:56:58.437283]  wlan: [3382:I :WMI] send_set_arp_stats_req_cmd_tlv: 12397: set arp stats flag=0, vdev=0
[ 2676.878760] healthd: battery l=100 v=4280 t=22.9 h=2 st=5 c=0 fc=2878000 cc=0 chg=a
[ 2676.893445] healthd: battery l=100 v=4280 t=22.9 h=2 st=5 c=0 fc=2878000 cc=0 chg=a
[ 2680.004706] R0: [NetworkManager][51544320035] [19:57:04.026041]  wlan: [1753:E :HDD] hdd_is_rcpi_applicable: 4950: mac addr is different from bssid connected
[ 2683.712199] healthd: battery l=100 v=4280 t=22.9 h=2 st=5 c=0 fc=2878000 cc=0 chg=a
[ 2686.004021] R0: [NetworkManager][51659507114] [19:57:10.025369]  wlan: [1753:E :HDD] hdd_is_rcpi_applicable: 4950: mac addr is different from bssid connected
[ 2689.895409] healthd: battery l=100 v=4280 t=22.9 h=2 st=5 c=0 fc=2878000 cc=0 chg=a
[ 2692.002762] R0: [NetworkManager][51774682733] [19:57:16.024099]  wlan: [1753:E :HDD] hdd_is_rcpi_applicable: 4950: mac addr is different from bssid connected
[ 2696.723019] healthd: battery l=100 v=4280 t=22.9 h=2 st=5 c=0 fc=2878000 cc=0 chg=a
[ 2698.003717] R0: [NetworkManager][51889901194] [19:57:22.025061]  wlan: [1753:E :HDD] hdd_is_rcpi_applicable: 4950: mac addr is different from bssid connected
[ 2702.701012] healthd: battery l=100 v=4280 t=22.9 h=2 st=5 c=0 fc=2878000 cc=0 chg=a
[ 2704.008021] R0: [NetworkManager][52005183800] [19:57:28.029364]  wlan: [1753:E :HDD] hdd_is_rcpi_applicable: 4950: mac addr is different from bssid connected
[ 2708.881951] healthd: battery l=100 v=4280 t=22.9 h=2 st=5 c=0 fc=2878000 cc=0 chg=a
[ 2710.006590] R0: [NetworkManager][52120356287] [19:57:34.027932]  wlan: [1753:E :HDD] hdd_is_rcpi_applicable: 4950: mac addr is different from bssid connected
[ 2715.717770] healthd: battery l=100 v=4280 t=22.9 h=2 st=5 c=0 fc=2878000 cc=0 chg=a
[ 2716.001687] R0: [NetworkManager][52235462153] [19:57:40.023030]  wlan: [1753:E :HDD] hdd_is_rcpi_applicable: 4950: mac addr is different from bssid connected
[ 2720.269205] R0: [cds_mc_thread][52317398554] [19:57:44.290551]  wlan: [3382:I :WMI] send_set_arp_stats_req_cmd_tlv: 12397: set arp stats flag=1, vdev=0
[ 2720.283853] R0: [cds_mc_thread][52317679987] [19:57:44.305209]  wlan: [3382:I :WMI] send_set_arp_stats_req_cmd_tlv: 12397: set arp stats flag=0, vdev=0
[ 2721.897010] healthd: battery l=100 v=4280 t=22.9 h=2 st=5 c=0 fc=2878000 cc=0 chg=a
[ 2722.003706] R0: [NetworkManager][52350700956] [19:57:46.025051]  wlan: [1753:E :HDD] hdd_is_rcpi_applicable: 4950: mac addr is different from bssid connected
[ 2728.007032] R0: [NetworkManager][52465964677] [19:57:52.028371]  wlan: [1753:E :HDD] hdd_is_rcpi_applicable: 4950: mac addr is different from bssid connected
[ 2728.721969] healthd: battery l=100 v=4280 t=22.9 h=2 st=5 c=0 fc=2878000 cc=0 chg=a
[ 2734.005162] R0: [NetworkManager][52581128839] [19:57:58.026505]  wlan: [1753:E :HDD] hdd_is_rcpi_applicable: 4950: mac addr is different from bssid connected
[ 2734.502540] init: Received control message 'interface_start' for 'android.hardware.biometrics.fingerprint@2.1::IBiometricsFingerprint/default' from pid: 34 (/system/bin/hwservicemanager)
[ 2734.502715] init: Could not find service hosting interface android.hardware.biometrics.fingerprint@2.1::IBiometricsFingerprint/default
[ 2734.504545] init: Received control message 'interface_start' for 'android.hardware.biometrics.fingerprint@2.1::IBiometricsFingerprint/default' from pid: 34 (/system/bin/hwservicemanager)
[ 2734.504600] init: Could not find service hosting interface android.hardware.biometrics.fingerprint@2.1::IBiometricsFingerprint/default
[ 2734.694805] healthd: battery l=100 v=4280 t=22.9 h=2 st=5 c=0 fc=2878000 cc=0 chg=a
[ 2736.878217] healthd: battery l=100 v=4280 t=22.9 h=2 st=5 c=0 fc=2878000 cc=0 chg=a
[ 2740.005851] R0: [NetworkManager][52696342041] [19:58:04.027193]  wlan: [1753:E :HDD] hdd_is_rcpi_applicable: 4950: mac addr is different from bssid connected
[ 2740.889844] healthd: battery l=100 v=4280 t=22.9 h=2 st=5 c=0 fc=2878000 cc=0 chg=a
[ 2746.003494] R0: [NetworkManager][52811496756] [19:58:10.024835]  wlan: [1753:E :HDD] hdd_is_rcpi_applicable: 4950: mac addr is different from bssid connected
[ 2747.715469] healthd: battery l=100 v=4280 t=22.9 h=2 st=5 c=0 fc=2878000 cc=0 chg=a
[ 2752.002458] R0: [NetworkManager][52926676820] [19:58:16.023797]  wlan: [1753:E :HDD] hdd_is_rcpi_applicable: 4950: mac addr is different from bssid connected
[ 2753.892987] healthd: battery l=100 v=4280 t=22.9 h=2 st=5 c=0 fc=2878000 cc=0 chg=a
[ 2758.004500] R0: [NetworkManager][53041916182] [19:58:22.025848]  wlan: [1753:E :HDD] hdd_is_rcpi_applicable: 4950: mac addr is different from bssid connected
[ 2760.719654] healthd: battery l=100 v=4280 t=22.9 h=2 st=5 c=0 fc=2878000 cc=0 chg=a
[ 2764.004309] R0: [NetworkManager][53157112426] [19:58:28.025653]  wlan: [1753:E :HDD] hdd_is_rcpi_applicable: 4950: mac addr is different from bssid connected
[ 2765.922458] R0: [cds_mc_thread][53193941030] [19:58:29.943810]  wlan: [3382:I :WMI] send_set_arp_stats_req_cmd_tlv: 12397: set arp stats flag=1, vdev=0
[ 2765.937464] R0: [cds_mc_thread][53194229307] [19:58:29.958824]  wlan: [3382:I :WMI] send_set_arp_stats_req_cmd_tlv: 12397: set arp stats flag=0, vdev=0
[ 2766.697680] healthd: battery l=100 v=4280 t=22.9 h=2 st=5 c=0 fc=2878000 cc=0 chg=a
[ 2770.007865] R0: [NetworkManager][53272379414] [19:58:34.029143]  wlan: [1753:E :HDD] hdd_is_rcpi_applicable: 4950: mac addr is different from bssid connected
[ 2772.889003] healthd: battery l=100 v=4280 t=22.9 h=2 st=5 c=0 fc=2878000 cc=0 chg=a
[ 2776.007270] R0: [NetworkManager][53387569306] [19:58:40.028617]  wlan: [1753:E :HDD] hdd_is_rcpi_applicable: 4950: mac addr is different from bssid connected
[ 2779.718869] healthd: battery l=100 v=4279 t=22.9 h=2 st=5 c=0 fc=2878000 cc=0 chg=a
[ 2782.004973] R0: [NetworkManager][53502725232] [19:58:46.026322]  wlan: [1753:E :HDD] hdd_is_rcpi_applicable: 4950: mac addr is different from bssid connected
[ 2785.894914] healthd: battery l=100 v=4279 t=22.9 h=2 st=5 c=0 fc=2878000 cc=0 chg=a
[ 2788.004711] R0: [NetworkManager][53617920172] [19:58:52.026059]  wlan: [1753:E :HDD] hdd_is_rcpi_applicable: 4950: mac addr is different from bssid connected
[ 2792.678777] healthd: battery l=100 v=4279 t=22.9 h=2 st=5 c=0 fc=2878000 cc=0 chg=a
[ 2794.005376] R0: [NetworkManager][53733132994] [19:58:58.026727]  wlan: [1753:E :HDD] hdd_is_rcpi_applicable: 4950: mac addr is different from bssid connected
[ 2796.875451] healthd: battery l=100 v=4279 t=22.9 h=2 st=5 c=0 fc=2878000 cc=0 chg=a
[ 2798.691432] healthd: battery l=100 v=4279 t=22.9 h=2 st=5 c=0 fc=2878000 cc=0 chg=a
[ 2800.006842] R0: [NetworkManager][53848361116] [19:59:04.028192]  wlan: [1753:E :HDD] hdd_is_rcpi_applicable: 4950: mac addr is different from bssid connected
[ 2804.888218] healthd: battery l=100 v=4279 t=22.9 h=2 st=5 c=0 fc=2878000 cc=0 chg=a
[ 2806.001952] R0: [NetworkManager][53963465731] [19:59:10.023225]  wlan: [1753:E :HDD] hdd_is_rcpi_applicable: 4950: mac addr is different from bssid connected
[ 2811.655901] healthd: battery l=100 v=4279 t=22.9 h=2 st=5 c=0 fc=2878000 cc=0 chg=a
[ 2811.789109] R0: [cds_mc_thread][54074580716] [19:59:15.810465]  wlan: [3382:I :WMI] send_set_arp_stats_req_cmd_tlv: 12397: set arp stats flag=1, vdev=0
[ 2811.802423] R0: [cds_mc_thread][54074836517] [19:59:15.823787]  wlan: [3382:I :WMI] send_set_arp_stats_req_cmd_tlv: 12397: set arp stats flag=0, vdev=0
[ 2812.001933] R0: [NetworkManager][54078667052] [19:59:16.023295]  wlan: [1753:E :HDD] hdd_is_rcpi_applicable: 4950: mac addr is different from bssid connected
[ 2817.897083] healthd: battery l=100 v=4279 t=22.9 h=2 st=5 c=0 fc=2878000 cc=0 chg=a
[ 2818.007222] R0: [NetworkManager][54193968398] [19:59:22.028574]  wlan: [1753:E :HDD] hdd_is_rcpi_applicable: 4950: mac addr is different from bssid connected
[ 2824.003780] R0: [NetworkManager][54309102271] [19:59:28.025130]  wlan: [1753:E :HDD] hdd_is_rcpi_applicable: 4950: mac addr is different from bssid connected
[ 2824.723411] healthd: battery l=100 v=4279 t=22.9 h=2 st=5 c=0 fc=2878000 cc=0 chg=a
[ 2830.007446] R0: [NetworkManager][54424372685] [19:59:34.028798]  wlan: [1753:E :HDD] hdd_is_rcpi_applicable: 4950: mac addr is different from bssid connected
[ 2830.696749] healthd: battery l=100 v=4279 t=22.9 h=2 st=5 c=0 fc=2878000 cc=0 chg=a
[ 2834.996483] init: Received control message 'interface_start' for 'android.hardware.biometrics.fingerprint@2.1::IBiometricsFingerprint/default' from pid: 34 (/system/bin/hwservicemanager)
[ 2834.996666] init: Could not find service hosting interface android.hardware.biometrics.fingerprint@2.1::IBiometricsFingerprint/default
[ 2834.997278] init: Received control message 'interface_start' for 'android.hardware.biometrics.fingerprint@2.1::IBiometricsFingerprint/default' from pid: 34 (/system/bin/hwservicemanager)
[ 2834.997328] init: Could not find service hosting interface android.hardware.biometrics.fingerprint@2.1::IBiometricsFingerprint/default
[ 2836.004135] R0: [NetworkManager][54539509129] [19:59:40.025488]  wlan: [1753:E :HDD] hdd_is_rcpi_applicable: 4950: mac addr is different from bssid connected
[ 2836.879904] healthd: battery l=100 v=4279 t=22.9 h=2 st=5 c=0 fc=2878000 cc=0 chg=a
[ 2842.002475] R0: [NetworkManager][54654677230] [19:59:46.023828]  wlan: [1753:E :HDD] hdd_is_rcpi_applicable: 4950: mac addr is different from bssid connected
[ 2843.715795] healthd: battery l=100 v=4279 t=22.9 h=2 st=5 c=0 fc=2878000 cc=0 chg=a
[ 2848.003321] R0: [NetworkManager][54769893467] [19:59:52.024674]  wlan: [1753:E :HDD] hdd_is_rcpi_applicable: 4950: mac addr is different from bssid connected
[ 2849.889166] healthd: battery l=100 v=4279 t=22.9 h=2 st=5 c=0 fc=2878000 cc=0 chg=a
[ 2854.007774] R0: [NetworkManager][54885179016] [19:59:58.029130]  wlan: [1753:E :HDD] hdd_is_rcpi_applicable: 4950: mac addr is different from bssid connected
[ 2856.731250] healthd: battery l=100 v=4279 t=22.9 h=2 st=5 c=0 fc=2878000 cc=0 chg=a
[ 2856.874464] healthd: battery l=100 v=4279 t=22.9 h=2 st=5 c=0 fc=2878000 cc=0 chg=a
[ 2857.443842] R0: [cds_mc_thread][54951151659] [20:00:01.465206]  wlan: [3382:I :WMI] send_set_arp_stats_req_cmd_tlv: 12397: set arp stats flag=1, vdev=0
[ 2857.458402] R0: [cds_mc_thread][54951431329] [20:00:01.479772]  wlan: [3382:I :WMI] send_set_arp_stats_req_cmd_tlv: 12397: set arp stats flag=0, vdev=0
[ 2860.003651] R0: [NetworkManager][55000299901] [20:00:04.025010]  wlan: [1753:E :HDD] hdd_is_rcpi_applicable: 4950: mac addr is different from bssid connected
[ 2862.692210] healthd: battery l=100 v=4279 t=22.9 h=2 st=5 c=0 fc=2878000 cc=0 chg=a
[ 2866.001931] R0: [NetworkManager][55115466751] [20:00:10.023284]  wlan: [1753:E :HDD] hdd_is_rcpi_applicable: 4950: mac addr is different from bssid connected
[ 2868.877193] healthd: battery l=100 v=4279 t=22.9 h=2 st=5 c=0 fc=2878000 cc=0 chg=a
[ 2872.007961] R0: [NetworkManager][55230782492] [20:00:16.029313]  wlan: [1753:E :HDD] hdd_is_rcpi_applicable: 4950: mac addr is different from bssid connected
[ 2875.708508] healthd: battery l=100 v=4279 t=22.9 h=2 st=5 c=0 fc=2878000 cc=0 chg=a
[ 2878.005766] R0: [NetworkManager][55345940415] [20:00:22.027122]  wlan: [1753:E :HDD] hdd_is_rcpi_applicable: 4950: mac addr is different from bssid connected
[ 2881.894811] healthd: battery l=100 v=4279 t=22.9 h=2 st=5 c=0 fc=2878000 cc=0 chg=a
[ 2884.003582] R0: [NetworkManager][55461098505] [20:00:28.024940]  wlan: [1753:E :HDD] hdd_is_rcpi_applicable: 4950: mac addr is different from bssid connected
[ 2888.719637] healthd: battery l=100 v=4279 t=22.9 h=2 st=5 c=0 fc=2878000 cc=0 chg=a
[ 2890.002657] R0: [NetworkManager][55576280685] [20:00:34.024012]  wlan: [1753:E :HDD] hdd_is_rcpi_applicable: 4950: mac addr is different from bssid connected
[ 2894.694288] healthd: battery l=100 v=4279 t=22.9 h=2 st=5 c=0 fc=2878000 cc=0 chg=a
[ 2896.001944] R0: [NetworkManager][55691467189] [20:00:40.023310]  wlan: [1753:E :HDD] hdd_is_rcpi_applicable: 4950: mac addr is different from bssid connected
[ 2900.880267] healthd: battery l=100 v=4279 t=22.9 h=2 st=5 c=0 fc=2878000 cc=0 chg=a
[ 2902.002681] R0: [NetworkManager][55806681246] [20:00:46.024043]  wlan: [1753:E :HDD] hdd_is_rcpi_applicable: 4950: mac addr is different from bssid connected
[ 2903.308670] R0: [cds_mc_thread][55831756409] [20:00:47.330041]  wlan: [3382:I :WMI] send_set_arp_stats_req_cmd_tlv: 12397: set arp stats flag=1, vdev=0
[ 2903.323804] R0: [cds_mc_thread][55832047051] [20:00:47.345179]  wlan: [3382:I :WMI] send_set_arp_stats_req_cmd_tlv: 12397: set arp stats flag=0, vdev=0
[ 2907.711564] healthd: battery l=100 v=4279 t=22.9 h=2 st=5 c=0 fc=2878000 cc=0 chg=a
[ 2908.005727] R0: [NetworkManager][55921939727] [20:00:52.027089]  wlan: [1753:E :HDD] hdd_is_rcpi_applicable: 4950: mac addr is different from bssid connected
[ 2913.894835] healthd: battery l=100 v=4279 t=22.9 h=2 st=5 c=0 fc=2878000 cc=0 chg=a
[ 2914.005862] R0: [NetworkManager][56037142354] [20:00:58.027227]  wlan: [1753:E :HDD] hdd_is_rcpi_applicable: 4950: mac addr is different from bssid connected
[ 2916.874566] healthd: battery l=100 v=4279 t=22.9 h=2 st=5 c=0 fc=2878000 cc=0 chg=a
[ 2920.003119] R0: [NetworkManager][56152289576] [20:01:04.024478]  wlan: [1753:E :HDD] hdd_is_rcpi_applicable: 4950: mac addr is different from bssid connected
[ 2920.718667] healthd: battery l=100 v=4279 t=22.9 h=2 st=5 c=0 fc=2878000 cc=0 chg=a
[ 2926.008019] R0: [NetworkManager][56267583658] [20:01:10.029379]  wlan: [1753:E :HDD] hdd_is_rcpi_applicable: 4950: mac addr is different from bssid connected
[ 2926.698597] healthd: battery l=100 v=4279 t=22.9 h=2 st=5 c=0 fc=2878000 cc=0 chg=a
[ 2932.005414] R0: [NetworkManager][56382733779] [20:01:16.026782]  wlan: [1753:E :HDD] hdd_is_rcpi_applicable: 4950: mac addr is different from bssid connected
[ 2932.886789] healthd: battery l=100 v=4279 t=22.9 h=2 st=5 c=0 fc=2878000 cc=0 chg=a
[ 2935.754400] init: Received control message 'interface_start' for 'android.hardware.biometrics.fingerprint@2.1::IBiometricsFingerprint/default' from pid: 34 (/system/bin/hwservicemanager)
[ 2935.754573] init: Could not find service hosting interface android.hardware.biometrics.fingerprint@2.1::IBiometricsFingerprint/default
[ 2935.755052] init: Received control message 'interface_start' for 'android.hardware.biometrics.fingerprint@2.1::IBiometricsFingerprint/default' from pid: 34 (/system/bin/hwservicemanager)
[ 2935.755088] init: Could not find service hosting interface android.hardware.biometrics.fingerprint@2.1::IBiometricsFingerprint/default
[ 2938.003030] R0: [NetworkManager][56497887894] [20:01:22.024393]  wlan: [1753:E :HDD] hdd_is_rcpi_applicable: 4950: mac addr is different from bssid connected
[ 2939.717303] healthd: battery l=100 v=4279 t=22.9 h=2 st=5 c=0 fc=2878000 cc=0 chg=a
[ 2944.006702] R0: [NetworkManager][56613158556] [20:01:28.028074]  wlan: [1753:E :HDD] hdd_is_rcpi_applicable: 4950: mac addr is different from bssid connected
[ 2945.891815] healthd: battery l=100 v=4279 t=22.9 h=2 st=5 c=0 fc=2878000 cc=0 chg=a
[ 2949.175298] R0: [cds_mc_thread][56712395640] [20:01:33.196672]  wlan: [3382:I :WMI] send_set_arp_stats_req_cmd_tlv: 12397: set arp stats flag=1, vdev=0
[ 2949.190761] R0: [cds_mc_thread][56712691727] [20:01:33.212093]  wlan: [3382:I :WMI] send_set_arp_stats_req_cmd_tlv: 12397: set arp stats flag=0, vdev=0
[ 2950.003556] R0: [NetworkManager][56728298037] [20:01:34.024922]  wlan: [1753:E :HDD] hdd_is_rcpi_applicable: 4950: mac addr is different from bssid connected
[ 2952.726367] healthd: battery l=100 v=4279 t=22.9 h=2 st=5 c=0 fc=2878000 cc=0 chg=a
[ 2956.010481] R0: [NetworkManager][56843630998] [20:01:40.031848]  wlan: [1753:E :HDD] hdd_is_rcpi_applicable: 4950: mac addr is different from bssid connected
[ 2958.708966] healthd: battery l=100 v=4279 t=22.9 h=2 st=5 c=0 fc=2878000 cc=0 chg=a
[ 2962.002206] R0: [NetworkManager][56958672073] [20:01:46.023571]  wlan: [1753:E :HDD] hdd_is_rcpi_applicable: 4950: mac addr is different from bssid connected
[ 2964.883278] healthd: battery l=100 v=4279 t=22.9 h=2 st=5 c=0 fc=2878000 cc=0 chg=a
[ 2968.003348] R0: [NetworkManager][57073893993] [20:01:52.024713]  wlan: [1753:E :HDD] hdd_is_rcpi_applicable: 4950: mac addr is different from bssid connected
[ 2971.711896] healthd: battery l=100 v=4279 t=22.9 h=2 st=5 c=0 fc=2878000 cc=0 chg=a
[ 2974.004224] R0: [NetworkManager][57189110813] [20:01:58.025590]  wlan: [1753:E :HDD] hdd_is_rcpi_applicable: 4950: mac addr is different from bssid connected
[ 2976.876857] healthd: battery l=100 v=4279 t=22.8 h=2 st=5 c=0 fc=2878000 cc=0 chg=a
[ 2977.849697] healthd: battery l=100 v=4279 t=22.8 h=2 st=5 c=0 fc=2878000 cc=0 chg=a
[ 2980.006432] R0: [NetworkManager][57304353265] [20:02:04.027801]  wlan: [1753:E :HDD] hdd_is_rcpi_applicable: 4950: mac addr is different from bssid connected
[ 2984.726226] healthd: battery l=100 v=4279 t=22.8 h=2 st=5 c=0 fc=2878000 cc=0 chg=a
[ 2986.003903] R0: [NetworkManager][57419504628] [20:02:10.025269]  wlan: [1753:E :HDD] hdd_is_rcpi_applicable: 4950: mac addr is different from bssid connected
[ 2990.698339] healthd: battery l=100 v=4279 t=22.8 h=2 st=5 c=0 fc=2878000 cc=0 chg=a
[ 2992.002064] R0: [NetworkManager][57534669211] [20:02:16.023425]  wlan: [1753:E :HDD] hdd_is_rcpi_applicable: 4950: mac addr is different from bssid connected
[ 2994.828603] R0: [cds_mc_thread][57588937852] [20:02:18.849917]  wlan: [3382:I :WMI] send_set_arp_stats_req_cmd_tlv: 12397: set arp stats flag=1, vdev=0
[ 2994.842431] R0: [cds_mc_thread][57589202828] [20:02:18.863718]  wlan: [3382:I :WMI] send_set_arp_stats_req_cmd_tlv: 12397: set arp stats flag=0, vdev=0
[ 2996.891707] healthd: battery l=100 v=4279 t=22.8 h=2 st=5 c=0 fc=2878000 cc=0 chg=a
[ 2998.004639] R0: [NetworkManager][57649918909] [20:02:22.026014]  wlan: [1753:E :HDD] hdd_is_rcpi_applicable: 4950: mac addr is different from bssid connected
[ 3003.712151] healthd: battery l=100 v=4279 t=22.8 h=2 st=5 c=0 fc=2878000 cc=0 chg=a
[ 3004.003228] R0: [NetworkManager][57765091676] [20:02:28.024596]  wlan: [1753:E :HDD] hdd_is_rcpi_applicable: 4950: mac addr is different from bssid connected
[ 3009.897831] healthd: battery l=100 v=4279 t=22.8 h=2 st=5 c=0 fc=2878000 cc=0 chg=a
[ 3010.004320] R0: [NetworkManager][57880312808] [20:02:34.025697]  wlan: [1753:E :HDD] hdd_is_rcpi_applicable: 4950: mac addr is different from bssid connected
[ 3016.001946] R0: [NetworkManager][57995467055] [20:02:40.023315]  wlan: [1753:E :HDD] hdd_is_rcpi_applicable: 4950: mac addr is different from bssid connected
[ 3016.730570] healthd: battery l=100 v=4279 t=22.8 h=2 st=5 c=0 fc=2878000 cc=0 chg=a
[ 3022.007133] R0: [NetworkManager][58110766608] [20:02:46.028501]  wlan: [1753:E :HDD] hdd_is_rcpi_applicable: 4950: mac addr is different from bssid connected
[ 3022.697177] healthd: battery l=100 v=4279 t=22.8 h=2 st=5 c=0 fc=2878000 cc=0 chg=a
[ 3028.001321] R0: [NetworkManager][58225855134] [20:02:52.022695]  wlan: [1753:E :HDD] hdd_is_rcpi_applicable: 4950: mac addr is different from bssid connected
[ 3028.843286] healthd: battery l=100 v=4279 t=22.8 h=2 st=5 c=0 fc=2878000 cc=0 chg=a
[ 3034.007654] R0: [NetworkManager][58341176654] [20:02:58.029025]  wlan: [1753:E :HDD] hdd_is_rcpi_applicable: 4950: mac addr is different from bssid connected
[ 3034.858489] healthd: battery l=100 v=4279 t=22.8 h=2 st=5 c=0 fc=2878000 cc=0 chg=a
[ 3036.494387] init: Received control message 'interface_start' for 'android.hardware.biometrics.fingerprint@2.1::IBiometricsFingerprint/default' from pid: 34 (/system/bin/hwservicemanager)
[ 3036.494558] init: Could not find service hosting interface android.hardware.biometrics.fingerprint@2.1::IBiometricsFingerprint/default
[ 3036.494803] init: Received control message 'interface_start' for 'android.hardware.biometrics.fingerprint@2.1::IBiometricsFingerprint/default' from pid: 34 (/system/bin/hwservicemanager)
[ 3036.494831] init: Could not find service hosting interface android.hardware.biometrics.fingerprint@2.1::IBiometricsFingerprint/default
[ 3036.871366] healthd: battery l=100 v=4279 t=22.8 h=2 st=5 c=0 fc=2878000 cc=0 chg=a
[ 3040.007098] R0: [NetworkManager][58456366168] [20:03:04.028480]  wlan: [1753:E :HDD] hdd_is_rcpi_applicable: 4950: mac addr is different from bssid connected
[ 3041.896662] healthd: battery l=100 v=4279 t=22.8 h=2 st=5 c=0 fc=2878000 cc=0 chg=a
[ 3046.005614] R0: [NetworkManager][58571537496] [20:03:10.026987]  wlan: [1753:E :HDD] hdd_is_rcpi_applicable: 4950: mac addr is different from bssid connected
[ 3048.724141] healthd: battery l=100 v=4279 t=22.8 h=2 st=5 c=0 fc=2878000 cc=0 chg=a
[ 3052.004660] R0: [NetworkManager][58686719218] [20:03:16.026035]  wlan: [1753:E :HDD] hdd_is_rcpi_applicable: 4950: mac addr is different from bssid connected
[ 3054.690305] healthd: battery l=100 v=4279 t=22.8 h=2 st=5 c=0 fc=2878000 cc=0 chg=a
[ 3058.007010] R0: [NetworkManager][58801964357] [20:03:22.028387]  wlan: [1753:E :HDD] hdd_is_rcpi_applicable: 4950: mac addr is different from bssid connected
[ 3060.890562] healthd: battery l=100 v=4279 t=22.8 h=2 st=5 c=0 fc=2878000 cc=0 chg=a
[ 3064.005271] R0: [NetworkManager][58917130884] [20:03:28.026644]  wlan: [1753:E :HDD] hdd_is_rcpi_applicable: 4950: mac addr is different from bssid connected
[ 3067.714152] healthd: battery l=100 v=4279 t=22.8 h=2 st=5 c=0 fc=2878000 cc=0 chg=a
[ 3070.004346] R0: [NetworkManager][59032311239] [20:03:34.025622]  wlan: [1753:E :HDD] hdd_is_rcpi_applicable: 4950: mac addr is different from bssid connected
[ 3073.901825] healthd: battery l=100 v=4279 t=22.8 h=2 st=5 c=0 fc=2878000 cc=0 chg=a
[ 3076.001777] R0: [NetworkManager][59147463852] [20:03:40.023154]  wlan: [1753:E :HDD] hdd_is_rcpi_applicable: 4950: mac addr is different from bssid connected
[ 3080.717416] healthd: battery l=100 v=4279 t=22.8 h=2 st=5 c=0 fc=2878000 cc=0 chg=a
[ 3082.003042] R0: [NetworkManager][59262688133] [20:03:46.024419]  wlan: [1753:E :HDD] hdd_is_rcpi_applicable: 4950: mac addr is different from bssid connected
[ 3086.690911] healthd: battery l=100 v=4279 t=22.8 h=2 st=5 c=0 fc=2878000 cc=0 chg=a
[ 3088.005428] R0: [NetworkManager][59377933976] [20:03:52.026808]  wlan: [1753:E :HDD] hdd_is_rcpi_applicable: 4950: mac addr is different from bssid connected
[ 3092.881005] healthd: battery l=100 v=4279 t=22.8 h=2 st=5 c=0 fc=2878000 cc=0 chg=a
[ 3094.009383] R0: [NetworkManager][59493209866] [20:03:58.030761]  wlan: [1753:E :HDD] hdd_is_rcpi_applicable: 4950: mac addr is different from bssid connected
[ 3096.874437] healthd: battery l=100 v=4279 t=22.8 h=2 st=5 c=0 fc=2878000 cc=0 chg=a
[ 3099.711151] healthd: battery l=100 v=4279 t=22.8 h=2 st=5 c=0 fc=2878000 cc=0 chg=a
[ 3100.004161] R0: [NetworkManager][59608309669] [20:04:04.025543]  wlan: [1753:E :HDD] hdd_is_rcpi_applicable: 4950: mac addr is different from bssid connected
[ 3105.900965] healthd: battery l=100 v=4279 t=22.8 h=2 st=5 c=0 fc=2878000 cc=0 chg=a
[ 3106.003580] R0: [NetworkManager][59723498568] [20:04:10.024965]  wlan: [1753:E :HDD] hdd_is_rcpi_applicable: 4950: mac addr is different from bssid connected
[ 3107.042161] R0: [cds_mc_thread][59743439401] [20:04:11.063551]  wlan: [3382:I :WMI] send_set_arp_stats_req_cmd_tlv: 12397: set arp stats flag=1, vdev=0
[ 3107.057481] R0: [cds_mc_thread][59743733603] [20:04:11.078873]  wlan: [3382:I :WMI] send_set_arp_stats_req_cmd_tlv: 12397: set arp stats flag=0, vdev=0
[ 3112.006969] R0: [NetworkManager][59838763532] [20:04:16.028349]  wlan: [1753:E :HDD] hdd_is_rcpi_applicable: 4950: mac addr is different from bssid connected
[ 3112.724059] healthd: battery l=100 v=4279 t=22.8 h=2 st=5 c=0 fc=2878000 cc=0 chg=a
[ 3118.001497] R0: [NetworkManager][59953858624] [20:04:22.022886]  wlan: [1753:E :HDD] hdd_is_rcpi_applicable: 4950: mac addr is different from bssid connected
[ 3118.703126] healthd: battery l=100 v=4279 t=22.8 h=2 st=5 c=0 fc=2878000 cc=0 chg=a
[ 3124.004135] R0: [NetworkManager][60069109023] [20:04:28.025512]  wlan: [1753:E :HDD] hdd_is_rcpi_applicable: 4950: mac addr is different from bssid connected
[ 3124.885105] healthd: battery l=100 v=4279 t=22.8 h=2 st=5 c=0 fc=2878000 cc=0 chg=a
[ 3130.002464] R0: [NetworkManager][60184277018] [20:04:34.023845]  wlan: [1753:E :HDD] hdd_is_rcpi_applicable: 4950: mac addr is different from bssid connected
[ 3131.704293] healthd: battery l=100 v=4279 t=22.8 h=2 st=5 c=0 fc=2878000 cc=0 chg=a
[ 3136.008178] R0: [NetworkManager][60299586640] [20:04:40.029555]  wlan: [1753:E :HDD] hdd_is_rcpi_applicable: 4950: mac addr is different from bssid connected
[ 3137.258787] init: Received control message 'interface_start' for 'android.hardware.biometrics.fingerprint@2.1::IBiometricsFingerprint/default' from pid: 34 (/system/bin/hwservicemanager)
[ 3137.258961] init: Could not find service hosting interface android.hardware.biometrics.fingerprint@2.1::IBiometricsFingerprint/default
[ 3137.259662] init: Received control message 'interface_start' for 'android.hardware.biometrics.fingerprint@2.1::IBiometricsFingerprint/default' from pid: 34 (/system/bin/hwservicemanager)
[ 3137.259700] init: Could not find service hosting interface android.hardware.biometrics.fingerprint@2.1::IBiometricsFingerprint/default
[ 3137.893633] healthd: battery l=100 v=4279 t=22.8 h=2 st=5 c=0 fc=2878000 cc=0 chg=a
[ 3142.006602] R0: [NetworkManager][60414756449] [20:04:46.027984]  wlan: [1753:E :HDD] hdd_is_rcpi_applicable: 4950: mac addr is different from bssid connected
[ 3144.722940] healthd: battery l=100 v=4279 t=22.8 h=2 st=5 c=0 fc=2878000 cc=0 chg=a
[ 3148.004693] R0: [NetworkManager][60529919851] [20:04:52.026078]  wlan: [1753:E :HDD] hdd_is_rcpi_applicable: 4950: mac addr is different from bssid connected
[ 3150.703643] healthd: battery l=100 v=4279 t=22.8 h=2 st=5 c=0 fc=2878000 cc=0 chg=a
[ 3152.695649] R0: [cds_mc_thread][60619984618] [20:04:56.716952]  wlan: [3382:I :WMI] send_set_arp_stats_req_cmd_tlv: 12397: set arp stats flag=1, vdev=0
[ 3152.708630] R0: [cds_mc_thread][60620234589] [20:04:56.729971]  wlan: [3382:I :WMI] send_set_arp_stats_req_cmd_tlv: 12397: set arp stats flag=0, vdev=0
[ 3154.002501] R0: [NetworkManager][60645077730] [20:04:58.023885]  wlan: [1753:E :HDD] hdd_is_rcpi_applicable: 4950: mac addr is different from bssid connected
[ 3156.881416] healthd: battery l=100 v=4279 t=22.8 h=2 st=5 c=0 fc=2878000 cc=0 chg=a
[ 3156.903441] healthd: battery l=100 v=4279 t=22.8 h=2 st=5 c=0 fc=2878000 cc=0 chg=a
[ 3160.001239] R0: [NetworkManager][60760253541] [20:05:04.022626]  wlan: [1753:E :HDD] hdd_is_rcpi_applicable: 4950: mac addr is different from bssid connected
[ 3163.710223] healthd: battery l=100 v=4279 t=22.8 h=2 st=5 c=0 fc=2878000 cc=0 chg=a
[ 3166.002640] R0: [NetworkManager][60875480405] [20:05:10.024025]  wlan: [1753:E :HDD] hdd_is_rcpi_applicable: 4950: mac addr is different from bssid connected
[ 3169.897271] healthd: battery l=100 v=4279 t=22.8 h=2 st=5 c=0 fc=2878000 cc=0 chg=a
[ 3172.007905] R0: [NetworkManager][60990781522] [20:05:16.029292]  wlan: [1753:E :HDD] hdd_is_rcpi_applicable: 4950: mac addr is different from bssid connected
[ 3176.723183] healthd: battery l=100 v=4279 t=22.8 h=2 st=5 c=0 fc=2878000 cc=0 chg=a
[ 3178.003723] R0: [NetworkManager][61105901185] [20:05:22.025109]  wlan: [1753:E :HDD] hdd_is_rcpi_applicable: 4950: mac addr is different from bssid connected
[ 3182.699335] healthd: battery l=100 v=4279 t=22.8 h=2 st=5 c=0 fc=2878000 cc=0 chg=a
[ 3184.001889] R0: [NetworkManager][61221065939] [20:05:28.023274]  wlan: [1753:E :HDD] hdd_is_rcpi_applicable: 4950: mac addr is different from bssid connected
[ 3188.880184] healthd: battery l=100 v=4279 t=22.8 h=2 st=5 c=0 fc=2878000 cc=0 chg=a
[ 3190.007360] R0: [NetworkManager][61336369236] [20:05:34.028654]  wlan: [1753:E :HDD] hdd_is_rcpi_applicable: 4950: mac addr is different from bssid connected
[ 3195.716713] healthd: battery l=100 v=4279 t=22.8 h=2 st=5 c=0 fc=2878000 cc=0 chg=a
[ 3196.004589] R0: [NetworkManager][61451517822] [20:05:40.025977]  wlan: [1753:E :HDD] hdd_is_rcpi_applicable: 4950: mac addr is different from bssid connected
[ 3198.562215] R0: [cds_mc_thread][61500624336] [20:05:42.583608]  wlan: [3382:I :WMI] send_set_arp_stats_req_cmd_tlv: 12397: set arp stats flag=1, vdev=0
[ 3198.575719] R0: [cds_mc_thread][61500883801] [20:05:42.597122]  wlan: [3382:I :WMI] send_set_arp_stats_req_cmd_tlv: 12397: set arp stats flag=0, vdev=0
[ 3201.894482] healthd: battery l=100 v=4278 t=22.8 h=2 st=5 c=0 fc=2878000 cc=0 chg=a
[ 3202.005193] R0: [NetworkManager][61566729535] [20:05:46.026588]  wlan: [1753:E :HDD] hdd_is_rcpi_applicable: 4950: mac addr is different from bssid connected
[ 3208.001149] R0: [NetworkManager][61681850176] [20:05:52.022455]  wlan: [1753:E :HDD] hdd_is_rcpi_applicable: 4950: mac addr is different from bssid connected
[ 3208.719658] healthd: battery l=100 v=4278 t=22.8 h=2 st=5 c=0 fc=2878000 cc=0 chg=a
[ 3214.000466] R0: [NetworkManager][61797038799] [20:05:58.021863]  wlan: [1753:E :HDD] hdd_is_rcpi_applicable: 4950: mac addr is different from bssid connected
[ 3214.697161] healthd: battery l=100 v=4278 t=22.8 h=2 st=5 c=0 fc=2878000 cc=0 chg=a
[ 3216.872178] healthd: battery l=100 v=4279 t=22.8 h=2 st=5 c=0 fc=2878000 cc=0 chg=a
[ 3220.007589] R0: [NetworkManager][61912375418] [20:06:04.028979]  wlan: [1753:E :HDD] hdd_is_rcpi_applicable: 4950: mac addr is different from bssid connected
[ 3220.878469] healthd: battery l=100 v=4279 t=22.8 h=2 st=5 c=0 fc=2878000 cc=0 chg=a
[ 3226.003724] R0: [NetworkManager][62027501247] [20:06:10.025117]  wlan: [1753:E :HDD] hdd_is_rcpi_applicable: 4950: mac addr is different from bssid connected
[ 3227.711510] healthd: battery l=100 v=4279 t=22.8 h=2 st=5 c=0 fc=2878000 cc=0 chg=a
[ 3232.007847] R0: [NetworkManager][62142780361] [20:06:16.029238]  wlan: [1753:E :HDD] hdd_is_rcpi_applicable: 4950: mac addr is different from bssid connected
[ 3233.897624] healthd: battery l=100 v=4279 t=22.8 h=2 st=5 c=0 fc=2878000 cc=0 chg=a
[ 3238.001546] init: Received control message 'interface_start' for 'android.hardware.biometrics.fingerprint@2.1::IBiometricsFingerprint/default' from pid: 34 (/system/bin/hwservicemanager)
[ 3238.001722] init: Could not find service hosting interface android.hardware.biometrics.fingerprint@2.1::IBiometricsFingerprint/default
[ 3238.002005] init: Received control message 'interface_start' for 'android.hardware.biometrics.fingerprint@2.1::IBiometricsFingerprint/default' from pid: 34 (/system/bin/hwservicemanager)
[ 3238.002040] init: Could not find service hosting interface android.hardware.biometrics.fingerprint@2.1::IBiometricsFingerprint/default
[ 3238.005373] R0: [NetworkManager][62257933177] [20:06:22.026781]  wlan: [1753:E :HDD] hdd_is_rcpi_applicable: 4950: mac addr is different from bssid connected
[ 3240.727732] healthd: battery l=100 v=4279 t=22.8 h=2 st=5 c=0 fc=2878000 cc=0 chg=a
[ 3244.004176] R0: [NetworkManager][62373108509] [20:06:28.025497]  wlan: [1753:E :HDD] hdd_is_rcpi_applicable: 4950: mac addr is different from bssid connected
[ 3244.216446] R0: [cds_mc_thread][62377185598] [20:06:28.237845]  wlan: [3382:I :WMI] send_set_arp_stats_req_cmd_tlv: 12397: set arp stats flag=1, vdev=0
[ 3244.236690] R0: [cds_mc_thread][62377574413] [20:06:28.258096]  wlan: [3382:I :WMI] send_set_arp_stats_req_cmd_tlv: 12397: set arp stats flag=0, vdev=0
[ 3246.697120] healthd: battery l=100 v=4279 t=22.8 h=2 st=5 c=0 fc=2878000 cc=0 chg=a
[ 3250.003880] R0: [NetworkManager][62488304196] [20:06:34.025273]  wlan: [1753:E :HDD] hdd_is_rcpi_applicable: 4950: mac addr is different from bssid connected
[ 3252.880557] healthd: battery l=100 v=4279 t=22.8 h=2 st=5 c=0 fc=2878000 cc=0 chg=a
[ 3256.003498] R0: [NetworkManager][62603497012] [20:06:40.024899]  wlan: [1753:E :HDD] hdd_is_rcpi_applicable: 4950: mac addr is different from bssid connected
[ 3259.707219] healthd: battery l=100 v=4279 t=22.8 h=2 st=5 c=0 fc=2878000 cc=0 chg=a
[ 3262.004573] R0: [NetworkManager][62718717564] [20:06:46.025970]  wlan: [1753:E :HDD] hdd_is_rcpi_applicable: 4950: mac addr is different from bssid connected
[ 3265.898295] healthd: battery l=100 v=4279 t=22.8 h=2 st=5 c=0 fc=2878000 cc=0 chg=a
[ 3268.007562] R0: [NetworkManager][62833974884] [20:06:52.028956]  wlan: [1753:E :HDD] hdd_is_rcpi_applicable: 4950: mac addr is different from bssid connected
[ 3272.715654] healthd: battery l=100 v=4279 t=22.8 h=2 st=5 c=0 fc=2878000 cc=0 chg=a
[ 3274.005702] R0: [NetworkManager][62949139167] [20:06:58.027097]  wlan: [1753:E :HDD] hdd_is_rcpi_applicable: 4950: mac addr is different from bssid connected
[ 3276.877184] healthd: battery l=100 v=4279 t=22.8 h=2 st=5 c=0 fc=2878000 cc=0 chg=a
[ 3278.710909] healthd: battery l=100 v=4279 t=22.8 h=2 st=5 c=0 fc=2878000 cc=0 chg=a
[ 3280.003276] R0: [NetworkManager][63064292626] [20:07:04.024673]  wlan: [1753:E :HDD] hdd_is_rcpi_applicable: 4950: mac addr is different from bssid connected
[ 3284.883089] healthd: battery l=100 v=4279 t=22.8 h=2 st=5 c=0 fc=2878000 cc=0 chg=a
[ 3286.001929] R0: [NetworkManager][63179466772] [20:07:10.023327]  wlan: [1753:E :HDD] hdd_is_rcpi_applicable: 4950: mac addr is different from bssid connected
[ 3290.081821] R0: [cds_mc_thread][63257800820] [20:07:14.103226]  wlan: [3382:I :WMI] send_set_arp_stats_req_cmd_tlv: 12397: set arp stats flag=1, vdev=0
[ 3290.097517] R0: [cds_mc_thread][63258102297] [20:07:14.118928]  wlan: [3382:I :WMI] send_set_arp_stats_req_cmd_tlv: 12397: set arp stats flag=0, vdev=0
[ 3291.717935] healthd: battery l=100 v=4279 t=22.8 h=2 st=5 c=0 fc=2878000 cc=0 chg=a
[ 3292.001051] R0: [NetworkManager][63294649951] [20:07:16.022452]  wlan: [1753:E :HDD] hdd_is_rcpi_applicable: 4950: mac addr is different from bssid connected
[ 3297.895259] healthd: battery l=100 v=4279 t=22.8 h=2 st=5 c=0 fc=2878000 cc=0 chg=a
[ 3298.006879] R0: [NetworkManager][63409961859] [20:07:22.028281]  wlan: [1753:E :HDD] hdd_is_rcpi_applicable: 4950: mac addr is different from bssid connected
[ 3304.007716] R0: [NetworkManager][63525177844] [20:07:28.029114]  wlan: [1753:E :HDD] hdd_is_rcpi_applicable: 4950: mac addr is different from bssid connected
[ 3304.719177] healthd: battery l=100 v=4278 t=22.8 h=2 st=5 c=0 fc=2878000 cc=0 chg=a
[ 3310.002262] R0: [NetworkManager][63640273115] [20:07:34.023660]  wlan: [1753:E :HDD] hdd_is_rcpi_applicable: 4950: mac addr is different from bssid connected
[ 3310.709341] healthd: battery l=100 v=4278 t=22.8 h=2 st=5 c=0 fc=2878000 cc=0 chg=a
[ 3316.004151] R0: [NetworkManager][63755509333] [20:07:40.025547]  wlan: [1753:E :HDD] hdd_is_rcpi_applicable: 4950: mac addr is different from bssid connected
[ 3316.883538] healthd: battery l=100 v=4278 t=22.8 h=2 st=5 c=0 fc=2878000 cc=0 chg=a
[ 3322.004029] R0: [NetworkManager][63870707071] [20:07:46.025430]  wlan: [1753:E :HDD] hdd_is_rcpi_applicable: 4950: mac addr is different from bssid connected
[ 3323.714180] healthd: battery l=100 v=4278 t=22.8 h=2 st=5 c=0 fc=2878000 cc=0 chg=a
[ 3328.007109] R0: [NetworkManager][63985966175] [20:07:52.028509]  wlan: [1753:E :HDD] hdd_is_rcpi_applicable: 4950: mac addr is different from bssid connected
[ 3329.896963] healthd: battery l=100 v=4278 t=22.8 h=2 st=5 c=0 fc=2878000 cc=0 chg=a
[ 3334.006998] R0: [NetworkManager][64101164024] [20:07:58.028397]  wlan: [1753:E :HDD] hdd_is_rcpi_applicable: 4950: mac addr is different from bssid connected
[ 3335.948773] R0: [cds_mc_thread][64138446346] [20:07:59.970185]  wlan: [3382:I :WMI] send_set_arp_stats_req_cmd_tlv: 12397: set arp stats flag=1, vdev=0
[ 3335.965530] R0: [cds_mc_thread][64138767144] [20:07:59.986893]  wlan: [3382:I :WMI] send_set_arp_stats_req_cmd_tlv: 12397: set arp stats flag=0, vdev=0
[ 3336.734952] healthd: battery l=100 v=4278 t=22.8 h=2 st=5 c=0 fc=2878000 cc=0 chg=a
[ 3336.876690] healthd: battery l=100 v=4278 t=22.8 h=2 st=5 c=0 fc=2878000 cc=0 chg=a
[ 3338.492299] init: Received control message 'interface_start' for 'android.hardware.biometrics.fingerprint@2.1::IBiometricsFingerprint/default' from pid: 34 (/system/bin/hwservicemanager)
[ 3338.492401] init: Could not find service hosting interface android.hardware.biometrics.fingerprint@2.1::IBiometricsFingerprint/default
[ 3338.492976] init: Received control message 'interface_start' for 'android.hardware.biometrics.fingerprint@2.1::IBiometricsFingerprint/default' from pid: 34 (/system/bin/hwservicemanager)
[ 3338.493008] init: Could not find service hosting interface android.hardware.biometrics.fingerprint@2.1::IBiometricsFingerprint/default
[ 3340.001480] R0: [NetworkManager][64216258104] [20:08:04.022881]  wlan: [1753:E :HDD] hdd_is_rcpi_applicable: 4950: mac addr is different from bssid connected
[ 3342.689140] healthd: battery l=100 v=4278 t=22.8 h=2 st=5 c=0 fc=2878000 cc=0 chg=a
[ 3346.006679] R0: [NetworkManager][64331558086] [20:08:10.028089]  wlan: [1753:E :HDD] hdd_is_rcpi_applicable: 4950: mac addr is different from bssid connected
[ 3348.884222] healthd: battery l=100 v=4278 t=22.8 h=2 st=5 c=0 fc=2878000 cc=0 chg=a
[ 3352.001925] R0: [NetworkManager][64446666625] [20:08:16.023326]  wlan: [1753:E :HDD] hdd_is_rcpi_applicable: 4950: mac addr is different from bssid connected
[ 3355.705240] healthd: battery l=100 v=4278 t=22.8 h=2 st=5 c=0 fc=2878000 cc=0 chg=a
[ 3358.005626] R0: [NetworkManager][64561937699] [20:08:22.027028]  wlan: [1753:E :HDD] hdd_is_rcpi_applicable: 4950: mac addr is different from bssid connected
[ 3361.897652] healthd: battery l=100 v=4278 t=22.8 h=2 st=5 c=0 fc=2878000 cc=0 chg=a
[ 3364.004887] R0: [NetworkManager][64677123533] [20:08:28.026291]  wlan: [1753:E :HDD] hdd_is_rcpi_applicable: 4950: mac addr is different from bssid connected
[ 3368.727622] healthd: battery l=100 v=4278 t=22.8 h=2 st=5 c=0 fc=2878000 cc=0 chg=a
[ 3370.005273] R0: [NetworkManager][64792330867] [20:08:34.026674]  wlan: [1753:E :HDD] hdd_is_rcpi_applicable: 4950: mac addr is different from bssid connected
[ 3374.704866] healthd: battery l=100 v=4278 t=22.8 h=2 st=5 c=0 fc=2878000 cc=0 chg=a
[ 3376.003822] R0: [NetworkManager][64907503160] [20:08:40.025231]  wlan: [1753:E :HDD] hdd_is_rcpi_applicable: 4950: mac addr is different from bssid connected
[ 3380.880771] healthd: battery l=100 v=4278 t=22.8 h=2 st=5 c=0 fc=2878000 cc=0 chg=a
[ 3381.602397] R0: [cds_mc_thread][65014995847] [20:08:45.623809]  wlan: [3382:I :WMI] send_set_arp_stats_req_cmd_tlv: 12397: set arp stats flag=1, vdev=0
[ 3381.615740] R0: [cds_mc_thread][65015252179] [20:08:45.637160]  wlan: [3382:I :WMI] send_set_arp_stats_req_cmd_tlv: 12397: set arp stats flag=0, vdev=0
[ 3382.001697] R0: [NetworkManager][65022662393] [20:08:46.023109]  wlan: [1753:E :HDD] hdd_is_rcpi_applicable: 4950: mac addr is different from bssid connected
[ 3387.705823] healthd: battery l=100 v=4278 t=22.8 h=2 st=5 c=0 fc=2878000 cc=0 chg=a
[ 3388.007085] R0: [NetworkManager][65137965726] [20:08:52.028491]  wlan: [1753:E :HDD] hdd_is_rcpi_applicable: 4950: mac addr is different from bssid connected
[ 3393.898294] healthd: battery l=100 v=4278 t=22.8 h=2 st=5 c=0 fc=2878000 cc=0 chg=a
[ 3394.004728] R0: [NetworkManager][65253120508] [20:08:58.026137]  wlan: [1753:E :HDD] hdd_is_rcpi_applicable: 4950: mac addr is different from bssid connected
[ 3396.879263] healthd: battery l=100 v=4278 t=22.8 h=2 st=5 c=0 fc=2878000 cc=0 chg=a
[ 3400.006511] R0: [NetworkManager][65368354712] [20:09:04.027919]  wlan: [1753:E :HDD] hdd_is_rcpi_applicable: 4950: mac addr is different from bssid connected
[ 3400.733814] healthd: battery l=100 v=4278 t=22.8 h=2 st=5 c=0 fc=2878000 cc=0 chg=a
[ 3406.002315] R0: [NetworkManager][65483474172] [20:09:10.023725]  wlan: [1753:E :HDD] hdd_is_rcpi_applicable: 4950: mac addr is different from bssid connected
[ 3406.709993] healthd: battery l=100 v=4278 t=22.8 h=2 st=5 c=0 fc=2878000 cc=0 chg=a
[ 3412.002124] R0: [NetworkManager][65598670476] [20:09:16.023533]  wlan: [1753:E :HDD] hdd_is_rcpi_applicable: 4950: mac addr is different from bssid connected
[ 3412.884475] healthd: battery l=100 v=4278 t=22.8 h=2 st=5 c=0 fc=2878000 cc=0 chg=a
[ 3418.004632] R0: [NetworkManager][65713918670] [20:09:22.026043]  wlan: [1753:E :HDD] hdd_is_rcpi_applicable: 4950: mac addr is different from bssid connected
[ 3419.705590] healthd: battery l=100 v=4278 t=22.8 h=2 st=5 c=0 fc=2878000 cc=0 chg=a
[ 3424.002407] R0: [NetworkManager][65829075887] [20:09:28.023816]  wlan: [1753:E :HDD] hdd_is_rcpi_applicable: 4950: mac addr is different from bssid connected
[ 3425.895116] healthd: battery l=100 v=4278 t=22.8 h=2 st=5 c=0 fc=2878000 cc=0 chg=a
[ 3427.469649] R0: [cds_mc_thread][65895647042] [20:09:31.491064]  wlan: [3382:I :WMI] send_set_arp_stats_req_cmd_tlv: 12397: set arp stats flag=1, vdev=0
[ 3427.485944] R0: [cds_mc_thread][65895960110] [20:09:31.507369]  wlan: [3382:I :WMI] send_set_arp_stats_req_cmd_tlv: 12397: set arp stats flag=0, vdev=0
[ 3430.003234] R0: [NetworkManager][65944291788] [20:09:34.024644]  wlan: [1753:E :HDD] hdd_is_rcpi_applicable: 4950: mac addr is different from bssid connected
[ 3432.725440] healthd: battery l=100 v=4278 t=22.8 h=2 st=5 c=0 fc=2878000 cc=0 chg=a
[ 3436.007416] R0: [NetworkManager][66059572067] [20:09:40.028826]  wlan: [1753:E :HDD] hdd_is_rcpi_applicable: 4950: mac addr is different from bssid connected
[ 3438.698223] healthd: battery l=100 v=4278 t=22.8 h=2 st=5 c=0 fc=2878000 cc=0 chg=a
[ 3439.244777] init: Received control message 'interface_start' for 'android.hardware.biometrics.fingerprint@2.1::IBiometricsFingerprint/default' from pid: 34 (/system/bin/hwservicemanager)
[ 3439.244949] init: Could not find service hosting interface android.hardware.biometrics.fingerprint@2.1::IBiometricsFingerprint/default
[ 3439.245917] init: Received control message 'interface_start' for 'android.hardware.biometrics.fingerprint@2.1::IBiometricsFingerprint/default' from pid: 34 (/system/bin/hwservicemanager)
[ 3439.245955] init: Could not find service hosting interface android.hardware.biometrics.fingerprint@2.1::IBiometricsFingerprint/default
[ 3442.004450] R0: [NetworkManager][66174715174] [20:09:46.025864]  wlan: [1753:E :HDD] hdd_is_rcpi_applicable: 4950: mac addr is different from bssid connected
[ 3444.891088] healthd: battery l=100 v=4278 t=22.8 h=2 st=5 c=0 fc=2878000 cc=0 chg=a
[ 3448.003692] R0: [NetworkManager][66289900600] [20:09:52.025105]  wlan: [1753:E :HDD] hdd_is_rcpi_applicable: 4950: mac addr is different from bssid connected
[ 3451.712377] healthd: battery l=100 v=4278 t=22.8 h=2 st=5 c=0 fc=2878000 cc=0 chg=a
[ 3454.001370] R0: [NetworkManager][66405055927] [20:09:58.022779]  wlan: [1753:E :HDD] hdd_is_rcpi_applicable: 4950: mac addr is different from bssid connected
[ 3456.873606] healthd: battery l=100 v=4278 t=22.8 h=2 st=5 c=0 fc=2878000 cc=0 chg=a
[ 3457.900254] healthd: battery l=100 v=4278 t=22.8 h=2 st=5 c=0 fc=2878000 cc=0 chg=a
[ 3460.007646] R0: [NetworkManager][66520376551] [20:10:04.029062]  wlan: [1753:E :HDD] hdd_is_rcpi_applicable: 4950: mac addr is different from bssid connected
[ 3464.664163] healthd: battery l=100 v=4278 t=22.8 h=2 st=5 c=0 fc=2878000 cc=0 chg=a
[ 3466.003652] R0: [NetworkManager][66635499859] [20:10:10.025068]  wlan: [1753:E :HDD] hdd_is_rcpi_applicable: 4950: mac addr is different from bssid connected
[ 3470.704201] healthd: battery l=100 v=4278 t=22.8 h=2 st=5 c=0 fc=2878000 cc=0 chg=a
[ 3472.001022] R0: [NetworkManager][66750649383] [20:10:16.022440]  wlan: [1753:E :HDD] hdd_is_rcpi_applicable: 4950: mac addr is different from bssid connected
[ 3473.121990] R0: [cds_mc_thread][66772172080] [20:10:17.143414]  wlan: [3382:I :WMI] send_set_arp_stats_req_cmd_tlv: 12397: set arp stats flag=1, vdev=0
[ 3473.137779] R0: [cds_mc_thread][66772475310] [20:10:17.159207]  wlan: [3382:I :WMI] send_set_arp_stats_req_cmd_tlv: 12397: set arp stats flag=0, vdev=0
[ 3476.885526] healthd: battery l=100 v=4278 t=22.8 h=2 st=5 c=0 fc=2878000 cc=0 chg=a
[ 3478.003283] R0: [NetworkManager][66865892776] [20:10:22.024701]  wlan: [1753:E :HDD] hdd_is_rcpi_applicable: 4950: mac addr is different from bssid connected
[ 3483.657278] healthd: battery l=100 v=4278 t=22.8 h=2 st=5 c=0 fc=2878000 cc=0 chg=a
[ 3484.004235] R0: [NetworkManager][66981111001] [20:10:28.025650]  wlan: [1753:E :HDD] hdd_is_rcpi_applicable: 4950: mac addr is different from bssid connected
[ 3489.898200] healthd: battery l=100 v=4278 t=22.8 h=2 st=5 c=0 fc=2878000 cc=0 chg=a
[ 3490.008784] R0: [NetworkManager][67096398523] [20:10:34.030209]  wlan: [1753:E :HDD] hdd_is_rcpi_applicable: 4950: mac addr is different from bssid connected
[ 3496.002813] R0: [NetworkManager][67211481258] [20:10:40.024103]  wlan: [1753:E :HDD] hdd_is_rcpi_applicable: 4950: mac addr is different from bssid connected
[ 3496.731754] healthd: battery l=100 v=4278 t=22.8 h=2 st=5 c=0 fc=2878000 cc=0 chg=a
[ 3502.001633] R0: [NetworkManager][67326661203] [20:10:46.023059]  wlan: [1753:E :HDD] hdd_is_rcpi_applicable: 4950: mac addr is different from bssid connected
[ 3502.693332] healthd: battery l=100 v=4278 t=22.8 h=2 st=5 c=0 fc=2878000 cc=0 chg=a
[ 3508.003927] R0: [NetworkManager][67441905038] [20:10:52.025342]  wlan: [1753:E :HDD] hdd_is_rcpi_applicable: 4950: mac addr is different from bssid connected
[ 3508.882344] healthd: battery l=100 v=4278 t=22.8 h=2 st=5 c=0 fc=2878000 cc=0 chg=a
[ 3514.004479] R0: [NetworkManager][67557115779] [20:10:58.025902]  wlan: [1753:E :HDD] hdd_is_rcpi_applicable: 4950: mac addr is different from bssid connected
[ 3515.709968] healthd: battery l=100 v=4278 t=22.8 h=2 st=5 c=0 fc=2878000 cc=0 chg=a
[ 3516.874667] healthd: battery l=100 v=4278 t=22.8 h=2 st=5 c=0 fc=2878000 cc=0 chg=a
[ 3518.988905] R0: [cds_mc_thread][67652816792] [20:11:03.010331]  wlan: [3382:I :WMI] send_set_arp_stats_req_cmd_tlv: 12397: set arp stats flag=1, vdev=0
[ 3519.001978] R0: [cds_mc_thread][67653066991] [20:11:03.023362]  wlan: [3382:I :WMI] send_set_arp_stats_req_cmd_tlv: 12397: set arp stats flag=0, vdev=0
[ 3520.001760] R0: [NetworkManager][67672263560] [20:11:04.023183]  wlan: [1753:E :HDD] hdd_is_rcpi_applicable: 4950: mac addr is different from bssid connected
[ 3521.909866] healthd: battery l=100 v=4278 t=22.8 h=2 st=5 c=0 fc=2878000 cc=0 chg=a
[ 3526.004708] R0: [NetworkManager][67787520100] [20:11:10.026129]  wlan: [1753:E :HDD] hdd_is_rcpi_applicable: 4950: mac addr is different from bssid connected
[ 3528.719641] healthd: battery l=100 v=4278 t=22.8 h=2 st=5 c=0 fc=2878000 cc=0 chg=a
[ 3532.007364] R0: [NetworkManager][67902771005] [20:11:16.028780]  wlan: [1753:E :HDD] hdd_is_rcpi_applicable: 4950: mac addr is different from bssid connected
[ 3534.644829] healthd: battery l=100 v=4278 t=22.8 h=2 st=5 c=0 fc=2878000 cc=0 chg=a
[ 3538.004254] R0: [NetworkManager][68017911401] [20:11:22.025677]  wlan: [1753:E :HDD] hdd_is_rcpi_applicable: 4950: mac addr is different from bssid connected
[ 3539.759028] init: Received control message 'interface_start' for 'android.hardware.biometrics.fingerprint@2.1::IBiometricsFingerprint/default' from pid: 34 (/system/bin/hwservicemanager)
[ 3539.759237] init: Could not find service hosting interface android.hardware.biometrics.fingerprint@2.1::IBiometricsFingerprint/default
[ 3539.759696] init: Received control message 'interface_start' for 'android.hardware.biometrics.fingerprint@2.1::IBiometricsFingerprint/default' from pid: 34 (/system/bin/hwservicemanager)
[ 3539.759730] init: Could not find service hosting interface android.hardware.biometrics.fingerprint@2.1::IBiometricsFingerprint/default
[ 3540.880941] healthd: battery l=100 v=4278 t=22.8 h=2 st=5 c=0 fc=2878000 cc=0 chg=a
[ 3544.002530] R0: [NetworkManager][68133078410] [20:11:28.023959]  wlan: [1753:E :HDD] hdd_is_rcpi_applicable: 4950: mac addr is different from bssid connected
[ 3547.709865] healthd: battery l=100 v=4278 t=22.8 h=2 st=5 c=0 fc=2878000 cc=0 chg=a
[ 3549.495199] R0: [cds_mc_thread][68238537677] [20:11:33.516630]  wlan: [3382:I :WMI] send_set_arp_stats_req_cmd_tlv: 12397: set arp stats flag=1, vdev=0
[ 3549.508877] R0: [cds_mc_thread][68238799216] [20:11:33.530252]  wlan: [3382:I :WMI] send_set_arp_stats_req_cmd_tlv: 12397: set arp stats flag=0, vdev=0
[ 3550.001570] R0: [NetworkManager][68248259936] [20:11:34.022997]  wlan: [1753:E :HDD] hdd_is_rcpi_applicable: 4950: mac addr is different from bssid connected
[ 3553.896950] healthd: battery l=100 v=4278 t=22.8 h=2 st=5 c=0 fc=2878000 cc=0 chg=a
[ 3556.004275] R0: [NetworkManager][68363511749] [20:11:40.025697]  wlan: [1753:E :HDD] hdd_is_rcpi_applicable: 4950: mac addr is different from bssid connected
[ 3560.733025] healthd: battery l=100 v=4278 t=22.8 h=2 st=5 c=0 fc=2878000 cc=0 chg=a
[ 3562.005536] R0: [NetworkManager][68478735920] [20:11:46.026956]  wlan: [1753:E :HDD] hdd_is_rcpi_applicable: 4950: mac addr is different from bssid connected
[ 3566.696618] healthd: battery l=100 v=4278 t=22.8 h=2 st=5 c=0 fc=2878000 cc=0 chg=a
[ 3568.003729] R0: [NetworkManager][68593901214] [20:11:52.025149]  wlan: [1753:E :HDD] hdd_is_rcpi_applicable: 4950: mac addr is different from bssid connected
[ 3572.889834] healthd: battery l=100 v=4278 t=22.8 h=2 st=5 c=0 fc=2878000 cc=0 chg=a
[ 3574.004460] R0: [NetworkManager][68709115475] [20:11:58.025892]  wlan: [1753:E :HDD] hdd_is_rcpi_applicable: 4950: mac addr is different from bssid connected
[ 3576.875431] healthd: battery l=100 v=4278 t=22.8 h=2 st=5 c=0 fc=2878000 cc=0 chg=a
[ 3579.715639] healthd: battery l=100 v=4278 t=22.8 h=2 st=5 c=0 fc=2878000 cc=0 chg=a
[ 3580.001914] R0: [cds_mc_thread][68824266626] [20:12:04.023349]  wlan: [3382:I :WMI] send_set_arp_stats_req_cmd_tlv: 12397: set arp stats flag=1, vdev=0
[ 3580.003573] R0: [NetworkManager][68824298588] [20:12:04.025014]  wlan: [1753:E :HDD] hdd_is_rcpi_applicable: 4950: mac addr is different from bssid connected
[ 3580.017905] R0: [cds_mc_thread][68824573738] [20:12:04.039344]  wlan: [3382:I :WMI] send_set_arp_stats_req_cmd_tlv: 12397: set arp stats flag=0, vdev=0
[ 3585.899073] healthd: battery l=100 v=4278 t=22.8 h=2 st=5 c=0 fc=2878000 cc=0 chg=a
[ 3586.001611] R0: [NetworkManager][68939460706] [20:12:10.023041]  wlan: [1753:E :HDD] hdd_is_rcpi_applicable: 4950: mac addr is different from bssid connected
[ 3592.005075] R0: [NetworkManager][69054727115] [20:12:16.026501]  wlan: [1753:E :HDD] hdd_is_rcpi_applicable: 4950: mac addr is different from bssid connected
[ 3592.736785] healthd: battery l=100 v=4278 t=22.8 h=2 st=5 c=0 fc=2878000 cc=0 chg=a
[ 3598.000716] R0: [NetworkManager][69169843552] [20:12:22.022149]  wlan: [1753:E :HDD] hdd_is_rcpi_applicable: 4950: mac addr is different from bssid connected
[ 3598.692206] healthd: battery l=100 v=4278 t=22.8 h=2 st=5 c=0 fc=2878000 cc=0 chg=a
[ 3604.007985] R0: [NetworkManager][69285181448] [20:12:28.029332]  wlan: [1753:E :HDD] hdd_is_rcpi_applicable: 4950: mac addr is different from bssid connected
[ 3604.888233] healthd: battery l=100 v=4278 t=22.8 h=2 st=5 c=0 fc=2878000 cc=0 chg=a
[ 3610.004575] R0: [NetworkManager][69400317485] [20:12:34.026001]  wlan: [1753:E :HDD] hdd_is_rcpi_applicable: 4950: mac addr is different from bssid connected
[ 3610.508984] R0: [cds_mc_thread][69410002288] [20:12:34.530418]  wlan: [3382:I :WMI] send_set_arp_stats_req_cmd_tlv: 12397: set arp stats flag=1, vdev=0
[ 3610.523823] R0: [cds_mc_thread][69410287352] [20:12:34.545265]  wlan: [3382:I :WMI] send_set_arp_stats_req_cmd_tlv: 12397: set arp stats flag=0, vdev=0
[ 3611.706547] healthd: battery l=100 v=4278 t=22.8 h=2 st=5 c=0 fc=2878000 cc=0 chg=a
[ 3616.005508] R0: [NetworkManager][69515535443] [20:12:40.026937]  wlan: [1753:E :HDD] hdd_is_rcpi_applicable: 4950: mac addr is different from bssid connected
[ 3617.897934] healthd: battery l=100 v=4278 t=22.8 h=2 st=5 c=0 fc=2878000 cc=0 chg=a
[ 3622.000989] R0: [NetworkManager][69630648575] [20:12:46.022413]  wlan: [1753:E :HDD] hdd_is_rcpi_applicable: 4950: mac addr is different from bssid connected
[ 3624.719551] healthd: battery l=100 v=4278 t=22.8 h=2 st=5 c=0 fc=2878000 cc=0 chg=a
[ 3628.004870] R0: [NetworkManager][69745923183] [20:12:52.026299]  wlan: [1753:E :HDD] hdd_is_rcpi_applicable: 4950: mac addr is different from bssid connected
[ 3630.702977] healthd: battery l=100 v=4278 t=22.8 h=2 st=5 c=0 fc=2878000 cc=0 chg=a
[ 3634.007253] R0: [NetworkManager][69861168941] [20:12:58.028683]  wlan: [1753:E :HDD] hdd_is_rcpi_applicable: 4950: mac addr is different from bssid connected
[ 3636.875313] healthd: battery l=100 v=4278 t=22.8 h=2 st=5 c=0 fc=2878000 cc=0 chg=a
[ 3636.902047] healthd: battery l=100 v=4278 t=22.8 h=2 st=5 c=0 fc=2878000 cc=0 chg=a
[ 3640.004393] R0: [NetworkManager][69976314161] [20:13:04.025831]  wlan: [1753:E :HDD] hdd_is_rcpi_applicable: 4950: mac addr is different from bssid connected
[ 3640.480737] init: Received control message 'interface_start' for 'android.hardware.biometrics.fingerprint@2.1::IBiometricsFingerprint/default' from pid: 34 (/system/bin/hwservicemanager)
[ 3640.480840] init: Could not find service hosting interface android.hardware.biometrics.fingerprint@2.1::IBiometricsFingerprint/default
[ 3640.481047] init: Received control message 'interface_start' for 'android.hardware.biometrics.fingerprint@2.1::IBiometricsFingerprint/default' from pid: 34 (/system/bin/hwservicemanager)
[ 3640.481073] init: Could not find service hosting interface android.hardware.biometrics.fingerprint@2.1::IBiometricsFingerprint/default
[ 3643.711107] healthd: battery l=100 v=4278 t=22.8 h=2 st=5 c=0 fc=2878000 cc=0 chg=a
[ 3646.002444] R0: [NetworkManager][70091476688] [20:13:10.023880]  wlan: [1753:E :HDD] hdd_is_rcpi_applicable: 4950: mac addr is different from bssid connected
[ 3649.897374] healthd: battery l=100 v=4278 t=22.8 h=2 st=5 c=0 fc=2878000 cc=0 chg=a
[ 3652.003964] R0: [NetworkManager][70206705827] [20:13:16.025398]  wlan: [1753:E :HDD] hdd_is_rcpi_applicable: 4950: mac addr is different from bssid connected
[ 3656.720144] healthd: battery l=100 v=4278 t=22.8 h=2 st=5 c=0 fc=2878000 cc=0 chg=a
[ 3658.004466] R0: [NetworkManager][70321915507] [20:13:22.025903]  wlan: [1753:E :HDD] hdd_is_rcpi_applicable: 4950: mac addr is different from bssid connected
[ 3662.697126] healthd: battery l=100 v=4278 t=22.7 h=2 st=5 c=0 fc=2878000 cc=0 chg=a
[ 3664.004290] R0: [NetworkManager][70437112077] [20:13:28.025724]  wlan: [1753:E :HDD] hdd_is_rcpi_applicable: 4950: mac addr is different from bssid connected
[ 3668.880833] healthd: battery l=100 v=4278 t=22.7 h=2 st=5 c=0 fc=2878000 cc=0 chg=a
[ 3670.002580] R0: [NetworkManager][70552279270] [20:13:34.024016]  wlan: [1753:E :HDD] hdd_is_rcpi_applicable: 4950: mac addr is different from bssid connected
[ 3675.708983] healthd: battery l=100 v=4278 t=22.7 h=2 st=5 c=0 fc=2878000 cc=0 chg=a
[ 3676.001900] R0: [NetworkManager][70667466208] [20:13:40.023337]  wlan: [1753:E :HDD] hdd_is_rcpi_applicable: 4950: mac addr is different from bssid connected
[ 3681.787354] healthd: battery l=100 v=4278 t=22.8 h=2 st=5 c=0 fc=2878000 cc=0 chg=a
[ 3682.004720] R0: [NetworkManager][70782720357] [20:13:46.026158]  wlan: [1753:E :HDD] hdd_is_rcpi_applicable: 4950: mac addr is different from bssid connected
[ 3688.001811] R0: [NetworkManager][70897864545] [20:13:52.023251]  wlan: [1753:E :HDD] hdd_is_rcpi_applicable: 4950: mac addr is different from bssid connected
[ 3688.737455] healthd: battery l=100 v=4278 t=22.8 h=2 st=5 c=0 fc=2878000 cc=0 chg=a
[ 3692.001547] R0: [cds_mc_thread][70974658160] [20:13:56.022919]  wlan: [3382:I :WMI] send_set_arp_stats_req_cmd_tlv: 12397: set arp stats flag=1, vdev=0
[ 3692.016190] R0: [cds_mc_thread][70974940782] [20:13:56.037639]  wlan: [3382:I :WMI] send_set_arp_stats_req_cmd_tlv: 12397: set arp stats flag=0, vdev=0
[ 3694.001596] R0: [NetworkManager][71013060346] [20:13:58.023033]  wlan: [1753:E :HDD] hdd_is_rcpi_applicable: 4950: mac addr is different from bssid connected
[ 3694.702785] healthd: battery l=100 v=4278 t=22.8 h=2 st=5 c=0 fc=2878000 cc=0 chg=a
[ 3696.874722] healthd: battery l=100 v=4278 t=22.8 h=2 st=5 c=0 fc=2878000 cc=0 chg=a
[ 3700.001287] R0: [NetworkManager][71128254401] [20:14:04.022724]  wlan: [1753:E :HDD] hdd_is_rcpi_applicable: 4950: mac addr is different from bssid connected
[ 3700.880742] healthd: battery l=100 v=4278 t=22.8 h=2 st=5 c=0 fc=2878000 cc=0 chg=a
[ 3706.007287] R0: [NetworkManager][71243569580] [20:14:10.028724]  wlan: [1753:E :HDD] hdd_is_rcpi_applicable: 4950: mac addr is different from bssid connected
[ 3707.718326] healthd: battery l=100 v=4278 t=22.8 h=2 st=5 c=0 fc=2878000 cc=0 chg=a
[ 3712.003071] R0: [NetworkManager][71358688651] [20:14:16.024509]  wlan: [1753:E :HDD] hdd_is_rcpi_applicable: 4950: mac addr is different from bssid connected
[ 3713.838875] healthd: battery l=100 v=4278 t=22.8 h=2 st=5 c=0 fc=2878000 cc=0 chg=a
[ 3718.003267] R0: [NetworkManager][71473892402] [20:14:22.024705]  wlan: [1753:E :HDD] hdd_is_rcpi_applicable: 4950: mac addr is different from bssid connected
[ 3720.733911] healthd: battery l=100 v=4278 t=22.7 h=2 st=5 c=0 fc=2878000 cc=0 chg=a
[ 3722.508508] R0: [cds_mc_thread][71560393227] [20:14:26.529957]  wlan: [3382:I :WMI] send_set_arp_stats_req_cmd_tlv: 12397: set arp stats flag=1, vdev=0
[ 3722.522245] R0: [cds_mc_thread][71560657054] [20:14:26.543698]  wlan: [3382:I :WMI] send_set_arp_stats_req_cmd_tlv: 12397: set arp stats flag=0, vdev=0
[ 3724.003678] R0: [NetworkManager][71589100259] [20:14:28.025115]  wlan: [1753:E :HDD] hdd_is_rcpi_applicable: 4950: mac addr is different from bssid connected
[ 3726.712520] healthd: battery l=100 v=4278 t=22.7 h=2 st=5 c=0 fc=2878000 cc=0 chg=a
[ 3730.011358] R0: [NetworkManager][71704447739] [20:14:34.032797]  wlan: [1753:E :HDD] hdd_is_rcpi_applicable: 4950: mac addr is different from bssid connected
[ 3732.770584] healthd: battery l=100 v=4278 t=22.7 h=2 st=5 c=0 fc=2878000 cc=0 chg=a
[ 3736.006807] R0: [NetworkManager][71819560369] [20:14:40.028247]  wlan: [1753:E :HDD] hdd_is_rcpi_applicable: 4950: mac addr is different from bssid connected
[ 3739.705561] healthd: battery l=100 v=4278 t=22.7 h=2 st=5 c=0 fc=2878000 cc=0 chg=a
[ 3740.992444] init: Received control message 'interface_start' for 'android.hardware.biometrics.fingerprint@2.1::IBiometricsFingerprint/default' from pid: 34 (/system/bin/hwservicemanager)
[ 3740.992729] init: Could not find service hosting interface android.hardware.biometrics.fingerprint@2.1::IBiometricsFingerprint/default
[ 3740.993634] init: Received control message 'interface_start' for 'android.hardware.biometrics.fingerprint@2.1::IBiometricsFingerprint/default' from pid: 34 (/system/bin/hwservicemanager)
[ 3740.993674] init: Could not find service hosting interface android.hardware.biometrics.fingerprint@2.1::IBiometricsFingerprint/default
[ 3742.002820] R0: [NetworkManager][71934683883] [20:14:46.024264]  wlan: [1753:E :HDD] hdd_is_rcpi_applicable: 4950: mac addr is different from bssid connected
[ 3745.902528] healthd: battery l=100 v=4278 t=22.7 h=2 st=5 c=0 fc=2878000 cc=0 chg=a
[ 3748.003162] R0: [NetworkManager][72049890389] [20:14:52.024603]  wlan: [1753:E :HDD] hdd_is_rcpi_applicable: 4950: mac addr is different from bssid connected
[ 3752.721684] healthd: battery l=100 v=4278 t=22.7 h=2 st=5 c=0 fc=2878000 cc=0 chg=a
[ 3753.229084] R0: [cds_mc_thread][72150228279] [20:14:57.250536]  wlan: [3382:I :WMI] send_set_arp_stats_req_cmd_tlv: 12397: set arp stats flag=1, vdev=0
[ 3753.244516] R0: [cds_mc_thread][72150524678] [20:14:57.265973]  wlan: [3382:I :WMI] send_set_arp_stats_req_cmd_tlv: 12397: set arp stats flag=0, vdev=0
[ 3754.002618] R0: [NetworkManager][72165079872] [20:14:58.024056]  wlan: [1753:E :HDD] hdd_is_rcpi_applicable: 4950: mac addr is different from bssid connected
[ 3756.878005] healthd: battery l=100 v=4278 t=22.7 h=2 st=5 c=0 fc=2878000 cc=0 chg=a
[ 3758.691589] healthd: battery l=100 v=4278 t=22.7 h=2 st=5 c=0 fc=2878000 cc=0 chg=a
[ 3760.002012] R0: [NetworkManager][72280268278] [20:15:04.023453]  wlan: [1753:E :HDD] hdd_is_rcpi_applicable: 4950: mac addr is different from bssid connected
[ 3764.884852] healthd: battery l=100 v=4278 t=22.7 h=2 st=5 c=0 fc=2878000 cc=0 chg=a
[ 3766.002547] R0: [NetworkManager][72395478627] [20:15:10.023992]  wlan: [1753:E :HDD] hdd_is_rcpi_applicable: 4950: mac addr is different from bssid connected
[ 3771.718424] healthd: battery l=100 v=4278 t=22.7 h=2 st=5 c=0 fc=2878000 cc=0 chg=a
[ 3772.004815] R0: [NetworkManager][72510722160] [20:15:16.026260]  wlan: [1753:E :HDD] hdd_is_rcpi_applicable: 4950: mac addr is different from bssid connected
[ 3777.889020] healthd: battery l=100 v=4278 t=22.7 h=2 st=5 c=0 fc=2878000 cc=0 chg=a
[ 3778.004971] R0: [NetworkManager][72625925187] [20:15:22.026419]  wlan: [1753:E :HDD] hdd_is_rcpi_applicable: 4950: mac addr is different from bssid connected
[ 3783.735219] R0: [cds_mc_thread][72735946057] [20:15:27.756673]  wlan: [3382:I :WMI] send_set_arp_stats_req_cmd_tlv: 12397: set arp stats flag=1, vdev=0
[ 3783.759025] R0: [cds_mc_thread][72736403241] [20:15:27.780485]  wlan: [3382:I :WMI] send_set_arp_stats_req_cmd_tlv: 12397: set arp stats flag=0, vdev=0
[ 3784.002324] R0: [NetworkManager][72741074291] [20:15:28.023768]  wlan: [1753:E :HDD] hdd_is_rcpi_applicable: 4950: mac addr is different from bssid connected
[ 3784.721374] healthd: battery l=100 v=4278 t=22.7 h=2 st=5 c=0 fc=2878000 cc=0 chg=a
[ 3790.004171] R0: [NetworkManager][72856309706] [20:15:34.025613]  wlan: [1753:E :HDD] hdd_is_rcpi_applicable: 4950: mac addr is different from bssid connected
[ 3790.697478] healthd: battery l=100 v=4278 t=22.7 h=2 st=5 c=0 fc=2878000 cc=0 chg=a
[ 3792.979901] perf: interrupt took too long (13453 > 12476), lowering kernel.perf_event_max_sample_rate to 14700
[ 3796.002220] R0: [NetworkManager][72971472258] [20:15:40.023664]  wlan: [1753:E :HDD] hdd_is_rcpi_applicable: 4950: mac addr is different from bssid connected
[ 3796.883898] healthd: battery l=100 v=4278 t=22.7 h=2 st=5 c=0 fc=2878000 cc=0 chg=a
[ 3802.007312] R0: [NetworkManager][73086770103] [20:15:46.028760]  wlan: [1753:E :HDD] hdd_is_rcpi_applicable: 4950: mac addr is different from bssid connected
[ 3803.705343] healthd: battery l=100 v=4278 t=22.7 h=2 st=5 c=0 fc=2878000 cc=0 chg=a
[ 3808.005724] R0: [NetworkManager][73201939597] [20:15:52.027172]  wlan: [1753:E :HDD] hdd_is_rcpi_applicable: 4950: mac addr is different from bssid connected
[ 3809.896188] healthd: battery l=100 v=4278 t=22.7 h=2 st=5 c=0 fc=2878000 cc=0 chg=a
[ 3814.003974] R0: [NetworkManager][73317105976] [20:15:58.025422]  wlan: [1753:E :HDD] hdd_is_rcpi_applicable: 4950: mac addr is different from bssid connected
[ 3814.241437] R0: [cds_mc_thread][73321665465] [20:15:58.262895]  wlan: [3382:I :WMI] send_set_arp_stats_req_cmd_tlv: 12397: set arp stats flag=1, vdev=0
[ 3814.256646] R0: [cds_mc_thread][73321957548] [20:15:58.278108]  wlan: [3382:I :WMI] send_set_arp_stats_req_cmd_tlv: 12397: set arp stats flag=0, vdev=0
[ 3816.722939] healthd: battery l=100 v=4278 t=22.7 h=2 st=5 c=0 fc=2878000 cc=0 chg=a
[ 3816.878224] healthd: battery l=100 v=4278 t=22.7 h=2 st=5 c=0 fc=2878000 cc=0 chg=a
[ 3820.003541] R0: [NetworkManager][73432297689] [20:16:04.024991]  wlan: [1753:E :HDD] hdd_is_rcpi_applicable: 4950: mac addr is different from bssid connected
[ 3822.710401] healthd: battery l=100 v=4278 t=22.7 h=2 st=5 c=0 fc=2878000 cc=0 chg=a
[ 3826.007718] R0: [NetworkManager][73547578012] [20:16:10.029175]  wlan: [1753:E :HDD] hdd_is_rcpi_applicable: 4950: mac addr is different from bssid connected
[ 3828.888575] healthd: battery l=100 v=4278 t=22.7 h=2 st=5 c=0 fc=2878000 cc=0 chg=a
[ 3832.002501] R0: [NetworkManager][73662677650] [20:16:16.023948]  wlan: [1753:E :HDD] hdd_is_rcpi_applicable: 4950: mac addr is different from bssid connected
[ 3835.716875] healthd: battery l=100 v=4278 t=22.7 h=2 st=5 c=0 fc=2878000 cc=0 chg=a
[ 3838.008109] R0: [NetworkManager][73777985484] [20:16:22.029565]  wlan: [1753:E :HDD] hdd_is_rcpi_applicable: 4950: mac addr is different from bssid connected
[ 3841.732681] init: Received control message 'interface_start' for 'android.hardware.biometrics.fingerprint@2.1::IBiometricsFingerprint/default' from pid: 34 (/system/bin/hwservicemanager)
[ 3841.732779] init: Could not find service hosting interface android.hardware.biometrics.fingerprint@2.1::IBiometricsFingerprint/default
[ 3841.733711] init: Received control message 'interface_start' for 'android.hardware.biometrics.fingerprint@2.1::IBiometricsFingerprint/default' from pid: 34 (/system/bin/hwservicemanager)
[ 3841.733747] init: Could not find service hosting interface android.hardware.biometrics.fingerprint@2.1::IBiometricsFingerprint/default
[ 3841.898345] healthd: battery l=100 v=4278 t=22.7 h=2 st=5 c=0 fc=2878000 cc=0 chg=a
[ 3844.005092] R0: [NetworkManager][73893127474] [20:16:28.026544]  wlan: [1753:E :HDD] hdd_is_rcpi_applicable: 4950: mac addr is different from bssid connected
[ 3848.723270] healthd: battery l=100 v=4278 t=22.7 h=2 st=5 c=0 fc=2878000 cc=0 chg=a
[ 3850.002400] R0: [NetworkManager][74008275815] [20:16:34.023854]  wlan: [1753:E :HDD] hdd_is_rcpi_applicable: 4950: mac addr is different from bssid connected
[ 3854.695538] healthd: battery l=100 v=4278 t=22.7 h=2 st=5 c=0 fc=2878000 cc=0 chg=a
[ 3856.007539] R0: [NetworkManager][74123574393] [20:16:40.028989]  wlan: [1753:E :HDD] hdd_is_rcpi_applicable: 4950: mac addr is different from bssid connected
[ 3859.895246] R0: [cds_mc_thread][74198218592] [20:16:43.916708]  wlan: [3382:I :WMI] send_set_arp_stats_req_cmd_tlv: 12397: set arp stats flag=1, vdev=0
[ 3859.910396] R0: [cds_mc_thread][74198509554] [20:16:43.931863]  wlan: [3382:I :WMI] send_set_arp_stats_req_cmd_tlv: 12397: set arp stats flag=0, vdev=0
[ 3860.881975] healthd: battery l=100 v=4278 t=22.7 h=2 st=5 c=0 fc=2878000 cc=0 chg=a
[ 3862.003711] R0: [NetworkManager][74238700897] [20:16:46.025162]  wlan: [1753:E :HDD] hdd_is_rcpi_applicable: 4950: mac addr is different from bssid connected
[ 3867.718237] healthd: battery l=100 v=4278 t=22.7 h=2 st=5 c=0 fc=2878000 cc=0 chg=a
[ 3868.002975] R0: [NetworkManager][74353886803] [20:16:52.024428]  wlan: [1753:E :HDD] hdd_is_rcpi_applicable: 4950: mac addr is different from bssid connected
[ 3873.902439] healthd: battery l=100 v=4278 t=22.7 h=2 st=5 c=0 fc=2878000 cc=0 chg=a
[ 3874.005523] R0: [NetworkManager][74469135825] [20:16:58.026982]  wlan: [1753:E :HDD] hdd_is_rcpi_applicable: 4950: mac addr is different from bssid connected
[ 3876.873762] healthd: battery l=100 v=4278 t=22.7 h=2 st=5 c=0 fc=2878000 cc=0 chg=a
[ 3880.002986] R0: [NetworkManager][74584286976] [20:17:04.024439]  wlan: [1753:E :HDD] hdd_is_rcpi_applicable: 4950: mac addr is different from bssid connected
[ 3880.715336] healthd: battery l=100 v=4278 t=22.7 h=2 st=5 c=0 fc=2878000 cc=0 chg=a
[ 3886.005611] R0: [NetworkManager][74699537362] [20:17:10.027064]  wlan: [1753:E :HDD] hdd_is_rcpi_applicable: 4950: mac addr is different from bssid connected
[ 3886.695822] healthd: battery l=100 v=4278 t=22.7 h=2 st=5 c=0 fc=2878000 cc=0 chg=a
[ 3892.006708] R0: [NetworkManager][74814758463] [20:17:16.028163]  wlan: [1753:E :HDD] hdd_is_rcpi_applicable: 4950: mac addr is different from bssid connected
[ 3892.886530] healthd: battery l=100 v=4278 t=22.7 h=2 st=5 c=0 fc=2878000 cc=0 chg=a
[ 3898.007158] R0: [NetworkManager][74929967096] [20:17:22.028613]  wlan: [1753:E :HDD] hdd_is_rcpi_applicable: 4950: mac addr is different from bssid connected
[ 3899.709957] healthd: battery l=100 v=4278 t=22.7 h=2 st=5 c=0 fc=2878000 cc=0 chg=a
[ 3904.003811] R0: [NetworkManager][75045102807] [20:17:28.025266]  wlan: [1753:E :HDD] hdd_is_rcpi_applicable: 4950: mac addr is different from bssid connected
[ 3905.761628] R0: [cds_mc_thread][75078853096] [20:17:29.783093]  wlan: [3382:I :WMI] send_set_arp_stats_req_cmd_tlv: 12397: set arp stats flag=1, vdev=0
[ 3905.775052] R0: [cds_mc_thread][75079110938] [20:17:29.796523]  wlan: [3382:I :WMI] send_set_arp_stats_req_cmd_tlv: 12397: set arp stats flag=0, vdev=0
[ 3905.904930] healthd: battery l=100 v=4278 t=22.7 h=2 st=5 c=0 fc=2878000 cc=0 chg=a
[ 3910.005920] R0: [NetworkManager][75160343300] [20:17:34.027375]  wlan: [1753:E :HDD] hdd_is_rcpi_applicable: 4950: mac addr is different from bssid connected
[ 3912.721356] healthd: battery l=100 v=4278 t=22.7 h=2 st=5 c=0 fc=2878000 cc=0 chg=a
[ 3916.003090] R0: [NetworkManager][75275489148] [20:17:40.024555]  wlan: [1753:E :HDD] hdd_is_rcpi_applicable: 4950: mac addr is different from bssid connected
[ 3918.696777] healthd: battery l=100 v=4277 t=22.7 h=2 st=5 c=0 fc=2878000 cc=0 chg=a
[ 3922.001600] R0: [NetworkManager][75390660359] [20:17:46.023057]  wlan: [1753:E :HDD] hdd_is_rcpi_applicable: 4950: mac addr is different from bssid connected
[ 3924.877146] healthd: battery l=100 v=4277 t=22.7 h=2 st=5 c=0 fc=2878000 cc=0 chg=a
[ 3928.008020] R0: [NetworkManager][75505983699] [20:17:52.029481]  wlan: [1753:E :HDD] hdd_is_rcpi_applicable: 4950: mac addr is different from bssid connected
[ 3931.706701] healthd: battery l=100 v=4277 t=22.7 h=2 st=5 c=0 fc=2878000 cc=0 chg=a
[ 3934.001999] R0: [NetworkManager][75621068095] [20:17:58.023461]  wlan: [1753:E :HDD] hdd_is_rcpi_applicable: 4950: mac addr is different from bssid connected
[ 3936.870755] healthd: battery l=100 v=4277 t=22.7 h=2 st=5 c=0 fc=2878000 cc=0 chg=a
[ 3937.896455] healthd: battery l=100 v=4278 t=22.7 h=2 st=5 c=0 fc=2878000 cc=0 chg=a
[ 3940.005335] R0: [NetworkManager][75736332063] [20:18:04.026793]  wlan: [1753:E :HDD] hdd_is_rcpi_applicable: 4950: mac addr is different from bssid connected
[ 3942.497785] init: Received control message 'interface_start' for 'android.hardware.biometrics.fingerprint@2.1::IBiometricsFingerprint/default' from pid: 34 (/system/bin/hwservicemanager)
[ 3942.497958] init: Could not find service hosting interface android.hardware.biometrics.fingerprint@2.1::IBiometricsFingerprint/default
[ 3942.498628] init: Received control message 'interface_start' for 'android.hardware.biometrics.fingerprint@2.1::IBiometricsFingerprint/default' from pid: 34 (/system/bin/hwservicemanager)
[ 3942.498665] init: Could not find service hosting interface android.hardware.biometrics.fingerprint@2.1::IBiometricsFingerprint/default
[ 3944.718418] healthd: battery l=100 v=4278 t=22.7 h=2 st=5 c=0 fc=2878000 cc=0 chg=a
[ 3946.006492] R0: [NetworkManager][75851554302] [20:18:10.027952]  wlan: [1753:E :HDD] hdd_is_rcpi_applicable: 4950: mac addr is different from bssid connected
[ 3950.700717] healthd: battery l=100 v=4278 t=22.7 h=2 st=5 c=0 fc=2878000 cc=0 chg=a
[ 3951.415396] R0: [cds_mc_thread][75955405408] [20:18:15.436864]  wlan: [3382:I :WMI] send_set_arp_stats_req_cmd_tlv: 12397: set arp stats flag=1, vdev=0
[ 3951.431797] R0: [cds_mc_thread][75955720411] [20:18:15.453271]  wlan: [3382:I :WMI] send_set_arp_stats_req_cmd_tlv: 12397: set arp stats flag=0, vdev=0
[ 3952.001934] R0: [NetworkManager][75966666855] [20:18:16.023398]  wlan: [1753:E :HDD] hdd_is_rcpi_applicable: 4950: mac addr is different from bssid connected
[ 3956.878027] healthd: battery l=100 v=4277 t=22.7 h=2 st=5 c=0 fc=2878000 cc=0 chg=a
[ 3958.002137] R0: [NetworkManager][76081870656] [20:18:22.023596]  wlan: [1753:E :HDD] hdd_is_rcpi_applicable: 4950: mac addr is different from bssid connected
[ 3963.703890] healthd: battery l=100 v=4277 t=22.7 h=2 st=5 c=0 fc=2878000 cc=0 chg=a
[ 3964.007400] R0: [NetworkManager][76197171694] [20:18:28.028859]  wlan: [1753:E :HDD] hdd_is_rcpi_applicable: 4950: mac addr is different from bssid connected
[ 3969.896347] healthd: battery l=100 v=4277 t=22.7 h=2 st=5 c=0 fc=2878000 cc=0 chg=a
[ 3970.006732] R0: [NetworkManager][76312358973] [20:18:34.028198]  wlan: [1753:E :HDD] hdd_is_rcpi_applicable: 4950: mac addr is different from bssid connected
[ 3976.002529] R0: [NetworkManager][76427478193] [20:18:40.023991]  wlan: [1753:E :HDD] hdd_is_rcpi_applicable: 4950: mac addr is different from bssid connected
[ 3976.719032] healthd: battery l=100 v=4277 t=22.7 h=2 st=5 c=0 fc=2878000 cc=0 chg=a
[ 3982.007666] R0: [NetworkManager][76542776945] [20:18:46.029135]  wlan: [1753:E :HDD] hdd_is_rcpi_applicable: 4950: mac addr is different from bssid connected
[ 3982.690188] healthd: battery l=100 v=4277 t=22.7 h=2 st=5 c=0 fc=2878000 cc=0 chg=a
[ 3988.001825] R0: [NetworkManager][76657864676] [20:18:52.023288]  wlan: [1753:E :HDD] hdd_is_rcpi_applicable: 4950: mac addr is different from bssid connected
[ 3988.878780] healthd: battery l=100 v=4277 t=22.7 h=2 st=5 c=0 fc=2878000 cc=0 chg=a
[ 3994.004541] R0: [NetworkManager][76773116879] [20:18:58.026007]  wlan: [1753:E :HDD] hdd_is_rcpi_applicable: 4950: mac addr is different from bssid connected
[ 3995.710136] healthd: battery l=100 v=4277 t=22.7 h=2 st=5 c=0 fc=2878000 cc=0 chg=a
[ 3996.876794] healthd: battery l=100 v=4277 t=22.7 h=2 st=5 c=0 fc=2878000 cc=0 chg=a
[ 3997.282999] R0: [cds_mc_thread][76836061959] [20:19:01.304397]  wlan: [3382:I :WMI] send_set_arp_stats_req_cmd_tlv: 12397: set arp stats flag=1, vdev=0
[ 3997.297923] R0: [cds_mc_thread][76836346883] [20:19:01.319237]  wlan: [3382:I :WMI] send_set_arp_stats_req_cmd_tlv: 12397: set arp stats flag=0, vdev=0
[ 4000.003682] R0: [NetworkManager][76888300389] [20:19:04.025149]  wlan: [1753:E :HDD] hdd_is_rcpi_applicable: 4950: mac addr is different from bssid connected
[ 4001.894755] healthd: battery l=100 v=4277 t=22.7 h=2 st=5 c=0 fc=2878000 cc=0 chg=a
[ 4006.003956] R0: [NetworkManager][77003505595] [20:19:10.025421]  wlan: [1753:E :HDD] hdd_is_rcpi_applicable: 4950: mac addr is different from bssid connected
[ 4008.725523] healthd: battery l=100 v=4277 t=22.7 h=2 st=5 c=0 fc=2878000 cc=0 chg=a
[ 4012.006320] R0: [NetworkManager][77118751197] [20:19:16.027797]  wlan: [1753:E :HDD] hdd_is_rcpi_applicable: 4950: mac addr is different from bssid connected
[ 4014.705509] healthd: battery l=100 v=4278 t=22.7 h=2 st=5 c=0 fc=2878000 cc=0 chg=a
[ 4018.006954] R0: [NetworkManager][77233963210] [20:19:22.028423]  wlan: [1753:E :HDD] hdd_is_rcpi_applicable: 4950: mac addr is different from bssid connected
[ 4020.884207] healthd: battery l=100 v=4278 t=22.7 h=2 st=5 c=0 fc=2878000 cc=0 chg=a
[ 4024.003773] R0: [NetworkManager][77349102100] [20:19:28.025241]  wlan: [1753:E :HDD] hdd_is_rcpi_applicable: 4950: mac addr is different from bssid connected
[ 4027.710121] healthd: battery l=100 v=4278 t=22.7 h=2 st=5 c=0 fc=2878000 cc=0 chg=a
[ 4030.005145] R0: [NetworkManager][77464328540] [20:19:34.026618]  wlan: [1753:E :HDD] hdd_is_rcpi_applicable: 4950: mac addr is different from bssid connected
[ 4033.892728] healthd: battery l=100 v=4278 t=22.7 h=2 st=5 c=0 fc=2878000 cc=0 chg=a
[ 4036.005310] R0: [NetworkManager][77579531546] [20:19:40.026775]  wlan: [1753:E :HDD] hdd_is_rcpi_applicable: 4950: mac addr is different from bssid connected
[ 4040.720342] healthd: battery l=100 v=4278 t=22.7 h=2 st=5 c=0 fc=2878000 cc=0 chg=a
[ 4042.003017] R0: [NetworkManager][77694687647] [20:19:46.024490]  wlan: [1753:E :HDD] hdd_is_rcpi_applicable: 4950: mac addr is different from bssid connected
[ 4042.934153] R0: [cds_mc_thread][77712565729] [20:19:46.955640]  wlan: [3382:I :WMI] send_set_arp_stats_req_cmd_tlv: 12397: set arp stats flag=1, vdev=0
[ 4042.948240] R0: [cds_mc_thread][77712836259] [20:19:46.969730]  wlan: [3382:I :WMI] send_set_arp_stats_req_cmd_tlv: 12397: set arp stats flag=0, vdev=0
[ 4042.987871] init: Received control message 'interface_start' for 'android.hardware.biometrics.fingerprint@2.1::IBiometricsFingerprint/default' from pid: 34 (/system/bin/hwservicemanager)
[ 4042.987968] init: Could not find service hosting interface android.hardware.biometrics.fingerprint@2.1::IBiometricsFingerprint/default
[ 4042.988632] init: Received control message 'interface_start' for 'android.hardware.biometrics.fingerprint@2.1::IBiometricsFingerprint/default' from pid: 34 (/system/bin/hwservicemanager)
[ 4042.988666] init: Could not find service hosting interface android.hardware.biometrics.fingerprint@2.1::IBiometricsFingerprint/default
[ 4046.701547] healthd: battery l=100 v=4278 t=22.7 h=2 st=5 c=0 fc=2878000 cc=0 chg=a
[ 4048.005537] R0: [NetworkManager][77809935991] [20:19:52.027008]  wlan: [1753:E :HDD] hdd_is_rcpi_applicable: 4950: mac addr is different from bssid connected
[ 4052.880692] healthd: battery l=100 v=4278 t=22.7 h=2 st=5 c=0 fc=2878000 cc=0 chg=a
[ 4054.005247] R0: [NetworkManager][77925130407] [20:19:58.026718]  wlan: [1753:E :HDD] hdd_is_rcpi_applicable: 4950: mac addr is different from bssid connected
[ 4056.878746] healthd: battery l=100 v=4277 t=22.7 h=2 st=5 c=0 fc=2878000 cc=0 chg=a
[ 4059.709516] healthd: battery l=100 v=4277 t=22.7 h=2 st=5 c=0 fc=2878000 cc=0 chg=a
[ 4060.003793] R0: [NetworkManager][78040302509] [20:20:04.025266]  wlan: [1753:E :HDD] hdd_is_rcpi_applicable: 4950: mac addr is different from bssid connected
[ 4065.902351] healthd: battery l=100 v=4277 t=22.7 h=2 st=5 c=0 fc=2878000 cc=0 chg=a
[ 4066.003518] R0: [NetworkManager][78155497167] [20:20:10.024988]  wlan: [1753:E :HDD] hdd_is_rcpi_applicable: 4950: mac addr is different from bssid connected
[ 4072.005461] R0: [NetworkManager][78270734696] [20:20:16.026943]  wlan: [1753:E :HDD] hdd_is_rcpi_applicable: 4950: mac addr is different from bssid connected
[ 4072.720217] healthd: battery l=100 v=4277 t=22.7 h=2 st=5 c=0 fc=2878000 cc=0 chg=a
[ 4078.006276] R0: [NetworkManager][78385950107] [20:20:22.027746]  wlan: [1753:E :HDD] hdd_is_rcpi_applicable: 4950: mac addr is different from bssid connected
[ 4078.698686] healthd: battery l=100 v=4277 t=22.7 h=2 st=5 c=0 fc=2878000 cc=0 chg=a
[ 4084.001849] R0: [NetworkManager][78501065122] [20:20:28.023321]  wlan: [1753:E :HDD] hdd_is_rcpi_applicable: 4950: mac addr is different from bssid connected
[ 4084.885229] healthd: battery l=100 v=4277 t=22.7 h=2 st=5 c=0 fc=2878000 cc=0 chg=a
[ 4088.801144] R0: [cds_mc_thread][78593211830] [20:20:32.822629]  wlan: [3382:I :WMI] send_set_arp_stats_req_cmd_tlv: 12397: set arp stats flag=1, vdev=0
[ 4088.813721] R0: [cds_mc_thread][78593453391] [20:20:32.835210]  wlan: [3382:I :WMI] send_set_arp_stats_req_cmd_tlv: 12397: set arp stats flag=0, vdev=0
[ 4090.001654] R0: [NetworkManager][78616261512] [20:20:34.023133]  wlan: [1753:E :HDD] hdd_is_rcpi_applicable: 4950: mac addr is different from bssid connected
[ 4091.713303] healthd: battery l=100 v=4277 t=22.7 h=2 st=5 c=0 fc=2878000 cc=0 chg=a
[ 4096.007742] R0: [NetworkManager][78731578260] [20:20:40.029215]  wlan: [1753:E :HDD] hdd_is_rcpi_applicable: 4950: mac addr is different from bssid connected
[ 4097.902779] healthd: battery l=100 v=4277 t=22.7 h=2 st=5 c=0 fc=2878000 cc=0 chg=a
[ 4102.001435] R0: [NetworkManager][78846655927] [20:20:46.022844]  wlan: [1753:E :HDD] hdd_is_rcpi_applicable: 4950: mac addr is different from bssid connected
[ 4104.715612] healthd: battery l=100 v=4277 t=22.7 h=2 st=5 c=0 fc=2878000 cc=0 chg=a
[ 4108.007831] R0: [NetworkManager][78961980021] [20:20:52.029308]  wlan: [1753:E :HDD] hdd_is_rcpi_applicable: 4950: mac addr is different from bssid connected
[ 4110.695057] healthd: battery l=100 v=4277 t=22.7 h=2 st=5 c=0 fc=2878000 cc=0 chg=a
[ 4114.004348] R0: [NetworkManager][79077113119] [20:20:58.025824]  wlan: [1753:E :HDD] hdd_is_rcpi_applicable: 4950: mac addr is different from bssid connected
[ 4116.880522] healthd: battery l=100 v=4277 t=22.7 h=2 st=5 c=0 fc=2878000 cc=0 chg=a
[ 4116.898489] healthd: battery l=100 v=4277 t=22.7 h=2 st=5 c=0 fc=2878000 cc=0 chg=a
[ 4120.005240] R0: [NetworkManager][79192330233] [20:21:04.026715]  wlan: [1753:E :HDD] hdd_is_rcpi_applicable: 4950: mac addr is different from bssid connected
[ 4123.712965] healthd: battery l=100 v=4277 t=22.7 h=2 st=5 c=0 fc=2878000 cc=0 chg=a
[ 4126.004154] R0: [NetworkManager][79307509415] [20:21:10.025632]  wlan: [1753:E :HDD] hdd_is_rcpi_applicable: 4950: mac addr is different from bssid connected
[ 4129.896291] healthd: battery l=100 v=4277 t=22.7 h=2 st=5 c=0 fc=2878000 cc=0 chg=a
[ 4132.001994] R0: [NetworkManager][79422667964] [20:21:16.023474]  wlan: [1753:E :HDD] hdd_is_rcpi_applicable: 4950: mac addr is different from bssid connected
[ 4134.668472] R0: [cds_mc_thread][79473864497] [20:21:18.689960]  wlan: [3382:I :WMI] send_set_arp_stats_req_cmd_tlv: 12397: set arp stats flag=1, vdev=0
[ 4134.688284] R0: [cds_mc_thread][79474242762] [20:21:18.709661]  wlan: [3382:I :WMI] send_set_arp_stats_req_cmd_tlv: 12397: set arp stats flag=0, vdev=0
[ 4136.731432] healthd: battery l=100 v=4277 t=22.7 h=2 st=5 c=0 fc=2878000 cc=0 chg=a
[ 4138.001422] R0: [NetworkManager][79537856980] [20:21:22.022902]  wlan: [1753:E :HDD] hdd_is_rcpi_applicable: 4950: mac addr is different from bssid connected
[ 4142.693759] healthd: battery l=100 v=4277 t=22.7 h=2 st=5 c=0 fc=2878000 cc=0 chg=a
[ 4143.749862] init: Received control message 'interface_start' for 'android.hardware.biometrics.fingerprint@2.1::IBiometricsFingerprint/default' from pid: 34 (/system/bin/hwservicemanager)
[ 4143.749975] init: Could not find service hosting interface android.hardware.biometrics.fingerprint@2.1::IBiometricsFingerprint/default
[ 4143.750704] init: Received control message 'interface_start' for 'android.hardware.biometrics.fingerprint@2.1::IBiometricsFingerprint/default' from pid: 34 (/system/bin/hwservicemanager)
[ 4143.750741] init: Could not find service hosting interface android.hardware.biometrics.fingerprint@2.1::IBiometricsFingerprint/default
[ 4144.004852] R0: [NetworkManager][79653122888] [20:21:28.026335]  wlan: [1753:E :HDD] hdd_is_rcpi_applicable: 4950: mac addr is different from bssid connected
[ 4148.892012] healthd: battery l=100 v=4277 t=22.7 h=2 st=5 c=0 fc=2878000 cc=0 chg=a
[ 4150.005631] R0: [NetworkManager][79768337798] [20:21:34.027112]  wlan: [1753:E :HDD] hdd_is_rcpi_applicable: 4950: mac addr is different from bssid connected
[ 4155.708315] healthd: battery l=100 v=4277 t=22.7 h=2 st=5 c=0 fc=2878000 cc=0 chg=a
[ 4156.005142] R0: [NetworkManager][79883526782] [20:21:40.026539]  wlan: [1753:E :HDD] hdd_is_rcpi_applicable: 4950: mac addr is different from bssid connected
[ 4161.897436] healthd: battery l=100 v=4277 t=22.7 h=2 st=5 c=0 fc=2878000 cc=0 chg=a
[ 4162.003790] R0: [NetworkManager][79998702522] [20:21:46.025276]  wlan: [1753:E :HDD] hdd_is_rcpi_applicable: 4950: mac addr is different from bssid connected
[ 4165.175125] R0: [cds_mc_thread][80059592228] [20:21:49.196616]  wlan: [3382:I :WMI] send_set_arp_stats_req_cmd_tlv: 12397: set arp stats flag=1, vdev=0
[ 4165.191633] R0: [cds_mc_thread][80059909259] [20:21:49.213128]  wlan: [3382:I :WMI] send_set_arp_stats_req_cmd_tlv: 12397: set arp stats flag=0, vdev=0
[ 4168.003722] R0: [NetworkManager][80113901069] [20:21:52.025201]  wlan: [1753:E :HDD] hdd_is_rcpi_applicable: 4950: mac addr is different from bssid connected
[ 4168.717055] healthd: battery l=100 v=4277 t=22.7 h=2 st=5 c=0 fc=2878000 cc=0 chg=a
[ 4174.002181] R0: [NetworkManager][80229071481] [20:21:58.023661]  wlan: [1753:E :HDD] hdd_is_rcpi_applicable: 4950: mac addr is different from bssid connected
[ 4174.698308] healthd: battery l=100 v=4277 t=22.7 h=2 st=5 c=0 fc=2878000 cc=0 chg=a
[ 4176.874281] healthd: battery l=100 v=4277 t=22.7 h=2 st=5 c=0 fc=2878000 cc=0 chg=a
[ 4180.007617] R0: [NetworkManager][80344375812] [20:22:04.029095]  wlan: [1753:E :HDD] hdd_is_rcpi_applicable: 4950: mac addr is different from bssid connected
[ 4180.887004] healthd: battery l=100 v=4277 t=22.7 h=2 st=5 c=0 fc=2878000 cc=0 chg=a
[ 4186.006423] R0: [NetworkManager][80459552936] [20:22:10.027905]  wlan: [1753:E :HDD] hdd_is_rcpi_applicable: 4950: mac addr is different from bssid connected
[ 4187.718971] healthd: battery l=100 v=4277 t=22.7 h=2 st=5 c=0 fc=2878000 cc=0 chg=a
[ 4192.003278] R0: [NetworkManager][80574692593] [20:22:16.024762]  wlan: [1753:E :HDD] hdd_is_rcpi_applicable: 4950: mac addr is different from bssid connected
[ 4193.891776] healthd: battery l=100 v=4277 t=22.7 h=2 st=5 c=0 fc=2878000 cc=0 chg=a
[ 4195.681641] R0: [cds_mc_thread][80645317326] [20:22:19.703134]  wlan: [3382:I :WMI] send_set_arp_stats_req_cmd_tlv: 12397: set arp stats flag=1, vdev=0
[ 4195.698826] R0: [cds_mc_thread][80645647396] [20:22:19.720325]  wlan: [3382:I :WMI] send_set_arp_stats_req_cmd_tlv: 12397: set arp stats flag=0, vdev=0
[ 4198.003927] R0: [NetworkManager][80689905009] [20:22:22.025410]  wlan: [1753:E :HDD] hdd_is_rcpi_applicable: 4950: mac addr is different from bssid connected
[ 4200.721868] healthd: battery l=100 v=4277 t=22.7 h=2 st=5 c=0 fc=2878000 cc=0 chg=a
[ 4204.006502] R0: [NetworkManager][80805154542] [20:22:28.027990]  wlan: [1753:E :HDD] hdd_is_rcpi_applicable: 4950: mac addr is different from bssid connected
[ 4206.693626] healthd: battery l=100 v=4277 t=22.7 h=2 st=5 c=0 fc=2878000 cc=0 chg=a
[ 4210.005666] R0: [NetworkManager][80920338505] [20:22:34.027155]  wlan: [1753:E :HDD] hdd_is_rcpi_applicable: 4950: mac addr is different from bssid connected
[ 4212.885365] healthd: battery l=100 v=4277 t=22.7 h=2 st=5 c=0 fc=2878000 cc=0 chg=a
[ 4216.003183] R0: [NetworkManager][81035490679] [20:22:40.024665]  wlan: [1753:E :HDD] hdd_is_rcpi_applicable: 4950: mac addr is different from bssid connected
[ 4219.706833] healthd: battery l=100 v=4277 t=22.7 h=2 st=5 c=0 fc=2878000 cc=0 chg=a
[ 4222.007182] R0: [NetworkManager][81150767468] [20:22:46.028665]  wlan: [1753:E :HDD] hdd_is_rcpi_applicable: 4950: mac addr is different from bssid connected
[ 4225.906031] healthd: battery l=100 v=4277 t=22.7 h=2 st=5 c=0 fc=2878000 cc=0 chg=a
[ 4226.188603] R0: [cds_mc_thread][81231050989] [20:22:50.210099]  wlan: [3382:I :WMI] send_set_arp_stats_req_cmd_tlv: 12397: set arp stats flag=1, vdev=0
[ 4226.202407] R0: [cds_mc_thread][81231315076] [20:22:50.223853]  wlan: [3382:I :WMI] send_set_arp_stats_req_cmd_tlv: 12397: set arp stats flag=0, vdev=0
[ 4228.002192] R0: [NetworkManager][81265871706] [20:22:52.023678]  wlan: [1753:E :HDD] hdd_is_rcpi_applicable: 4950: mac addr is different from bssid connected
[ 4232.666947] healthd: battery l=100 v=4277 t=22.7 h=2 st=5 c=0 fc=2878000 cc=0 chg=a
[ 4234.002856] R0: [NetworkManager][81381084469] [20:22:58.024343]  wlan: [1753:E :HDD] hdd_is_rcpi_applicable: 4950: mac addr is different from bssid connected
[ 4236.877795] healthd: battery l=100 v=4277 t=22.7 h=2 st=5 c=0 fc=2878000 cc=0 chg=a
[ 4238.698811] healthd: battery l=100 v=4277 t=22.7 h=2 st=5 c=0 fc=2878000 cc=0 chg=a
[ 4240.005068] R0: [NetworkManager][81496326964] [20:23:04.026557]  wlan: [1753:E :HDD] hdd_is_rcpi_applicable: 4950: mac addr is different from bssid connected
[ 4244.500336] init: Received control message 'interface_start' for 'android.hardware.biometrics.fingerprint@2.1::IBiometricsFingerprint/default' from pid: 34 (/system/bin/hwservicemanager)
[ 4244.500512] init: Could not find service hosting interface android.hardware.biometrics.fingerprint@2.1::IBiometricsFingerprint/default
[ 4244.500862] init: Received control message 'interface_start' for 'android.hardware.biometrics.fingerprint@2.1::IBiometricsFingerprint/default' from pid: 34 (/system/bin/hwservicemanager)
[ 4244.500900] init: Could not find service hosting interface android.hardware.biometrics.fingerprint@2.1::IBiometricsFingerprint/default
[ 4244.890816] healthd: battery l=100 v=4277 t=22.7 h=2 st=5 c=0 fc=2878000 cc=0 chg=a
[ 4246.004279] R0: [NetworkManager][81611511882] [20:23:10.025772]  wlan: [1753:E :HDD] hdd_is_rcpi_applicable: 4950: mac addr is different from bssid connected
[ 4251.658107] healthd: battery l=100 v=4277 t=22.7 h=2 st=5 c=0 fc=2878000 cc=0 chg=a
[ 4252.010620] R0: [NetworkManager][81726832396] [20:23:16.032050]  wlan: [1753:E :HDD] hdd_is_rcpi_applicable: 4950: mac addr is different from bssid connected
[ 4257.892033] healthd: battery l=100 v=4277 t=22.7 h=2 st=5 c=0 fc=2878000 cc=0 chg=a
[ 4258.006774] R0: [NetworkManager][81841959672] [20:23:22.028263]  wlan: [1753:E :HDD] hdd_is_rcpi_applicable: 4950: mac addr is different from bssid connected
[ 4264.006189] R0: [NetworkManager][81957148451] [20:23:28.027679]  wlan: [1753:E :HDD] hdd_is_rcpi_applicable: 4950: mac addr is different from bssid connected
[ 4264.737940] healthd: battery l=100 v=4277 t=22.7 h=2 st=5 c=0 fc=2878000 cc=0 chg=a
[ 4270.005164] R0: [NetworkManager][82072328753] [20:23:34.026653]  wlan: [1753:E :HDD] hdd_is_rcpi_applicable: 4950: mac addr is different from bssid connected
[ 4270.696626] healthd: battery l=100 v=4277 t=22.7 h=2 st=5 c=0 fc=2878000 cc=0 chg=a
[ 4276.002791] R0: [NetworkManager][82187477184] [20:23:40.023968]  wlan: [1753:E :HDD] hdd_is_rcpi_applicable: 4950: mac addr is different from bssid connected
[ 4276.885686] healthd: battery l=100 v=4277 t=22.7 h=2 st=5 c=0 fc=2878000 cc=0 chg=a
[ 4282.006029] R0: [NetworkManager][82302745425] [20:23:46.027523]  wlan: [1753:E :HDD] hdd_is_rcpi_applicable: 4950: mac addr is different from bssid connected
[ 4283.708109] healthd: battery l=100 v=4277 t=22.7 h=2 st=5 c=0 fc=2878000 cc=0 chg=a
[ 4288.004422] R0: [NetworkManager][82417914521] [20:23:52.025914]  wlan: [1753:E :HDD] hdd_is_rcpi_applicable: 4950: mac addr is different from bssid connected
[ 4289.897470] healthd: battery l=100 v=4277 t=22.7 h=2 st=5 c=0 fc=2878000 cc=0 chg=a
[ 4291.897154] R0: [cds_mc_thread][82492655167] [20:23:55.918656]  wlan: [3382:I :WMI] send_set_arp_stats_req_cmd_tlv: 12397: set arp stats flag=1, vdev=0
[ 4291.910703] R0: [cds_mc_thread][82492915407] [20:23:55.932210]  wlan: [3382:I :WMI] send_set_arp_stats_req_cmd_tlv: 12397: set arp stats flag=0, vdev=0
[ 4294.002112] R0: [NetworkManager][82533070181] [20:23:58.023605]  wlan: [1753:E :HDD] hdd_is_rcpi_applicable: 4950: mac addr is different from bssid connected
[ 4296.720160] healthd: battery l=100 v=4277 t=22.7 h=2 st=5 c=0 fc=2878000 cc=0 chg=a
[ 4296.875548] healthd: battery l=100 v=4277 t=22.7 h=2 st=5 c=0 fc=2878000 cc=0 chg=a
[ 4300.007284] R0: [NetworkManager][82648369456] [20:24:04.028776]  wlan: [1753:E :HDD] hdd_is_rcpi_applicable: 4950: mac addr is different from bssid connected
[ 4302.638116] healthd: battery l=100 v=4277 t=22.7 h=2 st=5 c=0 fc=2878000 cc=0 chg=a
[ 4306.002101] R0: [NetworkManager][82763470011] [20:24:10.023597]  wlan: [1753:E :HDD] hdd_is_rcpi_applicable: 4950: mac addr is different from bssid connected
[ 4308.888174] healthd: battery l=100 v=4277 t=22.7 h=2 st=5 c=0 fc=2878000 cc=0 chg=a
[ 4312.000725] R0: [NetworkManager][82878643534] [20:24:16.022219]  wlan: [1753:E :HDD] hdd_is_rcpi_applicable: 4950: mac addr is different from bssid connected
[ 4315.713868] healthd: battery l=100 v=4277 t=22.7 h=2 st=5 c=0 fc=2878000 cc=0 chg=a
[ 4318.003597] R0: [NetworkManager][82993898664] [20:24:22.025091]  wlan: [1753:E :HDD] hdd_is_rcpi_applicable: 4950: mac addr is different from bssid connected
[ 4321.895589] healthd: battery l=100 v=4277 t=22.7 h=2 st=5 c=0 fc=2878000 cc=0 chg=a
[ 4322.615959] R0: [cds_mc_thread][83082456230] [20:24:26.637465]  wlan: [3382:I :WMI] send_set_arp_stats_req_cmd_tlv: 12397: set arp stats flag=1, vdev=0
[ 4322.629960] R0: [cds_mc_thread][83082725116] [20:24:26.651469]  wlan: [3382:I :WMI] send_set_arp_stats_req_cmd_tlv: 12397: set arp stats flag=0, vdev=0
[ 4324.001377] R0: [NetworkManager][83109056233] [20:24:28.022882]  wlan: [1753:E :HDD] hdd_is_rcpi_applicable: 4950: mac addr is different from bssid connected
[ 4328.731033] healthd: battery l=100 v=4277 t=22.7 h=2 st=5 c=0 fc=2878000 cc=0 chg=a
[ 4330.007109] R0: [NetworkManager][83224366208] [20:24:34.028610]  wlan: [1753:E :HDD] hdd_is_rcpi_applicable: 4950: mac addr is different from bssid connected
[ 4334.692758] healthd: battery l=100 v=4277 t=22.7 h=2 st=5 c=0 fc=2878000 cc=0 chg=a
[ 4336.005512] R0: [NetworkManager][83339535497] [20:24:40.027011]  wlan: [1753:E :HDD] hdd_is_rcpi_applicable: 4950: mac addr is different from bssid connected
[ 4340.893150] healthd: battery l=100 v=4277 t=22.7 h=2 st=5 c=0 fc=2878000 cc=0 chg=a
[ 4342.002851] R0: [NetworkManager][83454684479] [20:24:46.024355]  wlan: [1753:E :HDD] hdd_is_rcpi_applicable: 4950: mac addr is different from bssid connected
[ 4344.998226] init: Received control message 'interface_start' for 'android.hardware.biometrics.fingerprint@2.1::IBiometricsFingerprint/default' from pid: 34 (/system/bin/hwservicemanager)
[ 4344.998403] init: Could not find service hosting interface android.hardware.biometrics.fingerprint@2.1::IBiometricsFingerprint/default
[ 4344.999396] init: Received control message 'interface_start' for 'android.hardware.biometrics.fingerprint@2.1::IBiometricsFingerprint/default' from pid: 34 (/system/bin/hwservicemanager)
[ 4344.999435] init: Could not find service hosting interface android.hardware.biometrics.fingerprint@2.1::IBiometricsFingerprint/default
[ 4347.720815] healthd: battery l=100 v=4277 t=22.7 h=2 st=5 c=0 fc=2878000 cc=0 chg=a
[ 4348.001950] R0: [NetworkManager][83569867145] [20:24:52.023452]  wlan: [1753:E :HDD] hdd_is_rcpi_applicable: 4950: mac addr is different from bssid connected
[ 4353.121676] R0: [cds_mc_thread][83668165984] [20:24:57.143184]  wlan: [3382:I :WMI] send_set_arp_stats_req_cmd_tlv: 12397: set arp stats flag=1, vdev=0
[ 4353.137464] R0: [cds_mc_thread][83668469218] [20:24:57.158978]  wlan: [3382:I :WMI] send_set_arp_stats_req_cmd_tlv: 12397: set arp stats flag=0, vdev=0
[ 4353.897341] healthd: battery l=100 v=4277 t=22.7 h=2 st=5 c=0 fc=2878000 cc=0 chg=a
[ 4354.003388] R0: [NetworkManager][83685094728] [20:24:58.024890]  wlan: [1753:E :HDD] hdd_is_rcpi_applicable: 4950: mac addr is different from bssid connected
[ 4356.873895] healthd: battery l=100 v=4277 t=22.7 h=2 st=5 c=0 fc=2878000 cc=0 chg=a
[ 4360.007367] R0: [NetworkManager][83800371070] [20:25:04.028866]  wlan: [1753:E :HDD] hdd_is_rcpi_applicable: 4950: mac addr is different from bssid connected
[ 4360.723259] healthd: battery l=100 v=4277 t=22.7 h=2 st=5 c=0 fc=2878000 cc=0 chg=a
[ 4366.004330] R0: [NetworkManager][83915512809] [20:25:10.025833]  wlan: [1753:E :HDD] hdd_is_rcpi_applicable: 4950: mac addr is different from bssid connected
[ 4366.695516] healthd: battery l=100 v=4277 t=22.7 h=2 st=5 c=0 fc=2878000 cc=0 chg=a
[ 4372.007447] R0: [NetworkManager][84030771221] [20:25:16.028875]  wlan: [1753:E :HDD] hdd_is_rcpi_applicable: 4950: mac addr is different from bssid connected
[ 4372.896848] healthd: battery l=100 v=4277 t=22.7 h=2 st=5 c=0 fc=2878000 cc=0 chg=a
[ 4378.007079] R0: [NetworkManager][84145965642] [20:25:22.028585]  wlan: [1753:E :HDD] hdd_is_rcpi_applicable: 4950: mac addr is different from bssid connected
[ 4379.711591] healthd: battery l=100 v=4277 t=22.7 h=2 st=5 c=0 fc=2878000 cc=0 chg=a
[ 4383.628581] R0: [cds_mc_thread][84253898465] [20:25:27.650087]  wlan: [3382:I :WMI] send_set_arp_stats_req_cmd_tlv: 12397: set arp stats flag=1, vdev=0
[ 4383.642044] R0: [cds_mc_thread][84254157149] [20:25:27.663560]  wlan: [3382:I :WMI] send_set_arp_stats_req_cmd_tlv: 12397: set arp stats flag=0, vdev=0
[ 4384.002072] R0: [NetworkManager][84261069459] [20:25:28.023576]  wlan: [1753:E :HDD] hdd_is_rcpi_applicable: 4950: mac addr is different from bssid connected
[ 4385.890998] healthd: battery l=100 v=4277 t=22.7 h=2 st=5 c=0 fc=2878000 cc=0 chg=a
[ 4390.006391] R0: [NetworkManager][84376348878] [20:25:34.027714]  wlan: [1753:E :HDD] hdd_is_rcpi_applicable: 4950: mac addr is different from bssid connected
[ 4392.718780] healthd: battery l=100 v=4277 t=22.7 h=2 st=5 c=0 fc=2878000 cc=0 chg=a
[ 4396.004180] R0: [NetworkManager][84491510029] [20:25:40.025691]  wlan: [1753:E :HDD] hdd_is_rcpi_applicable: 4950: mac addr is different from bssid connected
[ 4398.691835] healthd: battery l=100 v=4277 t=22.7 h=2 st=5 c=0 fc=2878000 cc=0 chg=a
[ 4402.005263] R0: [NetworkManager][84606730733] [20:25:46.026770]  wlan: [1753:E :HDD] hdd_is_rcpi_applicable: 4950: mac addr is different from bssid connected
[ 4404.882476] healthd: battery l=100 v=4277 t=22.7 h=2 st=5 c=0 fc=2878000 cc=0 chg=a
[ 4408.003479] R0: [NetworkManager][84721895034] [20:25:52.024911]  wlan: [1753:E :HDD] hdd_is_rcpi_applicable: 4950: mac addr is different from bssid connected
[ 4411.703528] healthd: battery l=100 v=4277 t=22.7 h=2 st=5 c=0 fc=2878000 cc=0 chg=a
[ 4414.005445] R0: [NetworkManager][84837134172] [20:25:58.026950]  wlan: [1753:E :HDD] hdd_is_rcpi_applicable: 4950: mac addr is different from bssid connected
[ 4414.134848] R0: [cds_mc_thread][84839618898] [20:25:58.156363]  wlan: [3382:I :WMI] send_set_arp_stats_req_cmd_tlv: 12397: set arp stats flag=1, vdev=0
[ 4414.148736] R0: [cds_mc_thread][84839885614] [20:25:58.170254]  wlan: [3382:I :WMI] send_set_arp_stats_req_cmd_tlv: 12397: set arp stats flag=0, vdev=0
[ 4416.876626] healthd: battery l=100 v=4277 t=22.7 h=2 st=5 c=0 fc=2878000 cc=0 chg=a
[ 4417.897949] healthd: battery l=100 v=4277 t=22.7 h=2 st=5 c=0 fc=2878000 cc=0 chg=a
[ 4420.006260] R0: [NetworkManager][84952349792] [20:26:04.027764]  wlan: [1753:E :HDD] hdd_is_rcpi_applicable: 4950: mac addr is different from bssid connected
[ 4424.720303] healthd: battery l=100 v=4277 t=22.7 h=2 st=5 c=0 fc=2878000 cc=0 chg=a
[ 4426.003839] R0: [NetworkManager][85067503387] [20:26:10.025348]  wlan: [1753:E :HDD] hdd_is_rcpi_applicable: 4950: mac addr is different from bssid connected
[ 4430.697319] healthd: battery l=100 v=4277 t=22.7 h=2 st=5 c=0 fc=2878000 cc=0 chg=a
[ 4432.008091] R0: [NetworkManager][85182785014] [20:26:16.029600]  wlan: [1753:E :HDD] hdd_is_rcpi_applicable: 4950: mac addr is different from bssid connected
[ 4436.881058] healthd: battery l=100 v=4277 t=22.7 h=2 st=5 c=0 fc=2878000 cc=0 chg=a
[ 4438.007039] R0: [NetworkManager][85297964837] [20:26:22.028549]  wlan: [1753:E :HDD] hdd_is_rcpi_applicable: 4950: mac addr is different from bssid connected
[ 4443.707832] healthd: battery l=100 v=4277 t=22.7 h=2 st=5 c=0 fc=2878000 cc=0 chg=a
[ 4444.004186] R0: [NetworkManager][85413110058] [20:26:28.025697]  wlan: [1753:E :HDD] hdd_is_rcpi_applicable: 4950: mac addr is different from bssid connected
[ 4444.855274] R0: [cds_mc_thread][85429451005] [20:26:28.876788]  wlan: [3382:I :WMI] send_set_arp_stats_req_cmd_tlv: 12397: set arp stats flag=1, vdev=0
[ 4444.870681] R0: [cds_mc_thread][85429746994] [20:26:28.892204]  wlan: [3382:I :WMI] send_set_arp_stats_req_cmd_tlv: 12397: set arp stats flag=0, vdev=0
[ 4445.751641] init: Received control message 'interface_start' for 'android.hardware.biometrics.fingerprint@2.1::IBiometricsFingerprint/default' from pid: 34 (/system/bin/hwservicemanager)
[ 4445.751752] init: Could not find service hosting interface android.hardware.biometrics.fingerprint@2.1::IBiometricsFingerprint/default
[ 4445.753072] init: Received control message 'interface_start' for 'android.hardware.biometrics.fingerprint@2.1::IBiometricsFingerprint/default' from pid: 34 (/system/bin/hwservicemanager)
[ 4445.753113] init: Could not find service hosting interface android.hardware.biometrics.fingerprint@2.1::IBiometricsFingerprint/default
[ 4449.843468] healthd: battery l=100 v=4277 t=22.7 h=2 st=5 c=0 fc=2878000 cc=0 chg=a
[ 4450.001792] R0: [NetworkManager][85528264083] [20:26:34.023303]  wlan: [1753:E :HDD] hdd_is_rcpi_applicable: 4950: mac addr is different from bssid connected
[ 4456.000883] R0: [NetworkManager][85643446752] [20:26:40.022401]  wlan: [1753:E :HDD] hdd_is_rcpi_applicable: 4950: mac addr is different from bssid connected
[ 4456.716868] healthd: battery l=100 v=4277 t=22.7 h=2 st=5 c=0 fc=2878000 cc=0 chg=a
[ 4462.007229] R0: [NetworkManager][85758768431] [20:26:46.028739]  wlan: [1753:E :HDD] hdd_is_rcpi_applicable: 4950: mac addr is different from bssid connected
[ 4462.691689] healthd: battery l=100 v=4277 t=22.7 h=2 st=5 c=0 fc=2878000 cc=0 chg=a
[ 4468.005155] R0: [NetworkManager][85873928559] [20:26:52.026663]  wlan: [1753:E :HDD] hdd_is_rcpi_applicable: 4950: mac addr is different from bssid connected
[ 4468.832711] healthd: battery l=100 v=4277 t=22.7 h=2 st=5 c=0 fc=2878000 cc=0 chg=a
[ 4474.001158] R0: [NetworkManager][85989051829] [20:26:58.022667]  wlan: [1753:E :HDD] hdd_is_rcpi_applicable: 4950: mac addr is different from bssid connected
[ 4475.707583] healthd: battery l=100 v=4277 t=22.7 h=2 st=5 c=0 fc=2878000 cc=0 chg=a
[ 4476.872330] healthd: battery l=100 v=4277 t=22.7 h=2 st=5 c=0 fc=2878000 cc=0 chg=a
[ 4480.000738] R0: [NetworkManager][86104243832] [20:27:04.022251]  wlan: [1753:E :HDD] hdd_is_rcpi_applicable: 4950: mac addr is different from bssid connected
[ 4481.896202] healthd: battery l=100 v=4277 t=22.7 h=2 st=5 c=0 fc=2878000 cc=0 chg=a
[ 4486.002163] R0: [NetworkManager][86219471197] [20:27:10.023677]  wlan: [1753:E :HDD] hdd_is_rcpi_applicable: 4950: mac addr is different from bssid connected
[ 4488.721767] healthd: battery l=100 v=4277 t=22.7 h=2 st=5 c=0 fc=2878000 cc=0 chg=a
[ 4492.002395] R0: [NetworkManager][86334675676] [20:27:16.023911]  wlan: [1753:E :HDD] hdd_is_rcpi_applicable: 4950: mac addr is different from bssid connected
[ 4494.696963] healthd: battery l=100 v=4277 t=22.7 h=2 st=5 c=0 fc=2878000 cc=0 chg=a
[ 4498.007144] R0: [NetworkManager][86449966760] [20:27:22.028656]  wlan: [1753:E :HDD] hdd_is_rcpi_applicable: 4950: mac addr is different from bssid connected
[ 4500.876736] healthd: battery l=100 v=4277 t=22.7 h=2 st=5 c=0 fc=2878000 cc=0 chg=a
[ 4504.004050] R0: [NetworkManager][86565107359] [20:27:28.025562]  wlan: [1753:E :HDD] hdd_is_rcpi_applicable: 4950: mac addr is different from bssid connected
[ 4505.869565] R0: [cds_mc_thread][86600924120] [20:27:29.891019]  wlan: [3382:I :WMI] send_set_arp_stats_req_cmd_tlv: 12397: set arp stats flag=1, vdev=0
[ 4505.884539] R0: [cds_mc_thread][86601213043] [20:27:29.906067]  wlan: [3382:I :WMI] send_set_arp_stats_req_cmd_tlv: 12397: set arp stats flag=0, vdev=0
[ 4507.716659] healthd: battery l=100 v=4277 t=22.7 h=2 st=5 c=0 fc=2878000 cc=0 chg=a
[ 4510.001718] R0: [NetworkManager][86680262637] [20:27:34.023234]  wlan: [1753:E :HDD] hdd_is_rcpi_applicable: 4950: mac addr is different from bssid connected
[ 4513.898744] healthd: battery l=100 v=4277 t=22.7 h=2 st=5 c=0 fc=2878000 cc=0 chg=a
[ 4516.006933] R0: [NetworkManager][86795562880] [20:27:40.028455]  wlan: [1753:E :HDD] hdd_is_rcpi_applicable: 4950: mac addr is different from bssid connected
[ 4520.723592] healthd: battery l=100 v=4277 t=22.7 h=2 st=5 c=0 fc=2878000 cc=0 chg=a
[ 4522.004646] R0: [NetworkManager][86910718875] [20:27:46.026164]  wlan: [1753:E :HDD] hdd_is_rcpi_applicable: 4950: mac addr is different from bssid connected
[ 4526.694232] healthd: battery l=100 v=4277 t=22.7 h=2 st=5 c=0 fc=2878000 cc=0 chg=a
[ 4528.003346] R0: [NetworkManager][87025893896] [20:27:52.024864]  wlan: [1753:E :HDD] hdd_is_rcpi_applicable: 4950: mac addr is different from bssid connected
[ 4532.883534] healthd: battery l=100 v=4277 t=22.7 h=2 st=5 c=0 fc=2878000 cc=0 chg=a
[ 4534.003422] R0: [NetworkManager][87141095369] [20:27:58.024941]  wlan: [1753:E :HDD] hdd_is_rcpi_applicable: 4950: mac addr is different from bssid connected
[ 4536.875860] healthd: battery l=100 v=4277 t=22.7 h=2 st=5 c=0 fc=2878000 cc=0 chg=a
[ 4539.704377] healthd: battery l=100 v=4277 t=22.7 h=2 st=5 c=0 fc=2878000 cc=0 chg=a
[ 4540.002167] R0: [NetworkManager][87256271206] [20:28:04.023683]  wlan: [1753:E :HDD] hdd_is_rcpi_applicable: 4950: mac addr is different from bssid connected
[ 4545.900709] healthd: battery l=100 v=4277 t=22.7 h=2 st=5 c=0 fc=2878000 cc=0 chg=a
[ 4546.002352] R0: [NetworkManager][87371474956] [20:28:10.023879]  wlan: [1753:E :HDD] hdd_is_rcpi_applicable: 4950: mac addr is different from bssid connected
[ 4546.486060] init: Received control message 'interface_start' for 'android.hardware.biometrics.fingerprint@2.1::IBiometricsFingerprint/default' from pid: 34 (/system/bin/hwservicemanager)
[ 4546.486170] init: Could not find service hosting interface android.hardware.biometrics.fingerprint@2.1::IBiometricsFingerprint/default
[ 4546.487171] init: Received control message 'interface_start' for 'android.hardware.biometrics.fingerprint@2.1::IBiometricsFingerprint/default' from pid: 34 (/system/bin/hwservicemanager)
[ 4546.487224] init: Could not find service hosting interface android.hardware.biometrics.fingerprint@2.1::IBiometricsFingerprint/default
[ 4552.007926] R0: [NetworkManager][87486781794] [20:28:16.029444]  wlan: [1753:E :HDD] hdd_is_rcpi_applicable: 4950: mac addr is different from bssid connected
[ 4552.724552] healthd: battery l=100 v=4277 t=22.7 h=2 st=5 c=0 fc=2878000 cc=0 chg=a
[ 4558.006682] R0: [NetworkManager][87601957874] [20:28:22.028199]  wlan: [1753:E :HDD] hdd_is_rcpi_applicable: 4950: mac addr is different from bssid connected
[ 4558.705004] healthd: battery l=100 v=4277 t=22.7 h=2 st=5 c=0 fc=2878000 cc=0 chg=a
[ 4564.003499] R0: [NetworkManager][87717096838] [20:28:28.025021]  wlan: [1753:E :HDD] hdd_is_rcpi_applicable: 4950: mac addr is different from bssid connected
[ 4564.883976] healthd: battery l=100 v=4277 t=22.7 h=2 st=5 c=0 fc=2878000 cc=0 chg=a
[ 4566.881814] R0: [cds_mc_thread][87772360542] [20:28:30.903339]  wlan: [3382:I :WMI] send_set_arp_stats_req_cmd_tlv: 12397: set arp stats flag=1, vdev=0
[ 4566.897331] R0: [cds_mc_thread][87772658660] [20:28:30.918866]  wlan: [3382:I :WMI] send_set_arp_stats_req_cmd_tlv: 12397: set arp stats flag=0, vdev=0
[ 4570.002270] R0: [NetworkManager][87832273199] [20:28:34.023790]  wlan: [1753:E :HDD] hdd_is_rcpi_applicable: 4950: mac addr is different from bssid connected
[ 4571.711827] healthd: battery l=100 v=4277 t=22.7 h=2 st=5 c=0 fc=2878000 cc=0 chg=a
[ 4576.001866] R0: [NetworkManager][87947465458] [20:28:40.023387]  wlan: [1753:E :HDD] hdd_is_rcpi_applicable: 4950: mac addr is different from bssid connected
[ 4577.890589] healthd: battery l=100 v=4277 t=22.7 h=2 st=5 c=0 fc=2878000 cc=0 chg=a
[ 4582.005563] R0: [NetworkManager][88062736354] [20:28:46.027080]  wlan: [1753:E :HDD] hdd_is_rcpi_applicable: 4950: mac addr is different from bssid connected
[ 4584.723820] healthd: battery l=100 v=4277 t=22.7 h=2 st=5 c=0 fc=2878000 cc=0 chg=a
[ 4588.007589] R0: [NetworkManager][88177975352] [20:28:52.029112]  wlan: [1753:E :HDD] hdd_is_rcpi_applicable: 4950: mac addr is different from bssid connected
[ 4590.699730] healthd: battery l=100 v=4277 t=22.7 h=2 st=5 c=0 fc=2878000 cc=0 chg=a
[ 4594.005255] R0: [NetworkManager][88293130711] [20:28:58.026788]  wlan: [1753:E :HDD] hdd_is_rcpi_applicable: 4950: mac addr is different from bssid connected
[ 4596.873095] healthd: battery l=100 v=4277 t=22.7 h=2 st=5 c=0 fc=2878000 cc=0 chg=a
[ 4596.899840] healthd: battery l=100 v=4277 t=22.7 h=2 st=5 c=0 fc=2878000 cc=0 chg=a
[ 4600.002401] R0: [NetworkManager][88408275711] [20:29:04.023924]  wlan: [1753:E :HDD] hdd_is_rcpi_applicable: 4950: mac addr is different from bssid connected
[ 4603.705025] healthd: battery l=100 v=4277 t=22.7 h=2 st=5 c=0 fc=2878000 cc=0 chg=a
[ 4606.006223] R0: [NetworkManager][88523549104] [20:29:10.027747]  wlan: [1753:E :HDD] hdd_is_rcpi_applicable: 4950: mac addr is different from bssid connected
[ 4609.898954] healthd: battery l=100 v=4277 t=22.7 h=2 st=5 c=0 fc=2878000 cc=0 chg=a
[ 4612.004935] R0: [NetworkManager][88638724398] [20:29:16.026461]  wlan: [1753:E :HDD] hdd_is_rcpi_applicable: 4950: mac addr is different from bssid connected
[ 4616.161499] R0: [cds_mc_thread][88718530555] [20:29:20.183032]  wlan: [3382:I :WMI] send_set_arp_stats_req_cmd_tlv: 12397: set arp stats flag=1, vdev=0
[ 4616.180683] R0: [cds_mc_thread][88718899012] [20:29:20.202222]  wlan: [3382:I :WMI] send_set_arp_stats_req_cmd_tlv: 12397: set arp stats flag=0, vdev=0
[ 4616.725180] healthd: battery l=100 v=4277 t=22.7 h=2 st=5 c=0 fc=2878000 cc=0 chg=a
[ 4618.003245] R0: [NetworkManager][88753891916] [20:29:22.024769]  wlan: [1753:E :HDD] hdd_is_rcpi_applicable: 4950: mac addr is different from bssid connected
[ 4622.699070] healthd: battery l=100 v=4277 t=22.7 h=2 st=5 c=0 fc=2878000 cc=0 chg=a
[ 4624.003959] R0: [NetworkManager][88869105612] [20:29:28.025483]  wlan: [1753:E :HDD] hdd_is_rcpi_applicable: 4950: mac addr is different from bssid connected
[ 4628.878108] healthd: battery l=100 v=4277 t=22.7 h=2 st=5 c=0 fc=2878000 cc=0 chg=a
[ 4630.004310] R0: [NetworkManager][88984312355] [20:29:34.025835]  wlan: [1753:E :HDD] hdd_is_rcpi_applicable: 4950: mac addr is different from bssid connected
[ 4635.707262] healthd: battery l=100 v=4277 t=22.7 h=2 st=5 c=0 fc=2878000 cc=0 chg=a
[ 4636.006152] R0: [NetworkManager][89099547739] [20:29:40.027679]  wlan: [1753:E :HDD] hdd_is_rcpi_applicable: 4950: mac addr is different from bssid connected
[ 4641.896994] healthd: battery l=100 v=4277 t=22.7 h=2 st=5 c=0 fc=2878000 cc=0 chg=a
[ 4642.003011] R0: [NetworkManager][89214686270] [20:29:46.024478]  wlan: [1753:E :HDD] hdd_is_rcpi_applicable: 4950: mac addr is different from bssid connected
[ 4646.997987] init: Received control message 'interface_start' for 'android.hardware.biometrics.fingerprint@2.1::IBiometricsFingerprint/default' from pid: 34 (/system/bin/hwservicemanager)
[ 4646.998192] init: Could not find service hosting interface android.hardware.biometrics.fingerprint@2.1::IBiometricsFingerprint/default
[ 4646.998659] init: Received control message 'interface_start' for 'android.hardware.biometrics.fingerprint@2.1::IBiometricsFingerprint/default' from pid: 34 (/system/bin/hwservicemanager)
[ 4646.998692] init: Could not find service hosting interface android.hardware.biometrics.fingerprint@2.1::IBiometricsFingerprint/default
[ 4648.001059] R0: [NetworkManager][89329849986] [20:29:52.022589]  wlan: [1753:E :HDD] hdd_is_rcpi_applicable: 4950: mac addr is different from bssid connected
[ 4648.722074] healthd: battery l=100 v=4277 t=22.7 h=2 st=5 c=0 fc=2878000 cc=0 chg=a
[ 4654.004594] R0: [NetworkManager][89445117874] [20:29:58.026125]  wlan: [1753:E :HDD] hdd_is_rcpi_applicable: 4950: mac addr is different from bssid connected
[ 4654.699904] healthd: battery l=100 v=4277 t=22.7 h=2 st=5 c=0 fc=2878000 cc=0 chg=a
[ 4656.871786] healthd: battery l=100 v=4277 t=22.7 h=2 st=5 c=0 fc=2878000 cc=0 chg=a
[ 4660.006201] R0: [NetworkManager][89560348701] [20:30:04.027731]  wlan: [1753:E :HDD] hdd_is_rcpi_applicable: 4950: mac addr is different from bssid connected
[ 4660.888266] healthd: battery l=100 v=4277 t=22.7 h=2 st=5 c=0 fc=2878000 cc=0 chg=a
[ 4666.004165] R0: [NetworkManager][89675509597] [20:30:10.025695]  wlan: [1753:E :HDD] hdd_is_rcpi_applicable: 4950: mac addr is different from bssid connected
[ 4667.714496] healthd: battery l=100 v=4277 t=22.7 h=2 st=5 c=0 fc=2878000 cc=0 chg=a
[ 4672.002873] R0: [NetworkManager][89790684821] [20:30:16.024405]  wlan: [1753:E :HDD] hdd_is_rcpi_applicable: 4950: mac addr is different from bssid connected
[ 4673.548302] R0: [cds_mc_thread][89820357231] [20:30:17.569844]  wlan: [3382:I :WMI] send_set_arp_stats_req_cmd_tlv: 12397: set arp stats flag=1, vdev=0
[ 4673.561526] R0: [cds_mc_thread][89820611176] [20:30:17.583070]  wlan: [3382:I :WMI] send_set_arp_stats_req_cmd_tlv: 12397: set arp stats flag=0, vdev=0
[ 4673.893584] healthd: battery l=100 v=4277 t=22.7 h=2 st=5 c=0 fc=2878000 cc=0 chg=a
[ 4678.006017] R0: [NetworkManager][89905945140] [20:30:22.027548]  wlan: [1753:E :HDD] hdd_is_rcpi_applicable: 4950: mac addr is different from bssid connected
[ 4680.724890] healthd: battery l=100 v=4277 t=22.7 h=2 st=5 c=0 fc=2878000 cc=0 chg=a
[ 4684.004211] R0: [NetworkManager][90021110412] [20:30:28.025739]  wlan: [1753:E :HDD] hdd_is_rcpi_applicable: 4950: mac addr is different from bssid connected
[ 4686.694747] healthd: battery l=100 v=4277 t=22.7 h=2 st=5 c=0 fc=2878000 cc=0 chg=a
[ 4690.002942] R0: [NetworkManager][90136286120] [20:30:34.024475]  wlan: [1753:E :HDD] hdd_is_rcpi_applicable: 4950: mac addr is different from bssid connected
[ 4692.876941] healthd: battery l=100 v=4277 t=22.7 h=2 st=5 c=0 fc=2878000 cc=0 chg=a
[ 4696.001137] R0: [NetworkManager][90251451456] [20:30:40.022670]  wlan: [1753:E :HDD] hdd_is_rcpi_applicable: 4950: mac addr is different from bssid connected
[ 4699.726715] healthd: battery l=100 v=4277 t=22.7 h=2 st=5 c=0 fc=2878000 cc=0 chg=a
[ 4702.003261] R0: [NetworkManager][90366690724] [20:30:46.024716]  wlan: [1753:E :HDD] hdd_is_rcpi_applicable: 4950: mac addr is different from bssid connected
[ 4705.899571] healthd: battery l=100 v=4277 t=22.7 h=2 st=5 c=0 fc=2878000 cc=0 chg=a
[ 4708.003882] R0: [NetworkManager][90481904140] [20:30:52.025415]  wlan: [1753:E :HDD] hdd_is_rcpi_applicable: 4950: mac addr is different from bssid connected
[ 4712.722135] healthd: battery l=100 v=4277 t=22.7 h=2 st=5 c=0 fc=2878000 cc=0 chg=a
[ 4714.001430] R0: [NetworkManager][90597057159] [20:30:58.022969]  wlan: [1753:E :HDD] hdd_is_rcpi_applicable: 4950: mac addr is different from bssid connected
[ 4716.873043] healthd: battery l=100 v=4277 t=22.7 h=2 st=5 c=0 fc=2878000 cc=0 chg=a
[ 4718.699052] healthd: battery l=100 v=4277 t=22.7 h=2 st=5 c=0 fc=2878000 cc=0 chg=a
[ 4720.008175] R0: [NetworkManager][90712386648] [20:31:04.029714]  wlan: [1753:E :HDD] hdd_is_rcpi_applicable: 4950: mac addr is different from bssid connected
[ 4723.681986] R0: [cds_mc_thread][90782923895] [20:31:07.703529]  wlan: [3382:I :WMI] send_set_arp_stats_req_cmd_tlv: 12397: set arp stats flag=1, vdev=0
[ 4723.702208] R0: [cds_mc_thread][90783312270] [20:31:07.723757]  wlan: [3382:I :WMI] send_set_arp_stats_req_cmd_tlv: 12397: set arp stats flag=0, vdev=0
[ 4724.882303] healthd: battery l=100 v=4277 t=22.7 h=2 st=5 c=0 fc=2878000 cc=0 chg=a
[ 4726.001622] R0: [NetworkManager][90827460776] [20:31:10.023158]  wlan: [1753:E :HDD] hdd_is_rcpi_applicable: 4950: mac addr is different from bssid connected
[ 4731.716635] healthd: battery l=100 v=4277 t=22.7 h=2 st=5 c=0 fc=2878000 cc=0 chg=a
[ 4732.002948] R0: [NetworkManager][90942686216] [20:31:16.024484]  wlan: [1753:E :HDD] hdd_is_rcpi_applicable: 4950: mac addr is different from bssid connected
[ 4737.908467] healthd: battery l=100 v=4277 t=22.7 h=2 st=5 c=0 fc=2878000 cc=0 chg=a
[ 4738.007668] R0: [NetworkManager][91057976979] [20:31:22.029212]  wlan: [1753:E :HDD] hdd_is_rcpi_applicable: 4950: mac addr is different from bssid connected
[ 4744.005396] R0: [NetworkManager][91173133208] [20:31:28.026933]  wlan: [1753:E :HDD] hdd_is_rcpi_applicable: 4950: mac addr is different from bssid connected
[ 4744.727296] healthd: battery l=100 v=4277 t=22.7 h=2 st=5 c=0 fc=2878000 cc=0 chg=a
[ 4747.489749] init: Received control message 'interface_start' for 'android.hardware.biometrics.fingerprint@2.1::IBiometricsFingerprint/default' from pid: 34 (/system/bin/hwservicemanager)
[ 4747.489925] init: Could not find service hosting interface android.hardware.biometrics.fingerprint@2.1::IBiometricsFingerprint/default
[ 4747.490398] init: Received control message 'interface_start' for 'android.hardware.biometrics.fingerprint@2.1::IBiometricsFingerprint/default' from pid: 34 (/system/bin/hwservicemanager)
[ 4747.490446] init: Could not find service hosting interface android.hardware.biometrics.fingerprint@2.1::IBiometricsFingerprint/default
[ 4750.002015] R0: [NetworkManager][91288268345] [20:31:34.023555]  wlan: [1753:E :HDD] hdd_is_rcpi_applicable: 4950: mac addr is different from bssid connected
[ 4750.693770] healthd: battery l=100 v=4277 t=22.7 h=2 st=5 c=0 fc=2878000 cc=0 chg=a
[ 4756.002107] R0: [NetworkManager][91403470108] [20:31:40.023647]  wlan: [1753:E :HDD] hdd_is_rcpi_applicable: 4950: mac addr is different from bssid connected
[ 4756.884203] healthd: battery l=100 v=4277 t=22.7 h=2 st=5 c=0 fc=2878000 cc=0 chg=a
[ 4757.538303] healthd: battery l=100 v=4277 t=22.7 h=2 st=5 c=0 fc=2878000 cc=0 chg=a
[ 4762.006268] R0: [NetworkManager][91518749925] [20:31:46.027805]  wlan: [1753:E :HDD] hdd_is_rcpi_applicable: 4950: mac addr is different from bssid connected
[ 4763.712349] healthd: battery l=100 v=4276 t=22.7 h=2 st=5 c=0 fc=2878000 cc=0 chg=a
[ 4768.005251] R0: [NetworkManager][91633930370] [20:31:52.026787]  wlan: [1753:E :HDD] hdd_is_rcpi_applicable: 4950: mac addr is different from bssid connected
[ 4769.895943] healthd: battery l=100 v=4276 t=22.7 h=2 st=5 c=0 fc=2878000 cc=0 chg=a
[ 4774.003438] R0: [NetworkManager][91749095644] [20:31:58.024979]  wlan: [1753:E :HDD] hdd_is_rcpi_applicable: 4950: mac addr is different from bssid connected
[ 4776.725305] healthd: battery l=100 v=4276 t=22.7 h=2 st=5 c=0 fc=2878000 cc=0 chg=a
[ 4776.875701] healthd: battery l=100 v=4276 t=22.7 h=2 st=5 c=0 fc=2878000 cc=0 chg=a
[ 4780.003327] R0: [NetworkManager][91864293609] [20:32:04.024874]  wlan: [1753:E :HDD] hdd_is_rcpi_applicable: 4950: mac addr is different from bssid connected
[ 4780.429558] R0: [cds_mc_thread][91872477240] [20:32:04.451105]  wlan: [3382:I :WMI] send_set_arp_stats_req_cmd_tlv: 12397: set arp stats flag=1, vdev=0
[ 4780.444004] R0: [cds_mc_thread][91872754757] [20:32:04.465559]  wlan: [3382:I :WMI] send_set_arp_stats_req_cmd_tlv: 12397: set arp stats flag=0, vdev=0
[ 4782.694200] healthd: battery l=100 v=4276 t=22.7 h=2 st=5 c=0 fc=2878000 cc=0 chg=a
[ 4786.005288] R0: [NetworkManager][91979531096] [20:32:10.026827]  wlan: [1753:E :HDD] hdd_is_rcpi_applicable: 4950: mac addr is different from bssid connected
[ 4788.882248] healthd: battery l=100 v=4276 t=22.7 h=2 st=5 c=0 fc=2878000 cc=0 chg=a
[ 4792.003292] R0: [NetworkManager][92094692881] [20:32:16.024837]  wlan: [1753:E :HDD] hdd_is_rcpi_applicable: 4950: mac addr is different from bssid connected
[ 4795.705551] healthd: battery l=100 v=4276 t=22.7 h=2 st=5 c=0 fc=2878000 cc=0 chg=a
[ 4798.003688] R0: [NetworkManager][92209900380] [20:32:22.025228]  wlan: [1753:E :HDD] hdd_is_rcpi_applicable: 4950: mac addr is different from bssid connected
[ 4801.893655] healthd: battery l=100 v=4277 t=22.6 h=2 st=5 c=0 fc=2878000 cc=0 chg=a
[ 4804.002631] R0: [NetworkManager][92325075999] [20:32:28.023959]  wlan: [1753:E :HDD] hdd_is_rcpi_applicable: 4950: mac addr is different from bssid connected
[ 4808.724840] healthd: battery l=100 v=4277 t=22.6 h=2 st=5 c=0 fc=2878000 cc=0 chg=a
[ 4810.003650] R0: [NetworkManager][92440299742] [20:32:34.025196]  wlan: [1753:E :HDD] hdd_is_rcpi_applicable: 4950: mac addr is different from bssid connected
[ 4810.934548] R0: [cds_mc_thread][92458173152] [20:32:34.956103]  wlan: [3382:I :WMI] send_set_arp_stats_req_cmd_tlv: 12397: set arp stats flag=1, vdev=0
[ 4810.937939] R0: [cds_mc_thread][92458238337] [20:32:34.959498]  wlan: [3382:I :WMI] send_set_arp_stats_req_cmd_tlv: 12397: set arp stats flag=0, vdev=0
[ 4814.701259] healthd: battery l=100 v=4277 t=22.6 h=2 st=5 c=0 fc=2878000 cc=0 chg=a
[ 4816.004260] R0: [NetworkManager][92555511437] [20:32:40.025806]  wlan: [1753:E :HDD] hdd_is_rcpi_applicable: 4950: mac addr is different from bssid connected
[ 4820.877994] healthd: battery l=100 v=4277 t=22.6 h=2 st=5 c=0 fc=2878000 cc=0 chg=a
[ 4822.009842] R0: [NetworkManager][92670818596] [20:32:46.031388]  wlan: [1753:E :HDD] hdd_is_rcpi_applicable: 4950: mac addr is different from bssid connected
[ 4827.711342] healthd: battery l=100 v=4277 t=22.7 h=2 st=5 c=0 fc=2878000 cc=0 chg=a
[ 4828.006064] R0: [NetworkManager][92785946090] [20:32:52.027612]  wlan: [1753:E :HDD] hdd_is_rcpi_applicable: 4950: mac addr is different from bssid connected
[ 4833.897979] healthd: battery l=100 v=4277 t=22.7 h=2 st=5 c=0 fc=2878000 cc=0 chg=a
[ 4834.000843] R0: [NetworkManager][92901045797] [20:32:58.022389]  wlan: [1753:E :HDD] hdd_is_rcpi_applicable: 4950: mac addr is different from bssid connected
[ 4836.875267] healthd: battery l=100 v=4277 t=22.7 h=2 st=5 c=0 fc=2878000 cc=0 chg=a
[ 4840.007152] R0: [NetworkManager][93016366954] [20:33:04.028700]  wlan: [1753:E :HDD] hdd_is_rcpi_applicable: 4950: mac addr is different from bssid connected
[ 4840.718046] healthd: battery l=100 v=4277 t=22.7 h=2 st=5 c=0 fc=2878000 cc=0 chg=a
[ 4846.006727] R0: [NetworkManager][93131558870] [20:33:10.028279]  wlan: [1753:E :HDD] hdd_is_rcpi_applicable: 4950: mac addr is different from bssid connected
[ 4846.696110] healthd: battery l=100 v=4277 t=22.6 h=2 st=5 c=0 fc=2878000 cc=0 chg=a
[ 4848.254239] init: Received control message 'interface_start' for 'android.hardware.biometrics.fingerprint@2.1::IBiometricsFingerprint/default' from pid: 34 (/system/bin/hwservicemanager)
[ 4848.254337] init: Could not find service hosting interface android.hardware.biometrics.fingerprint@2.1::IBiometricsFingerprint/default
[ 4848.254893] init: Received control message 'interface_start' for 'android.hardware.biometrics.fingerprint@2.1::IBiometricsFingerprint/default' from pid: 34 (/system/bin/hwservicemanager)
[ 4848.254925] init: Could not find service hosting interface android.hardware.biometrics.fingerprint@2.1::IBiometricsFingerprint/default
[ 4852.003104] R0: [NetworkManager][93246687851] [20:33:16.024581]  wlan: [1753:E :HDD] hdd_is_rcpi_applicable: 4950: mac addr is different from bssid connected
[ 4852.885028] healthd: battery l=100 v=4277 t=22.6 h=2 st=5 c=0 fc=2878000 cc=0 chg=a
[ 4858.006141] R0: [NetworkManager][93361947421] [20:33:22.027684]  wlan: [1753:E :HDD] hdd_is_rcpi_applicable: 4950: mac addr is different from bssid connected
[ 4859.714118] healthd: battery l=100 v=4277 t=22.6 h=2 st=5 c=0 fc=2878000 cc=0 chg=a
[ 4861.922169] R0: [cds_mc_thread][93437135406] [20:33:25.943726]  wlan: [3382:I :WMI] send_set_arp_stats_req_cmd_tlv: 12397: set arp stats flag=1, vdev=0
[ 4861.934774] R0: [cds_mc_thread][93437377545] [20:33:25.956337]  wlan: [3382:I :WMI] send_set_arp_stats_req_cmd_tlv: 12397: set arp stats flag=0, vdev=0
[ 4864.003114] R0: [NetworkManager][93477089336] [20:33:28.024660]  wlan: [1753:E :HDD] hdd_is_rcpi_applicable: 4950: mac addr is different from bssid connected
[ 4865.898543] healthd: battery l=100 v=4277 t=22.6 h=2 st=5 c=0 fc=2878000 cc=0 chg=a
[ 4870.003878] R0: [NetworkManager][93592304073] [20:33:34.025428]  wlan: [1753:E :HDD] hdd_is_rcpi_applicable: 4950: mac addr is different from bssid connected
[ 4872.676839] healthd: battery l=100 v=4277 t=22.6 h=2 st=5 c=0 fc=2878000 cc=0 chg=a
[ 4876.002700] R0: [NetworkManager][93707481458] [20:33:40.024250]  wlan: [1753:E :HDD] hdd_is_rcpi_applicable: 4950: mac addr is different from bssid connected
[ 4878.704360] healthd: battery l=100 v=4277 t=22.6 h=2 st=5 c=0 fc=2878000 cc=0 chg=a
[ 4882.003473] R0: [NetworkManager][93822696332] [20:33:46.025026]  wlan: [1753:E :HDD] hdd_is_rcpi_applicable: 4950: mac addr is different from bssid connected
[ 4884.887086] healthd: battery l=100 v=4277 t=22.6 h=2 st=5 c=0 fc=2878000 cc=0 chg=a
[ 4888.007269] R0: [NetworkManager][93937969218] [20:33:52.028823]  wlan: [1753:E :HDD] hdd_is_rcpi_applicable: 4950: mac addr is different from bssid connected
[ 4891.707894] healthd: battery l=100 v=4277 t=22.6 h=2 st=5 c=0 fc=2878000 cc=0 chg=a
[ 4892.428367] R0: [cds_mc_thread][94022854469] [20:33:56.449930]  wlan: [3382:I :WMI] send_set_arp_stats_req_cmd_tlv: 12397: set arp stats flag=1, vdev=0
[ 4892.444166] R0: [cds_mc_thread][94023157873] [20:33:56.465732]  wlan: [3382:I :WMI] send_set_arp_stats_req_cmd_tlv: 12397: set arp stats flag=0, vdev=0
[ 4894.003631] R0: [NetworkManager][94053099359] [20:33:58.025185]  wlan: [1753:E :HDD] hdd_is_rcpi_applicable: 4950: mac addr is different from bssid connected
[ 4896.877425] healthd: battery l=100 v=4277 t=22.6 h=2 st=5 c=0 fc=2878000 cc=0 chg=a
[ 4897.897230] healthd: battery l=100 v=4277 t=22.6 h=2 st=5 c=0 fc=2878000 cc=0 chg=a
[ 4900.006939] R0: [NetworkManager][94168362826] [20:34:04.028491]  wlan: [1753:E :HDD] hdd_is_rcpi_applicable: 4950: mac addr is different from bssid connected
[ 4904.725949] healthd: battery l=100 v=4276 t=22.6 h=2 st=5 c=0 fc=2878000 cc=0 chg=a
[ 4906.007030] R0: [NetworkManager][94283564554] [20:34:10.028581]  wlan: [1753:E :HDD] hdd_is_rcpi_applicable: 4950: mac addr is different from bssid connected
[ 4910.706019] healthd: battery l=100 v=4276 t=22.6 h=2 st=5 c=0 fc=2878000 cc=0 chg=a
[ 4912.001222] R0: [NetworkManager][94398653047] [20:34:16.022774]  wlan: [1753:E :HDD] hdd_is_rcpi_applicable: 4950: mac addr is different from bssid connected
[ 4916.895775] healthd: battery l=100 v=4276 t=22.6 h=2 st=5 c=0 fc=2878000 cc=0 chg=a
[ 4918.004709] R0: [NetworkManager][94513920157] [20:34:22.026270]  wlan: [1753:E :HDD] hdd_is_rcpi_applicable: 4950: mac addr is different from bssid connected
[ 4922.934909] R0: [cds_mc_thread][94608580026] [20:34:26.956472]  wlan: [3382:I :WMI] send_set_arp_stats_req_cmd_tlv: 12397: set arp stats flag=1, vdev=0
[ 4922.950843] R0: [cds_mc_thread][94608886069] [20:34:26.972412]  wlan: [3382:I :WMI] send_set_arp_stats_req_cmd_tlv: 12397: set arp stats flag=0, vdev=0
[ 4923.713067] healthd: battery l=100 v=4277 t=22.6 h=2 st=5 c=0 fc=2878000 cc=0 chg=a
[ 4924.001988] R0: [NetworkManager][94629067805] [20:34:28.023544]  wlan: [1753:E :HDD] hdd_is_rcpi_applicable: 4950: mac addr is different from bssid connected
[ 4929.892777] healthd: battery l=100 v=4277 t=22.6 h=2 st=5 c=0 fc=2878000 cc=0 chg=a
[ 4930.004578] R0: [NetworkManager][94744317579] [20:34:34.026137]  wlan: [1753:E :HDD] hdd_is_rcpi_applicable: 4950: mac addr is different from bssid connected
[ 4936.007012] R0: [NetworkManager][94859564195] [20:34:40.028566]  wlan: [1753:E :HDD] hdd_is_rcpi_applicable: 4950: mac addr is different from bssid connected
[ 4936.725127] healthd: battery l=100 v=4277 t=22.6 h=2 st=5 c=0 fc=2878000 cc=0 chg=a
[ 4942.007396] R0: [NetworkManager][94974771534] [20:34:46.028949]  wlan: [1753:E :HDD] hdd_is_rcpi_applicable: 4950: mac addr is different from bssid connected
[ 4942.637931] healthd: battery l=100 v=4277 t=22.6 h=2 st=5 c=0 fc=2878000 cc=0 chg=a
[ 4948.004744] R0: [NetworkManager][95089920649] [20:34:52.026299]  wlan: [1753:E :HDD] hdd_is_rcpi_applicable: 4950: mac addr is different from bssid connected
[ 4948.885623] healthd: battery l=100 v=4277 t=22.6 h=2 st=5 c=0 fc=2878000 cc=0 chg=a
[ 4948.986890] init: Received control message 'interface_start' for 'android.hardware.biometrics.fingerprint@2.1::IBiometricsFingerprint/default' from pid: 34 (/system/bin/hwservicemanager)
[ 4948.986990] init: Could not find service hosting interface android.hardware.biometrics.fingerprint@2.1::IBiometricsFingerprint/default
[ 4948.987166] init: Received control message 'interface_start' for 'android.hardware.biometrics.fingerprint@2.1::IBiometricsFingerprint/default' from pid: 34 (/system/bin/hwservicemanager)
[ 4948.987193] init: Could not find service hosting interface android.hardware.biometrics.fingerprint@2.1::IBiometricsFingerprint/default
[ 4953.442095] R0: [cds_mc_thread][95194317950] [20:34:57.463659]  wlan: [3382:I :WMI] send_set_arp_stats_req_cmd_tlv: 12397: set arp stats flag=1, vdev=0
[ 4953.457320] R0: [cds_mc_thread][95194610411] [20:34:57.478891]  wlan: [3382:I :WMI] send_set_arp_stats_req_cmd_tlv: 12397: set arp stats flag=0, vdev=0
[ 4954.000705] R0: [NetworkManager][95205043315] [20:34:58.022272]  wlan: [1753:E :HDD] hdd_is_rcpi_applicable: 4950: mac addr is different from bssid connected
[ 4955.701388] healthd: battery l=100 v=4277 t=22.6 h=2 st=5 c=0 fc=2878000 cc=0 chg=a
[ 4956.878383] healthd: battery l=100 v=4277 t=22.6 h=2 st=5 c=0 fc=2878000 cc=0 chg=a
[ 4960.006575] R0: [NetworkManager][95320355981] [20:35:04.028140]  wlan: [1753:E :HDD] hdd_is_rcpi_applicable: 4950: mac addr is different from bssid connected
[ 4961.896203] healthd: battery l=100 v=4276 t=22.6 h=2 st=5 c=0 fc=2878000 cc=0 chg=a
[ 4966.004491] R0: [NetworkManager][95435515887] [20:35:10.026053]  wlan: [1753:E :HDD] hdd_is_rcpi_applicable: 4950: mac addr is different from bssid connected
[ 4968.723475] healthd: battery l=100 v=4276 t=22.6 h=2 st=5 c=0 fc=2878000 cc=0 chg=a
[ 4972.001307] R0: [NetworkManager][95550654833] [20:35:16.022873]  wlan: [1753:E :HDD] hdd_is_rcpi_applicable: 4950: mac addr is different from bssid connected
[ 4974.700605] healthd: battery l=100 v=4276 t=22.6 h=2 st=5 c=0 fc=2878000 cc=0 chg=a
[ 4978.007479] R0: [NetworkManager][95665973197] [20:35:22.029039]  wlan: [1753:E :HDD] hdd_is_rcpi_applicable: 4950: mac addr is different from bssid connected
[ 4980.883268] healthd: battery l=100 v=4276 t=22.6 h=2 st=5 c=0 fc=2878000 cc=0 chg=a
[ 4983.948794] R0: [cds_mc_thread][95780046639] [20:35:27.970364]  wlan: [3382:I :WMI] send_set_arp_stats_req_cmd_tlv: 12397: set arp stats flag=1, vdev=0
[ 4983.963487] R0: [cds_mc_thread][95780328839] [20:35:27.985062]  wlan: [3382:I :WMI] send_set_arp_stats_req_cmd_tlv: 12397: set arp stats flag=0, vdev=0
[ 4984.001292] R0: [NetworkManager][95781054707] [20:35:28.022868]  wlan: [1753:E :HDD] hdd_is_rcpi_applicable: 4950: mac addr is different from bssid connected
[ 4987.709732] healthd: battery l=100 v=4276 t=22.6 h=2 st=5 c=0 fc=2878000 cc=0 chg=a
[ 4990.003896] R0: [NetworkManager][95896304360] [20:35:34.025455]  wlan: [1753:E :HDD] hdd_is_rcpi_applicable: 4950: mac addr is different from bssid connected
[ 4993.892044] healthd: battery l=100 v=4276 t=22.6 h=2 st=5 c=0 fc=2878000 cc=0 chg=a
[ 4996.006372] R0: [NetworkManager][96011551926] [20:35:40.027933]  wlan: [1753:E :HDD] hdd_is_rcpi_applicable: 4950: mac addr is different from bssid connected
[ 5000.726075] healthd: battery l=100 v=4276 t=22.6 h=2 st=5 c=0 fc=2878000 cc=0 chg=a
[ 5002.004002] R0: [NetworkManager][96126706404] [20:35:46.025562]  wlan: [1753:E :HDD] hdd_is_rcpi_applicable: 4950: mac addr is different from bssid connected
[ 5006.696946] healthd: battery l=100 v=4277 t=22.6 h=2 st=5 c=0 fc=2878000 cc=0 chg=a
[ 5008.001419] R0: [NetworkManager][96241856863] [20:35:52.022983]  wlan: [1753:E :HDD] hdd_is_rcpi_applicable: 4950: mac addr is different from bssid connected
[ 5012.886633] healthd: battery l=100 v=4277 t=22.6 h=2 st=5 c=0 fc=2878000 cc=0 chg=a
[ 5014.007325] R0: [NetworkManager][96357170243] [20:35:58.028889]  wlan: [1753:E :HDD] hdd_is_rcpi_applicable: 4950: mac addr is different from bssid connected
[ 5014.455113] R0: [cds_mc_thread][96365767943] [20:35:58.476685]  wlan: [3382:I :WMI] send_set_arp_stats_req_cmd_tlv: 12397: set arp stats flag=1, vdev=0
[ 5014.468675] R0: [cds_mc_thread][96366028437] [20:35:58.490253]  wlan: [3382:I :WMI] send_set_arp_stats_req_cmd_tlv: 12397: set arp stats flag=0, vdev=0
[ 5016.871366] healthd: battery l=100 v=4277 t=22.6 h=2 st=5 c=0 fc=2878000 cc=0 chg=a
[ 5019.730448] healthd: battery l=100 v=4277 t=22.6 h=2 st=5 c=0 fc=2878000 cc=0 chg=a
[ 5020.003467] R0: [NetworkManager][96472296281] [20:36:04.025037]  wlan: [1753:E :HDD] hdd_is_rcpi_applicable: 4950: mac addr is different from bssid connected
[ 5025.893106] healthd: battery l=100 v=4276 t=22.6 h=2 st=5 c=0 fc=2878000 cc=0 chg=a
[ 5026.001202] R0: [NetworkManager][96587451665] [20:36:10.022714]  wlan: [1753:E :HDD] hdd_is_rcpi_applicable: 4950: mac addr is different from bssid connected
[ 5032.006939] R0: [NetworkManager][96702762842] [20:36:16.028505]  wlan: [1753:E :HDD] hdd_is_rcpi_applicable: 4950: mac addr is different from bssid connected
[ 5032.732990] healthd: battery l=100 v=4276 t=22.6 h=2 st=5 c=0 fc=2878000 cc=0 chg=a
[ 5038.004515] R0: [NetworkManager][96817916290] [20:36:22.026081]  wlan: [1753:E :HDD] hdd_is_rcpi_applicable: 4950: mac addr is different from bssid connected
[ 5038.697041] healthd: battery l=100 v=4276 t=22.6 h=2 st=5 c=0 fc=2878000 cc=0 chg=a
[ 5044.002071] R0: [NetworkManager][96933069378] [20:36:28.023638]  wlan: [1753:E :HDD] hdd_is_rcpi_applicable: 4950: mac addr is different from bssid connected
[ 5044.878565] healthd: battery l=100 v=4276 t=22.6 h=2 st=5 c=0 fc=2878000 cc=0 chg=a
[ 5044.961671] R0: [cds_mc_thread][96951493900] [20:36:28.983249]  wlan: [3382:I :WMI] send_set_arp_stats_req_cmd_tlv: 12397: set arp stats flag=1, vdev=0
[ 5044.976287] R0: [cds_mc_thread][96951774591] [20:36:28.997868]  wlan: [3382:I :WMI] send_set_arp_stats_req_cmd_tlv: 12397: set arp stats flag=0, vdev=0
[ 5049.495462] init: Received control message 'interface_start' for 'android.hardware.biometrics.fingerprint@2.1::IBiometricsFingerprint/default' from pid: 34 (/system/bin/hwservicemanager)
[ 5049.495578] init: Could not find service hosting interface android.hardware.biometrics.fingerprint@2.1::IBiometricsFingerprint/default
[ 5049.496488] init: Received control message 'interface_start' for 'android.hardware.biometrics.fingerprint@2.1::IBiometricsFingerprint/default' from pid: 34 (/system/bin/hwservicemanager)
[ 5049.496542] init: Could not find service hosting interface android.hardware.biometrics.fingerprint@2.1::IBiometricsFingerprint/default
[ 5050.003564] R0: [NetworkManager][97048298163] [20:36:34.025138]  wlan: [1753:E :HDD] hdd_is_rcpi_applicable: 4950: mac addr is different from bssid connected
[ 5051.713876] healthd: battery l=100 v=4276 t=22.6 h=2 st=5 c=0 fc=2878000 cc=0 chg=a
[ 5056.003884] R0: [NetworkManager][97163504120] [20:36:40.025449]  wlan: [1753:E :HDD] hdd_is_rcpi_applicable: 4950: mac addr is different from bssid connected
[ 5057.896807] healthd: battery l=100 v=4276 t=22.6 h=2 st=5 c=0 fc=2878000 cc=0 chg=a
[ 5062.003970] R0: [NetworkManager][97278705813] [20:36:46.025537]  wlan: [1753:E :HDD] hdd_is_rcpi_applicable: 4950: mac addr is different from bssid connected
[ 5064.728431] healthd: battery l=100 v=4276 t=22.6 h=2 st=5 c=0 fc=2878000 cc=0 chg=a
[ 5068.002675] R0: [NetworkManager][97393880916] [20:36:52.024241]  wlan: [1753:E :HDD] hdd_is_rcpi_applicable: 4950: mac addr is different from bssid connected
[ 5070.697752] healthd: battery l=100 v=4276 t=22.6 h=2 st=5 c=0 fc=2878000 cc=0 chg=a
[ 5074.005863] R0: [NetworkManager][97509142220] [20:36:58.027435]  wlan: [1753:E :HDD] hdd_is_rcpi_applicable: 4950: mac addr is different from bssid connected
[ 5076.877258] healthd: battery l=100 v=4276 t=22.6 h=2 st=5 c=0 fc=2878000 cc=0 chg=a
[ 5076.895485] healthd: battery l=100 v=4276 t=22.6 h=2 st=5 c=0 fc=2878000 cc=0 chg=a
[ 5076.960728] R0: [cds_mc_thread][97565875773] [20:37:00.982308]  wlan: [3382:I :WMI] send_set_arp_stats_req_cmd_tlv: 12397: set arp stats flag=1, vdev=0
[ 5076.973839] R0: [cds_mc_thread][97566125031] [20:37:00.995290]  wlan: [3382:I :WMI] send_set_arp_stats_req_cmd_tlv: 12397: set arp stats flag=0, vdev=0
[ 5080.004086] R0: [NetworkManager][97624308068] [20:37:04.025657]  wlan: [1753:E :HDD] hdd_is_rcpi_applicable: 4950: mac addr is different from bssid connected
[ 5083.707283] healthd: battery l=100 v=4276 t=22.6 h=2 st=5 c=0 fc=2878000 cc=0 chg=a
[ 5086.003842] R0: [NetworkManager][97739503379] [20:37:10.025413]  wlan: [1753:E :HDD] hdd_is_rcpi_applicable: 4950: mac addr is different from bssid connected
[ 5089.838137] healthd: battery l=100 v=4276 t=22.6 h=2 st=5 c=0 fc=2878000 cc=0 chg=a
[ 5092.007886] R0: [NetworkManager][97854781011] [20:37:16.029457]  wlan: [1753:E :HDD] hdd_is_rcpi_applicable: 4950: mac addr is different from bssid connected
[ 5096.724796] healthd: battery l=100 v=4276 t=22.6 h=2 st=5 c=0 fc=2878000 cc=0 chg=a
[ 5098.006183] R0: [NetworkManager][97969948340] [20:37:22.027756]  wlan: [1753:E :HDD] hdd_is_rcpi_applicable: 4950: mac addr is different from bssid connected
[ 5102.693933] healthd: battery l=100 v=4276 t=22.6 h=2 st=5 c=0 fc=2878000 cc=0 chg=a
[ 5104.003155] R0: [NetworkManager][98085090150] [20:37:28.024726]  wlan: [1753:E :HDD] hdd_is_rcpi_applicable: 4950: mac addr is different from bssid connected
[ 5108.828075] healthd: battery l=100 v=4276 t=22.6 h=2 st=5 c=0 fc=2878000 cc=0 chg=a
[ 5110.007069] R0: [NetworkManager][98200365439] [20:37:34.028648]  wlan: [1753:E :HDD] hdd_is_rcpi_applicable: 4950: mac addr is different from bssid connected
[ 5114.857887] healthd: battery l=100 v=4276 t=22.6 h=2 st=5 c=0 fc=2878000 cc=0 chg=a
[ 5116.004834] R0: [NetworkManager][98315522385] [20:37:40.026406]  wlan: [1753:E :HDD] hdd_is_rcpi_applicable: 4950: mac addr is different from bssid connected
[ 5121.335019] R0: [cds_mc_thread][98417860742] [20:37:45.356529]  wlan: [3382:I :WMI] send_set_arp_stats_req_cmd_tlv: 12397: set arp stats flag=1, vdev=0
[ 5121.350727] R0: [cds_mc_thread][98418163839] [20:37:45.372316]  wlan: [3382:I :WMI] send_set_arp_stats_req_cmd_tlv: 12397: set arp stats flag=0, vdev=0
[ 5121.899001] healthd: battery l=100 v=4276 t=22.6 h=2 st=5 c=0 fc=2878000 cc=0 chg=a
[ 5122.001539] R0: [NetworkManager][98430658986] [20:37:46.023105]  wlan: [1753:E :HDD] hdd_is_rcpi_applicable: 4950: mac addr is different from bssid connected
[ 5128.003187] R0: [NetworkManager][98545890692] [20:37:52.024757]  wlan: [1753:E :HDD] hdd_is_rcpi_applicable: 4950: mac addr is different from bssid connected
[ 5128.735952] healthd: battery l=100 v=4276 t=22.6 h=2 st=5 c=0 fc=2878000 cc=0 chg=a
[ 5134.001144] R0: [NetworkManager][98661051713] [20:37:58.022727]  wlan: [1753:E :HDD] hdd_is_rcpi_applicable: 4950: mac addr is different from bssid connected
[ 5134.692967] healthd: battery l=100 v=4276 t=22.6 h=2 st=5 c=0 fc=2878000 cc=0 chg=a
[ 5136.872917] healthd: battery l=100 v=4276 t=22.6 h=2 st=5 c=0 fc=2878000 cc=0 chg=a
[ 5140.007873] R0: [NetworkManager][98776380819] [20:38:04.029452]  wlan: [1753:E :HDD] hdd_is_rcpi_applicable: 4950: mac addr is different from bssid connected
[ 5140.882618] healthd: battery l=100 v=4276 t=22.6 h=2 st=5 c=0 fc=2878000 cc=0 chg=a
[ 5146.003688] R0: [NetworkManager][98891500349] [20:38:10.025261]  wlan: [1753:E :HDD] hdd_is_rcpi_applicable: 4950: mac addr is different from bssid connected
[ 5147.715567] healthd: battery l=100 v=4276 t=22.6 h=2 st=5 c=0 fc=2878000 cc=0 chg=a
[ 5150.250544] init: Received control message 'interface_start' for 'android.hardware.biometrics.fingerprint@2.1::IBiometricsFingerprint/default' from pid: 34 (/system/bin/hwservicemanager)
[ 5150.250657] init: Could not find service hosting interface android.hardware.biometrics.fingerprint@2.1::IBiometricsFingerprint/default
[ 5150.251107] init: Received control message 'interface_start' for 'android.hardware.biometrics.fingerprint@2.1::IBiometricsFingerprint/default' from pid: 34 (/system/bin/hwservicemanager)
[ 5150.251155] init: Could not find service hosting interface android.hardware.biometrics.fingerprint@2.1::IBiometricsFingerprint/default
[ 5152.004574] R0: [NetworkManager][99006717439] [20:38:16.026152]  wlan: [1753:E :HDD] hdd_is_rcpi_applicable: 4950: mac addr is different from bssid connected
[ 5153.891779] healthd: battery l=100 v=4276 t=22.6 h=2 st=5 c=0 fc=2878000 cc=0 chg=a
[ 5158.004338] R0: [NetworkManager][99121912878] [20:38:22.025915]  wlan: [1753:E :HDD] hdd_is_rcpi_applicable: 4950: mac addr is different from bssid connected
[ 5160.730512] healthd: battery l=100 v=4276 t=22.6 h=2 st=5 c=0 fc=2878000 cc=0 chg=a
[ 5164.002594] R0: [NetworkManager][99237079582] [20:38:28.024181]  wlan: [1753:E :HDD] hdd_is_rcpi_applicable: 4950: mac addr is different from bssid connected
[ 5166.700049] healthd: battery l=100 v=4276 t=22.6 h=2 st=5 c=0 fc=2878000 cc=0 chg=a
[ 5166.988475] R0: [cds_mc_thread][99294408433] [20:38:31.010059]  wlan: [3382:I :WMI] send_set_arp_stats_req_cmd_tlv: 12397: set arp stats flag=1, vdev=0
[ 5167.000703] R0: [cds_mc_thread][99294643355] [20:38:31.022295]  wlan: [3382:I :WMI] send_set_arp_stats_req_cmd_tlv: 12397: set arp stats flag=0, vdev=0
[ 5170.007438] R0: [NetworkManager][99352372434] [20:38:34.029018]  wlan: [1753:E :HDD] hdd_is_rcpi_applicable: 4950: mac addr is different from bssid connected
[ 5172.886748] healthd: battery l=100 v=4276 t=22.6 h=2 st=5 c=0 fc=2878000 cc=0 chg=a
[ 5176.006647] R0: [NetworkManager][99467557257] [20:38:40.028228]  wlan: [1753:E :HDD] hdd_is_rcpi_applicable: 4950: mac addr is different from bssid connected
[ 5179.721761] healthd: battery l=100 v=4276 t=22.6 h=2 st=5 c=0 fc=2878000 cc=0 chg=a
[ 5182.003640] R0: [NetworkManager][99582699455] [20:38:46.025218]  wlan: [1753:E :HDD] hdd_is_rcpi_applicable: 4950: mac addr is different from bssid connected
[ 5185.900716] healthd: battery l=100 v=4276 t=22.6 h=2 st=5 c=0 fc=2878000 cc=0 chg=a
[ 5188.001572] R0: [NetworkManager][99697858265] [20:38:52.023074]  wlan: [1753:E :HDD] hdd_is_rcpi_applicable: 4950: mac addr is different from bssid connected
[ 5192.716997] healthd: battery l=100 v=4276 t=22.6 h=2 st=5 c=0 fc=2878000 cc=0 chg=a
[ 5194.006303] R0: [NetworkManager][99813150575] [20:38:58.027882]  wlan: [1753:E :HDD] hdd_is_rcpi_applicable: 4950: mac addr is different from bssid connected
[ 5196.873363] healthd: battery l=100 v=4276 t=22.6 h=2 st=5 c=0 fc=2878000 cc=0 chg=a
[ 5198.701495] healthd: battery l=100 v=4276 t=22.6 h=2 st=5 c=0 fc=2878000 cc=0 chg=a
[ 5199.841153] R0: [cds_mc_thread][99925179884] [20:39:03.862742]  wlan: [3382:I :WMI] send_set_arp_stats_req_cmd_tlv: 12397: set arp stats flag=1, vdev=0
[ 5199.853366] R0: [cds_mc_thread][99925414474] [20:39:03.874961]  wlan: [3382:I :WMI] send_set_arp_stats_req_cmd_tlv: 12397: set arp stats flag=0, vdev=0
[ 5200.000858] R0: [NetworkManager][99928246189] [20:39:04.022446]  wlan: [1753:E :HDD] hdd_is_rcpi_applicable: 4950: mac addr is different from bssid connected
[ 5204.882616] healthd: battery l=100 v=4276 t=22.6 h=2 st=5 c=0 fc=2878000 cc=0 chg=a
[ 5206.004674] R0: [NetworkManager][100043519313] [20:39:10.026255]  wlan: [1753:E :HDD] hdd_is_rcpi_applicable: 4950: mac addr is different from bssid connected
[ 5211.714565] healthd: battery l=100 v=4276 t=22.6 h=2 st=5 c=0 fc=2878000 cc=0 chg=a
[ 5212.000883] R0: [NetworkManager][100158646562] [20:39:16.022466]  wlan: [1753:E :HDD] hdd_is_rcpi_applicable: 4950: mac addr is different from bssid connected
[ 5217.896449] healthd: battery l=100 v=4276 t=22.6 h=2 st=5 c=0 fc=2878000 cc=0 chg=a
[ 5218.001084] R0: [NetworkManager][100273850569] [20:39:22.022676]  wlan: [1753:E :HDD] hdd_is_rcpi_applicable: 4950: mac addr is different from bssid connected
[ 5224.003066] R0: [NetworkManager][100389088390] [20:39:28.024646]  wlan: [1753:E :HDD] hdd_is_rcpi_applicable: 4950: mac addr is different from bssid connected
[ 5224.729578] healthd: battery l=100 v=4276 t=22.6 h=2 st=5 c=0 fc=2878000 cc=0 chg=a
[ 5230.002563] R0: [NetworkManager][100504278777] [20:39:34.024146]  wlan: [1753:E :HDD] hdd_is_rcpi_applicable: 4950: mac addr is different from bssid connected
[ 5230.693723] healthd: battery l=100 v=4276 t=22.6 h=2 st=5 c=0 fc=2878000 cc=0 chg=a
[ 5236.002816] R0: [NetworkManager][100619483640] [20:39:40.024400]  wlan: [1753:E :HDD] hdd_is_rcpi_applicable: 4950: mac addr is different from bssid connected
[ 5236.882205] healthd: battery l=100 v=4276 t=22.6 h=2 st=5 c=0 fc=2878000 cc=0 chg=a
[ 5242.004852] R0: [NetworkManager][100734722654] [20:39:46.026433]  wlan: [1753:E :HDD] hdd_is_rcpi_applicable: 4950: mac addr is different from bssid connected
[ 5243.361508] R0: [cds_mc_thread][100760770727] [20:39:47.383103]  wlan: [3382:I :WMI] send_set_arp_stats_req_cmd_tlv: 12397: set arp stats flag=1, vdev=0
[ 5243.371768] R0: [cds_mc_thread][100760966755] [20:39:47.393313]  wlan: [3382:I :WMI] send_set_arp_stats_req_cmd_tlv: 12397: set arp stats flag=0, vdev=0
[ 5243.715907] healthd: battery l=100 v=4276 t=22.6 h=2 st=5 c=0 fc=2878000 cc=0 chg=a
[ 5248.000938] R0: [NetworkManager][100849847691] [20:39:52.022529]  wlan: [1753:E :HDD] hdd_is_rcpi_applicable: 4950: mac addr is different from bssid connected
[ 5249.913835] healthd: battery l=100 v=4276 t=22.6 h=2 st=5 c=0 fc=2878000 cc=0 chg=a
[ 5250.992906] init: Received control message 'interface_start' for 'android.hardware.biometrics.fingerprint@2.1::IBiometricsFingerprint/default' from pid: 34 (/system/bin/hwservicemanager)
[ 5250.993031] init: Could not find service hosting interface android.hardware.biometrics.fingerprint@2.1::IBiometricsFingerprint/default
[ 5250.995402] init: Received control message 'interface_start' for 'android.hardware.biometrics.fingerprint@2.1::IBiometricsFingerprint/default' from pid: 34 (/system/bin/hwservicemanager)
[ 5250.995443] init: Could not find service hosting interface android.hardware.biometrics.fingerprint@2.1::IBiometricsFingerprint/default
[ 5254.004107] R0: [NetworkManager][100965108488] [20:39:58.025696]  wlan: [1753:E :HDD] hdd_is_rcpi_applicable: 4950: mac addr is different from bssid connected
[ 5256.733550] healthd: battery l=100 v=4276 t=22.6 h=2 st=5 c=0 fc=2878000 cc=0 chg=a
[ 5256.876706] healthd: battery l=100 v=4276 t=22.6 h=2 st=5 c=0 fc=2878000 cc=0 chg=a
[ 5260.001836] R0: [NetworkManager][101080264787] [20:40:04.023420]  wlan: [1753:E :HDD] hdd_is_rcpi_applicable: 4950: mac addr is different from bssid connected
[ 5262.694776] healthd: battery l=100 v=4276 t=22.6 h=2 st=5 c=0 fc=2878000 cc=0 chg=a
[ 5266.002231] R0: [NetworkManager][101195472485] [20:40:10.023822]  wlan: [1753:E :HDD] hdd_is_rcpi_applicable: 4950: mac addr is different from bssid connected
[ 5268.877862] healthd: battery l=100 v=4276 t=22.6 h=2 st=5 c=0 fc=2878000 cc=0 chg=a
[ 5272.007049] R0: [NetworkManager][101310764965] [20:40:16.028639]  wlan: [1753:E :HDD] hdd_is_rcpi_applicable: 4950: mac addr is different from bssid connected
[ 5275.705404] healthd: battery l=100 v=4276 t=22.6 h=2 st=5 c=0 fc=2878000 cc=0 chg=a
[ 5278.003419] R0: [NetworkManager][101425895290] [20:40:22.025011]  wlan: [1753:E :HDD] hdd_is_rcpi_applicable: 4950: mac addr is different from bssid connected
[ 5281.900131] healthd: battery l=100 v=4276 t=22.6 h=2 st=5 c=0 fc=2878000 cc=0 chg=a
[ 5284.004009] R0: [NetworkManager][101541106590] [20:40:28.025600]  wlan: [1753:E :HDD] hdd_is_rcpi_applicable: 4950: mac addr is different from bssid connected
[ 5288.722926] healthd: battery l=100 v=4276 t=22.6 h=2 st=5 c=0 fc=2878000 cc=0 chg=a
[ 5289.229797] R0: [cds_mc_thread][101641441892] [20:40:33.251398]  wlan: [3382:I :WMI] send_set_arp_stats_req_cmd_tlv: 12397: set arp stats flag=1, vdev=0
[ 5289.243697] R0: [cds_mc_thread][101641708830] [20:40:33.265301]  wlan: [3382:I :WMI] send_set_arp_stats_req_cmd_tlv: 12397: set arp stats flag=0, vdev=0
[ 5290.003330] R0: [NetworkManager][101656293546] [20:40:34.024921]  wlan: [1753:E :HDD] hdd_is_rcpi_applicable: 4950: mac addr is different from bssid connected
[ 5294.691998] healthd: battery l=100 v=4276 t=22.6 h=2 st=5 c=0 fc=2878000 cc=0 chg=a
[ 5296.004741] R0: [NetworkManager][101771519098] [20:40:40.026253]  wlan: [1753:E :HDD] hdd_is_rcpi_applicable: 4950: mac addr is different from bssid connected
[ 5300.877880] healthd: battery l=100 v=4276 t=22.6 h=2 st=5 c=0 fc=2878000 cc=0 chg=a
[ 5302.007219] R0: [NetworkManager][101886768215] [20:40:46.028812]  wlan: [1753:E :HDD] hdd_is_rcpi_applicable: 4950: mac addr is different from bssid connected
[ 5307.714971] healthd: battery l=100 v=4276 t=22.6 h=2 st=5 c=0 fc=2878000 cc=0 chg=a
[ 5308.005259] R0: [NetworkManager][102001930582] [20:40:52.026852]  wlan: [1753:E :HDD] hdd_is_rcpi_applicable: 4950: mac addr is different from bssid connected
[ 5313.899462] healthd: battery l=100 v=4276 t=22.6 h=2 st=5 c=0 fc=2878000 cc=0 chg=a
[ 5314.002608] R0: [NetworkManager][102117079738] [20:40:58.024205]  wlan: [1753:E :HDD] hdd_is_rcpi_applicable: 4950: mac addr is different from bssid connected
[ 5316.875955] healthd: battery l=100 v=4276 t=22.6 h=2 st=5 c=0 fc=2878000 cc=0 chg=a
[ 5320.004592] R0: [NetworkManager][102232317741] [20:41:04.026184]  wlan: [1753:E :HDD] hdd_is_rcpi_applicable: 4950: mac addr is different from bssid connected
[ 5320.720659] healthd: battery l=100 v=4276 t=22.6 h=2 st=5 c=0 fc=2878000 cc=0 chg=a
[ 5322.722187] R0: [cds_mc_thread][102284495743] [20:41:06.743789]  wlan: [3382:I :WMI] send_set_arp_stats_req_cmd_tlv: 12397: set arp stats flag=1, vdev=0
[ 5322.734549] R0: [cds_mc_thread][102284733208] [20:41:06.756157]  wlan: [3382:I :WMI] send_set_arp_stats_req_cmd_tlv: 12397: set arp stats flag=0, vdev=0
[ 5326.004415] R0: [NetworkManager][102347514308] [20:41:10.026006]  wlan: [1753:E :HDD] hdd_is_rcpi_applicable: 4950: mac addr is different from bssid connected
[ 5326.692235] healthd: battery l=100 v=4276 t=22.6 h=2 st=5 c=0 fc=2878000 cc=0 chg=a
[ 5332.001710] R0: [NetworkManager][102462662437] [20:41:16.023305]  wlan: [1753:E :HDD] hdd_is_rcpi_applicable: 4950: mac addr is different from bssid connected
[ 5332.881614] healthd: battery l=100 v=4276 t=22.6 h=2 st=5 c=0 fc=2878000 cc=0 chg=a
[ 5338.007850] R0: [NetworkManager][102577980314] [20:41:22.029445]  wlan: [1753:E :HDD] hdd_is_rcpi_applicable: 4950: mac addr is different from bssid connected
[ 5339.702933] healthd: battery l=100 v=4276 t=22.6 h=2 st=5 c=0 fc=2878000 cc=0 chg=a
[ 5344.000794] R0: [NetworkManager][102693044891] [20:41:28.022393]  wlan: [1753:E :HDD] hdd_is_rcpi_applicable: 4950: mac addr is different from bssid connected
[ 5345.892954] healthd: battery l=100 v=4276 t=22.6 h=2 st=5 c=0 fc=2878000 cc=0 chg=a
[ 5350.002863] R0: [NetworkManager][102808284544] [20:41:34.024458]  wlan: [1753:E :HDD] hdd_is_rcpi_applicable: 4950: mac addr is different from bssid connected
[ 5351.738131] init: Received control message 'interface_start' for 'android.hardware.biometrics.fingerprint@2.1::IBiometricsFingerprint/default' from pid: 34 (/system/bin/hwservicemanager)
[ 5351.738234] init: Could not find service hosting interface android.hardware.biometrics.fingerprint@2.1::IBiometricsFingerprint/default
[ 5351.739139] init: Received control message 'interface_start' for 'android.hardware.biometrics.fingerprint@2.1::IBiometricsFingerprint/default' from pid: 34 (/system/bin/hwservicemanager)
[ 5351.739182] init: Could not find service hosting interface android.hardware.biometrics.fingerprint@2.1::IBiometricsFingerprint/default
[ 5352.721490] healthd: battery l=100 v=4276 t=22.6 h=2 st=5 c=0 fc=2878000 cc=0 chg=a
[ 5356.006132] R0: [NetworkManager][102923545958] [20:41:40.027658]  wlan: [1753:E :HDD] hdd_is_rcpi_applicable: 4950: mac addr is different from bssid connected
[ 5358.695959] healthd: battery l=100 v=4276 t=22.6 h=2 st=5 c=0 fc=2878000 cc=0 chg=a
[ 5362.002531] R0: [NetworkManager][103038674022] [20:41:46.023912]  wlan: [1753:E :HDD] hdd_is_rcpi_applicable: 4950: mac addr is different from bssid connected
[ 5364.881544] healthd: battery l=100 v=4276 t=22.6 h=2 st=5 c=0 fc=2878000 cc=0 chg=a
[ 5365.388201] R0: [cds_mc_thread][103103683200] [20:41:49.409807]  wlan: [3382:I :WMI] send_set_arp_stats_req_cmd_tlv: 12397: set arp stats flag=1, vdev=0
[ 5365.402905] R0: [cds_mc_thread][103103965613] [20:41:49.424516]  wlan: [3382:I :WMI] send_set_arp_stats_req_cmd_tlv: 12397: set arp stats flag=0, vdev=0
[ 5368.002043] R0: [NetworkManager][103153868717] [20:41:52.023636]  wlan: [1753:E :HDD] hdd_is_rcpi_applicable: 4950: mac addr is different from bssid connected
[ 5371.713322] healthd: battery l=100 v=4276 t=22.6 h=2 st=5 c=0 fc=2878000 cc=0 chg=a
[ 5374.002162] R0: [NetworkManager][103269071112] [20:41:58.023761]  wlan: [1753:E :HDD] hdd_is_rcpi_applicable: 4950: mac addr is different from bssid connected
[ 5376.874727] healthd: battery l=100 v=4276 t=22.6 h=2 st=5 c=0 fc=2878000 cc=0 chg=a
[ 5377.894675] healthd: battery l=100 v=4276 t=22.6 h=2 st=5 c=0 fc=2878000 cc=0 chg=a
[ 5380.007711] R0: [NetworkManager][103384377630] [20:42:04.029310]  wlan: [1753:E :HDD] hdd_is_rcpi_applicable: 4950: mac addr is different from bssid connected
[ 5384.720201] healthd: battery l=100 v=4276 t=22.6 h=2 st=5 c=0 fc=2878000 cc=0 chg=a
[ 5386.001341] R0: [NetworkManager][103499455348] [20:42:10.022941]  wlan: [1753:E :HDD] hdd_is_rcpi_applicable: 4950: mac addr is different from bssid connected
[ 5390.706342] healthd: battery l=100 v=4276 t=22.6 h=2 st=5 c=0 fc=2878000 cc=0 chg=a
[ 5392.003104] R0: [NetworkManager][103614689223] [20:42:16.024706]  wlan: [1753:E :HDD] hdd_is_rcpi_applicable: 4950: mac addr is different from bssid connected
[ 5396.887285] healthd: battery l=100 v=4276 t=22.6 h=2 st=5 c=0 fc=2878000 cc=0 chg=a
[ 5398.002258] R0: [NetworkManager][103729872997] [20:42:22.023862]  wlan: [1753:E :HDD] hdd_is_rcpi_applicable: 4950: mac addr is different from bssid connected
[ 5399.520731] R0: [cds_mc_thread][103759027809] [20:42:23.542342]  wlan: [3382:I :WMI] send_set_arp_stats_req_cmd_tlv: 12397: set arp stats flag=1, vdev=0
[ 5399.533369] R0: [cds_mc_thread][103759270540] [20:42:23.554984]  wlan: [3382:I :WMI] send_set_arp_stats_req_cmd_tlv: 12397: set arp stats flag=0, vdev=0
[ 5403.713674] healthd: battery l=100 v=4276 t=22.6 h=2 st=5 c=0 fc=2878000 cc=0 chg=a
[ 5404.005830] R0: [NetworkManager][103845141525] [20:42:28.027432]  wlan: [1753:E :HDD] hdd_is_rcpi_applicable: 4950: mac addr is different from bssid connected
[ 5409.894718] healthd: battery l=100 v=4276 t=22.6 h=2 st=5 c=0 fc=2878000 cc=0 chg=a
[ 5410.001281] R0: [NetworkManager][103960254343] [20:42:34.022891]  wlan: [1753:E :HDD] hdd_is_rcpi_applicable: 4950: mac addr is different from bssid connected
[ 5416.002587] R0: [NetworkManager][104075479229] [20:42:40.024188]  wlan: [1753:E :HDD] hdd_is_rcpi_applicable: 4950: mac addr is different from bssid connected
[ 5416.719867] healthd: battery l=100 v=4276 t=22.6 h=2 st=5 c=0 fc=2878000 cc=0 chg=a
[ 5422.005263] R0: [NetworkManager][104190729083] [20:42:46.026785]  wlan: [1753:E :HDD] hdd_is_rcpi_applicable: 4950: mac addr is different from bssid connected
[ 5422.693135] healthd: battery l=100 v=4276 t=22.6 h=2 st=5 c=0 fc=2878000 cc=0 chg=a
[ 5428.005384] R0: [NetworkManager][104305932949] [20:42:52.026987]  wlan: [1753:E :HDD] hdd_is_rcpi_applicable: 4950: mac addr is different from bssid connected
[ 5428.880887] healthd: battery l=100 v=4276 t=22.6 h=2 st=5 c=0 fc=2878000 cc=0 chg=a
[ 5434.003260] R0: [NetworkManager][104421092161] [20:42:58.024864]  wlan: [1753:E :HDD] hdd_is_rcpi_applicable: 4950: mac addr is different from bssid connected
[ 5435.716883] healthd: battery l=100 v=4276 t=22.6 h=2 st=5 c=0 fc=2878000 cc=0 chg=a
[ 5436.872967] healthd: battery l=100 v=4276 t=22.6 h=2 st=5 c=0 fc=2878000 cc=0 chg=a
[ 5440.002498] R0: [NetworkManager][104536277571] [20:43:04.024104]  wlan: [1753:E :HDD] hdd_is_rcpi_applicable: 4950: mac addr is different from bssid connected
[ 5441.890636] healthd: battery l=100 v=4276 t=22.6 h=2 st=5 c=0 fc=2878000 cc=0 chg=a
[ 5446.003782] R0: [NetworkManager][104651502087] [20:43:10.025382]  wlan: [1753:E :HDD] hdd_is_rcpi_applicable: 4950: mac addr is different from bssid connected
[ 5448.727860] healthd: battery l=100 v=4276 t=22.6 h=2 st=5 c=0 fc=2878000 cc=0 chg=a
[ 5452.003048] R0: [NetworkManager][104766688193] [20:43:16.024659]  wlan: [1753:E :HDD] hdd_is_rcpi_applicable: 4950: mac addr is different from bssid connected
[ 5452.505024] init: Received control message 'interface_start' for 'android.hardware.biometrics.fingerprint@2.1::IBiometricsFingerprint/default' from pid: 34 (/system/bin/hwservicemanager)
[ 5452.505210] init: Could not find service hosting interface android.hardware.biometrics.fingerprint@2.1::IBiometricsFingerprint/default
[ 5452.506332] init: Received control message 'interface_start' for 'android.hardware.biometrics.fingerprint@2.1::IBiometricsFingerprint/default' from pid: 34 (/system/bin/hwservicemanager)
[ 5452.506378] init: Could not find service hosting interface android.hardware.biometrics.fingerprint@2.1::IBiometricsFingerprint/default
[ 5454.703837] healthd: battery l=100 v=4276 t=22.6 h=2 st=5 c=0 fc=2878000 cc=0 chg=a
[ 5458.003154] R0: [NetworkManager][104881890065] [20:43:22.024757]  wlan: [1753:E :HDD] hdd_is_rcpi_applicable: 4950: mac addr is different from bssid connected
[ 5460.878452] healthd: battery l=100 v=4276 t=22.6 h=2 st=5 c=0 fc=2878000 cc=0 chg=a
[ 5464.003557] R0: [NetworkManager][104997097898] [20:43:28.025165]  wlan: [1753:E :HDD] hdd_is_rcpi_applicable: 4950: mac addr is different from bssid connected
[ 5467.710231] healthd: battery l=100 v=4276 t=22.6 h=2 st=5 c=0 fc=2878000 cc=0 chg=a
[ 5470.002926] R0: [NetworkManager][105112285800] [20:43:34.024536]  wlan: [1753:E :HDD] hdd_is_rcpi_applicable: 4950: mac addr is different from bssid connected
[ 5473.899322] healthd: battery l=100 v=4276 t=22.6 h=2 st=5 c=0 fc=2878000 cc=0 chg=a
[ 5476.003180] R0: [NetworkManager][105227490633] [20:43:40.024788]  wlan: [1753:E :HDD] hdd_is_rcpi_applicable: 4950: mac addr is different from bssid connected
[ 5480.731307] healthd: battery l=100 v=4276 t=22.6 h=2 st=5 c=0 fc=2878000 cc=0 chg=a
[ 5482.003908] R0: [NetworkManager][105342704583] [20:43:46.025515]  wlan: [1753:E :HDD] hdd_is_rcpi_applicable: 4950: mac addr is different from bssid connected
[ 5486.694513] healthd: battery l=100 v=4276 t=22.6 h=2 st=5 c=0 fc=2878000 cc=0 chg=a
[ 5488.002094] R0: [NetworkManager][105457869693] [20:43:52.023699]  wlan: [1753:E :HDD] hdd_is_rcpi_applicable: 4950: mac addr is different from bssid connected
[ 5492.748135] R0: [cds_mc_thread][105548993938] [20:43:56.769754]  wlan: [3382:I :WMI] send_set_arp_stats_req_cmd_tlv: 12397: set arp stats flag=1, vdev=0
[ 5492.763531] R0: [cds_mc_thread][105549289640] [20:43:56.785155]  wlan: [3382:I :WMI] send_set_arp_stats_req_cmd_tlv: 12397: set arp stats flag=0, vdev=0
[ 5492.882138] healthd: battery l=100 v=4276 t=22.6 h=2 st=5 c=0 fc=2878000 cc=0 chg=a
[ 5494.001169] R0: [NetworkManager][105573052060] [20:43:58.022781]  wlan: [1753:E :HDD] hdd_is_rcpi_applicable: 4950: mac addr is different from bssid connected
[ 5496.875053] healthd: battery l=100 v=4276 t=22.6 h=2 st=5 c=0 fc=2878000 cc=0 chg=a
[ 5499.707710] healthd: battery l=100 v=4276 t=22.6 h=2 st=5 c=0 fc=2878000 cc=0 chg=a
[ 5500.003326] R0: [NetworkManager][105688293396] [20:44:04.024934]  wlan: [1753:E :HDD] hdd_is_rcpi_applicable: 4950: mac addr is different from bssid connected
[ 5505.897247] healthd: battery l=100 v=4276 t=22.6 h=2 st=5 c=0 fc=2878000 cc=0 chg=a
[ 5506.001961] R0: [NetworkManager][105803467276] [20:44:10.023575]  wlan: [1753:E :HDD] hdd_is_rcpi_applicable: 4950: mac addr is different from bssid connected
[ 5512.007851] R0: [NetworkManager][105918780299] [20:44:16.029462]  wlan: [1753:E :HDD] hdd_is_rcpi_applicable: 4950: mac addr is different from bssid connected
[ 5512.675797] healthd: battery l=100 v=4276 t=22.6 h=2 st=5 c=0 fc=2878000 cc=0 chg=a
[ 5518.006862] R0: [NetworkManager][106033960332] [20:44:22.028423]  wlan: [1753:E :HDD] hdd_is_rcpi_applicable: 4950: mac addr is different from bssid connected
[ 5518.699079] healthd: battery l=100 v=4276 t=22.6 h=2 st=5 c=0 fc=2878000 cc=0 chg=a
[ 5524.004389] R0: [NetworkManager][106149113786] [20:44:28.025999]  wlan: [1753:E :HDD] hdd_is_rcpi_applicable: 4950: mac addr is different from bssid connected
[ 5524.893878] healthd: battery l=100 v=4276 t=22.6 h=2 st=5 c=0 fc=2878000 cc=0 chg=a
[ 5530.002124] R0: [NetworkManager][106264268694] [20:44:34.023651]  wlan: [1753:E :HDD] hdd_is_rcpi_applicable: 4950: mac addr is different from bssid connected
[ 5531.651950] healthd: battery l=100 v=4276 t=22.6 h=2 st=5 c=0 fc=2878000 cc=0 chg=a
[ 5536.011523] R0: [NetworkManager][106379650771] [20:44:40.033135]  wlan: [1753:E :HDD] hdd_is_rcpi_applicable: 4950: mac addr is different from bssid connected
[ 5537.897744] healthd: battery l=100 v=4276 t=22.6 h=2 st=5 c=0 fc=2878000 cc=0 chg=a
[ 5538.615021] R0: [cds_mc_thread][106429638163] [20:44:42.636645]  wlan: [3382:I :WMI] send_set_arp_stats_req_cmd_tlv: 12397: set arp stats flag=1, vdev=0
[ 5538.629257] R0: [cds_mc_thread][106429911561] [20:44:42.650884]  wlan: [3382:I :WMI] send_set_arp_stats_req_cmd_tlv: 12397: set arp stats flag=0, vdev=0
[ 5542.003940] R0: [NetworkManager][106494705197] [20:44:46.025553]  wlan: [1753:E :HDD] hdd_is_rcpi_applicable: 4950: mac addr is different from bssid connected
[ 5544.720085] healthd: battery l=100 v=4276 t=22.6 h=2 st=5 c=0 fc=2878000 cc=0 chg=a
[ 5548.007992] R0: [NetworkManager][106609983028] [20:44:52.029608]  wlan: [1753:E :HDD] hdd_is_rcpi_applicable: 4950: mac addr is different from bssid connected
[ 5550.704851] healthd: battery l=100 v=4276 t=22.6 h=2 st=5 c=0 fc=2878000 cc=0 chg=a
[ 5552.993345] init: Received control message 'interface_start' for 'android.hardware.biometrics.fingerprint@2.1::IBiometricsFingerprint/default' from pid: 34 (/system/bin/hwservicemanager)
[ 5552.993518] init: Could not find service hosting interface android.hardware.biometrics.fingerprint@2.1::IBiometricsFingerprint/default
[ 5552.994014] init: Received control message 'interface_start' for 'android.hardware.biometrics.fingerprint@2.1::IBiometricsFingerprint/default' from pid: 34 (/system/bin/hwservicemanager)
[ 5552.994049] init: Could not find service hosting interface android.hardware.biometrics.fingerprint@2.1::IBiometricsFingerprint/default
[ 5554.006558] R0: [NetworkManager][106725155524] [20:44:58.028176]  wlan: [1753:E :HDD] hdd_is_rcpi_applicable: 4950: mac addr is different from bssid connected
[ 5556.881137] healthd: battery l=100 v=4276 t=22.6 h=2 st=5 c=0 fc=2878000 cc=0 chg=a
[ 5556.899507] healthd: battery l=100 v=4276 t=22.6 h=2 st=5 c=0 fc=2878000 cc=0 chg=a
[ 5560.005911] R0: [NetworkManager][106840343118] [20:45:04.027530]  wlan: [1753:E :HDD] hdd_is_rcpi_applicable: 4950: mac addr is different from bssid connected
[ 5563.715018] healthd: battery l=100 v=4276 t=22.6 h=2 st=5 c=0 fc=2878000 cc=0 chg=a
[ 5566.001587] R0: [NetworkManager][106955460096] [20:45:10.023207]  wlan: [1753:E :HDD] hdd_is_rcpi_applicable: 4950: mac addr is different from bssid connected
[ 5569.909494] healthd: battery l=100 v=4276 t=22.6 h=2 st=5 c=0 fc=2878000 cc=0 chg=a
[ 5572.003695] R0: [NetworkManager][107070700511] [20:45:16.025312]  wlan: [1753:E :HDD] hdd_is_rcpi_applicable: 4950: mac addr is different from bssid connected
[ 5576.718543] healthd: battery l=100 v=4276 t=22.6 h=2 st=5 c=0 fc=2878000 cc=0 chg=a
[ 5578.007219] R0: [NetworkManager][107185966481] [20:45:22.028749]  wlan: [1753:E :HDD] hdd_is_rcpi_applicable: 4950: mac addr is different from bssid connected
[ 5582.699398] healthd: battery l=100 v=4276 t=22.6 h=2 st=5 c=0 fc=2878000 cc=0 chg=a
[ 5584.001967] R0: [NetworkManager][107301067276] [20:45:28.023582]  wlan: [1753:E :HDD] hdd_is_rcpi_applicable: 4950: mac addr is different from bssid connected
[ 5584.481906] R0: [cds_mc_thread][107310282334] [20:45:28.503533]  wlan: [3382:I :WMI] send_set_arp_stats_req_cmd_tlv: 12397: set arp stats flag=1, vdev=0
[ 5584.495103] R0: [cds_mc_thread][107310535803] [20:45:28.516735]  wlan: [3382:I :WMI] send_set_arp_stats_req_cmd_tlv: 12397: set arp stats flag=0, vdev=0
[ 5588.893764] healthd: battery l=100 v=4276 t=22.6 h=2 st=5 c=0 fc=2878000 cc=0 chg=a
[ 5590.001714] R0: [NetworkManager][107416262480] [20:45:34.023333]  wlan: [1753:E :HDD] hdd_is_rcpi_applicable: 4950: mac addr is different from bssid connected
[ 5595.705086] healthd: battery l=100 v=4276 t=22.6 h=2 st=5 c=0 fc=2878000 cc=0 chg=a
[ 5596.007135] R0: [NetworkManager][107531566674] [20:45:40.028760]  wlan: [1753:E :HDD] hdd_is_rcpi_applicable: 4950: mac addr is different from bssid connected
[ 5601.897615] healthd: battery l=100 v=4276 t=22.6 h=2 st=5 c=0 fc=2878000 cc=0 chg=a
[ 5602.004545] R0: [NetworkManager][107646715396] [20:45:46.026090]  wlan: [1753:E :HDD] hdd_is_rcpi_applicable: 4950: mac addr is different from bssid connected
[ 5608.003983] R0: [NetworkManager][107761906128] [20:45:52.025608]  wlan: [1753:E :HDD] hdd_is_rcpi_applicable: 4950: mac addr is different from bssid connected
[ 5608.718015] healthd: battery l=100 v=4276 t=22.6 h=2 st=5 c=0 fc=2878000 cc=0 chg=a
[ 5614.003125] R0: [NetworkManager][107877089583] [20:45:58.024747]  wlan: [1753:E :HDD] hdd_is_rcpi_applicable: 4950: mac addr is different from bssid connected
[ 5614.697260] healthd: battery l=100 v=4276 t=22.6 h=2 st=5 c=0 fc=2878000 cc=0 chg=a
[ 5616.874478] healthd: battery l=100 v=4276 t=22.6 h=2 st=5 c=0 fc=2878000 cc=0 chg=a
[ 5620.006621] R0: [NetworkManager][107992356646] [20:46:04.028241]  wlan: [1753:E :HDD] hdd_is_rcpi_applicable: 4950: mac addr is different from bssid connected
[ 5620.882526] healthd: battery l=100 v=4276 t=22.6 h=2 st=5 c=0 fc=2878000 cc=0 chg=a
[ 5626.005390] R0: [NetworkManager][108107533061] [20:46:10.027013]  wlan: [1753:E :HDD] hdd_is_rcpi_applicable: 4950: mac addr is different from bssid connected
[ 5627.711396] healthd: battery l=100 v=4276 t=22.6 h=2 st=5 c=0 fc=2878000 cc=0 chg=a
[ 5630.135175] R0: [cds_mc_thread][108186825111] [20:46:14.156808]  wlan: [3382:I :WMI] send_set_arp_stats_req_cmd_tlv: 12397: set arp stats flag=1, vdev=0
[ 5630.150328] R0: [cds_mc_thread][108187116155] [20:46:14.171966]  wlan: [3382:I :WMI] send_set_arp_stats_req_cmd_tlv: 12397: set arp stats flag=0, vdev=0
[ 5632.003978] R0: [NetworkManager][108222705908] [20:46:16.025599]  wlan: [1753:E :HDD] hdd_is_rcpi_applicable: 4950: mac addr is different from bssid connected
[ 5633.896360] healthd: battery l=100 v=4276 t=22.6 h=2 st=5 c=0 fc=2878000 cc=0 chg=a
[ 5638.005295] R0: [NetworkManager][108337931274] [20:46:22.026921]  wlan: [1753:E :HDD] hdd_is_rcpi_applicable: 4950: mac addr is different from bssid connected
[ 5640.727477] healthd: battery l=100 v=4276 t=22.6 h=2 st=5 c=0 fc=2878000 cc=0 chg=a
[ 5644.003120] R0: [NetworkManager][108453089529] [20:46:28.024747]  wlan: [1753:E :HDD] hdd_is_rcpi_applicable: 4950: mac addr is different from bssid connected
[ 5646.697681] healthd: battery l=100 v=4276 t=22.6 h=2 st=5 c=0 fc=2878000 cc=0 chg=a
[ 5650.001914] R0: [NetworkManager][108568266330] [20:46:34.023540]  wlan: [1753:E :HDD] hdd_is_rcpi_applicable: 4950: mac addr is different from bssid connected
[ 5652.891482] healthd: battery l=100 v=4276 t=22.6 h=2 st=5 c=0 fc=2878000 cc=0 chg=a
[ 5653.745792] init: Received control message 'interface_start' for 'android.hardware.biometrics.fingerprint@2.1::IBiometricsFingerprint/default' from pid: 34 (/system/bin/hwservicemanager)
[ 5653.745893] init: Could not find service hosting interface android.hardware.biometrics.fingerprint@2.1::IBiometricsFingerprint/default
[ 5653.746804] init: Received control message 'interface_start' for 'android.hardware.biometrics.fingerprint@2.1::IBiometricsFingerprint/default' from pid: 34 (/system/bin/hwservicemanager)
[ 5653.746838] init: Could not find service hosting interface android.hardware.biometrics.fingerprint@2.1::IBiometricsFingerprint/default
[ 5656.004073] R0: [NetworkManager][108683507797] [20:46:40.025700]  wlan: [1753:E :HDD] hdd_is_rcpi_applicable: 4950: mac addr is different from bssid connected
[ 5659.712036] healthd: battery l=100 v=4276 t=22.6 h=2 st=5 c=0 fc=2878000 cc=0 chg=a
[ 5662.007092] R0: [NetworkManager][108798765757] [20:46:46.028719]  wlan: [1753:E :HDD] hdd_is_rcpi_applicable: 4950: mac addr is different from bssid connected
[ 5665.896176] healthd: battery l=100 v=4276 t=22.6 h=2 st=5 c=0 fc=2878000 cc=0 chg=a
[ 5668.005377] R0: [NetworkManager][108913932931] [20:46:52.027010]  wlan: [1753:E :HDD] hdd_is_rcpi_applicable: 4950: mac addr is different from bssid connected
[ 5672.727791] healthd: battery l=100 v=4276 t=22.6 h=2 st=5 c=0 fc=2878000 cc=0 chg=a
[ 5674.006614] R0: [NetworkManager][109029156594] [20:46:58.028243]  wlan: [1753:E :HDD] hdd_is_rcpi_applicable: 4950: mac addr is different from bssid connected
[ 5676.001545] R0: [cds_mc_thread][109067458702] [20:47:00.023145]  wlan: [3382:I :WMI] send_set_arp_stats_req_cmd_tlv: 12397: set arp stats flag=1, vdev=0
[ 5676.015802] R0: [cds_mc_thread][109067733224] [20:47:00.037443]  wlan: [3382:I :WMI] send_set_arp_stats_req_cmd_tlv: 12397: set arp stats flag=0, vdev=0
[ 5676.871768] healthd: battery l=100 v=4276 t=22.6 h=2 st=5 c=0 fc=2878000 cc=0 chg=a
[ 5678.703085] healthd: battery l=100 v=4276 t=22.6 h=2 st=5 c=0 fc=2878000 cc=0 chg=a
[ 5680.004916] R0: [NetworkManager][109144323961] [20:47:04.026544]  wlan: [1753:E :HDD] hdd_is_rcpi_applicable: 4950: mac addr is different from bssid connected
[ 5684.895409] healthd: battery l=100 v=4276 t=22.6 h=2 st=5 c=0 fc=2878000 cc=0 chg=a
[ 5686.005574] R0: [NetworkManager][109259536548] [20:47:10.027200]  wlan: [1753:E :HDD] hdd_is_rcpi_applicable: 4950: mac addr is different from bssid connected
[ 5691.715904] healthd: battery l=100 v=4276 t=22.6 h=2 st=5 c=0 fc=2878000 cc=0 chg=a
[ 5692.002453] R0: [NetworkManager][109374676660] [20:47:16.024082]  wlan: [1753:E :HDD] hdd_is_rcpi_applicable: 4950: mac addr is different from bssid connected
[ 5697.837684] healthd: battery l=100 v=4276 t=22.6 h=2 st=5 c=0 fc=2878000 cc=0 chg=a
[ 5698.007228] R0: [NetworkManager][109489968382] [20:47:22.028860]  wlan: [1753:E :HDD] hdd_is_rcpi_applicable: 4950: mac addr is different from bssid connected
[ 5704.006847] R0: [NetworkManager][109605161102] [20:47:28.028481]  wlan: [1753:E :HDD] hdd_is_rcpi_applicable: 4950: mac addr is different from bssid connected
[ 5704.719891] healthd: battery l=100 v=4276 t=22.6 h=2 st=5 c=0 fc=2878000 cc=0 chg=a
[ 5706.509556] R0: [cds_mc_thread][109653213144] [20:47:30.531192]  wlan: [3382:I :WMI] send_set_arp_stats_req_cmd_tlv: 12397: set arp stats flag=1, vdev=0
[ 5706.529881] R0: [cds_mc_thread][109653603540] [20:47:30.551525]  wlan: [3382:I :WMI] send_set_arp_stats_req_cmd_tlv: 12397: set arp stats flag=0, vdev=0
[ 5710.001565] R0: [NetworkManager][109720259610] [20:47:34.023196]  wlan: [1753:E :HDD] hdd_is_rcpi_applicable: 4950: mac addr is different from bssid connected
[ 5710.697256] healthd: battery l=100 v=4276 t=22.6 h=2 st=5 c=0 fc=2878000 cc=0 chg=a
[ 5716.001937] R0: [NetworkManager][109835466741] [20:47:40.023568]  wlan: [1753:E :HDD] hdd_is_rcpi_applicable: 4950: mac addr is different from bssid connected
[ 5716.828586] healthd: battery l=100 v=4276 t=22.6 h=2 st=5 c=0 fc=2878000 cc=0 chg=a
[ 5722.002048] R0: [NetworkManager][109950667352] [20:47:46.023600]  wlan: [1753:E :HDD] hdd_is_rcpi_applicable: 4950: mac addr is different from bssid connected
[ 5722.853205] healthd: battery l=100 v=4276 t=22.6 h=2 st=5 c=0 fc=2878000 cc=0 chg=a
[ 5728.003580] R0: [NetworkManager][110065898341] [20:47:52.025215]  wlan: [1753:E :HDD] hdd_is_rcpi_applicable: 4950: mac addr is different from bssid connected
[ 5729.895290] healthd: battery l=100 v=4276 t=22.6 h=2 st=5 c=0 fc=2878000 cc=0 chg=a
[ 5734.008670] R0: [NetworkManager][110181196038] [20:47:58.030304]  wlan: [1753:E :HDD] hdd_is_rcpi_applicable: 4950: mac addr is different from bssid connected
[ 5736.723257] healthd: battery l=100 v=4276 t=22.6 h=2 st=5 c=0 fc=2878000 cc=0 chg=a
[ 5736.874214] healthd: battery l=100 v=4276 t=22.6 h=2 st=5 c=0 fc=2878000 cc=0 chg=a
[ 5737.015062] R0: [cds_mc_thread][110238918888] [20:48:01.036702]  wlan: [3382:I :WMI] send_set_arp_stats_req_cmd_tlv: 12397: set arp stats flag=1, vdev=0
[ 5737.029543] R0: [cds_mc_thread][110239197050] [20:48:01.051190]  wlan: [3382:I :WMI] send_set_arp_stats_req_cmd_tlv: 12397: set arp stats flag=0, vdev=0
[ 5740.004931] R0: [NetworkManager][110296324204] [20:48:04.026563]  wlan: [1753:E :HDD] hdd_is_rcpi_applicable: 4950: mac addr is different from bssid connected
[ 5742.692868] healthd: battery l=100 v=4276 t=22.6 h=2 st=5 c=0 fc=2878000 cc=0 chg=a
[ 5746.007106] R0: [NetworkManager][110411566005] [20:48:10.028741]  wlan: [1753:E :HDD] hdd_is_rcpi_applicable: 4950: mac addr is different from bssid connected
[ 5748.882070] healthd: battery l=100 v=4276 t=22.6 h=2 st=5 c=0 fc=2878000 cc=0 chg=a
[ 5752.006569] R0: [NetworkManager][110526754588] [20:48:16.028147]  wlan: [1753:E :HDD] hdd_is_rcpi_applicable: 4950: mac addr is different from bssid connected
[ 5754.258231] init: Received control message 'interface_start' for 'android.hardware.biometrics.fingerprint@2.1::IBiometricsFingerprint/default' from pid: 34 (/system/bin/hwservicemanager)
[ 5754.258399] init: Could not find service hosting interface android.hardware.biometrics.fingerprint@2.1::IBiometricsFingerprint/default
[ 5754.259188] init: Received control message 'interface_start' for 'android.hardware.biometrics.fingerprint@2.1::IBiometricsFingerprint/default' from pid: 34 (/system/bin/hwservicemanager)
[ 5754.259221] init: Could not find service hosting interface android.hardware.biometrics.fingerprint@2.1::IBiometricsFingerprint/default
[ 5755.711831] healthd: battery l=100 v=4276 t=22.6 h=2 st=5 c=0 fc=2878000 cc=0 chg=a
[ 5758.003951] R0: [NetworkManager][110641905400] [20:48:22.025585]  wlan: [1753:E :HDD] hdd_is_rcpi_applicable: 4950: mac addr is different from bssid connected
[ 5761.897831] healthd: battery l=100 v=4276 t=22.6 h=2 st=5 c=0 fc=2878000 cc=0 chg=a
[ 5764.002213] R0: [NetworkManager][110757072041] [20:48:28.023848]  wlan: [1753:E :HDD] hdd_is_rcpi_applicable: 4950: mac addr is different from bssid connected
[ 5767.522076] R0: [cds_mc_thread][110824653528] [20:48:31.543718]  wlan: [3382:I :WMI] send_set_arp_stats_req_cmd_tlv: 12397: set arp stats flag=1, vdev=0
[ 5767.535466] R0: [cds_mc_thread][110824910783] [20:48:31.557117]  wlan: [3382:I :WMI] send_set_arp_stats_req_cmd_tlv: 12397: set arp stats flag=0, vdev=0
[ 5768.724289] healthd: battery l=100 v=4276 t=22.6 h=2 st=5 c=0 fc=2878000 cc=0 chg=a
[ 5770.004414] R0: [NetworkManager][110872314333] [20:48:34.026052]  wlan: [1753:E :HDD] hdd_is_rcpi_applicable: 4950: mac addr is different from bssid connected
[ 5774.700472] healthd: battery l=100 v=4276 t=22.6 h=2 st=5 c=0 fc=2878000 cc=0 chg=a
[ 5776.001369] R0: [NetworkManager][110987455886] [20:48:40.023008]  wlan: [1753:E :HDD] hdd_is_rcpi_applicable: 4950: mac addr is different from bssid connected
[ 5780.890827] healthd: battery l=100 v=4276 t=22.6 h=2 st=5 c=0 fc=2878000 cc=0 chg=a
[ 5782.007892] R0: [NetworkManager][111102781055] [20:48:46.029528]  wlan: [1753:E :HDD] hdd_is_rcpi_applicable: 4950: mac addr is different from bssid connected
[ 5787.712837] healthd: battery l=100 v=4276 t=22.6 h=2 st=5 c=0 fc=2878000 cc=0 chg=a
[ 5788.002629] R0: [NetworkManager][111217880030] [20:48:52.024267]  wlan: [1753:E :HDD] hdd_is_rcpi_applicable: 4950: mac addr is different from bssid connected
[ 5793.897050] healthd: battery l=100 v=4276 t=22.6 h=2 st=5 c=0 fc=2878000 cc=0 chg=a
[ 5794.007001] R0: [NetworkManager][111333164062] [20:48:58.028644]  wlan: [1753:E :HDD] hdd_is_rcpi_applicable: 4950: mac addr is different from bssid connected
[ 5796.874953] healthd: battery l=100 v=4276 t=22.6 h=2 st=5 c=0 fc=2878000 cc=0 chg=a
[ 5798.028199] R0: [cds_mc_thread][111410371068] [20:49:02.049843]  wlan: [3382:I :WMI] send_set_arp_stats_req_cmd_tlv: 12397: set arp stats flag=1, vdev=0
[ 5798.044172] R0: [cds_mc_thread][111410677917] [20:49:02.065825]  wlan: [3382:I :WMI] send_set_arp_stats_req_cmd_tlv: 12397: set arp stats flag=0, vdev=0
[ 5800.002919] R0: [NetworkManager][111448284147] [20:49:04.024483]  wlan: [1753:E :HDD] hdd_is_rcpi_applicable: 4950: mac addr is different from bssid connected
[ 5800.726803] healthd: battery l=100 v=4276 t=22.6 h=2 st=5 c=0 fc=2878000 cc=0 chg=a
[ 5806.002953] R0: [NetworkManager][111563486212] [20:49:10.024591]  wlan: [1753:E :HDD] hdd_is_rcpi_applicable: 4950: mac addr is different from bssid connected
[ 5806.698033] healthd: battery l=100 v=4276 t=22.6 h=2 st=5 c=0 fc=2878000 cc=0 chg=a
[ 5812.005761] R0: [NetworkManager][111678735241] [20:49:16.027145]  wlan: [1753:E :HDD] hdd_is_rcpi_applicable: 4950: mac addr is different from bssid connected
[ 5812.890950] healthd: battery l=100 v=4276 t=22.6 h=2 st=5 c=0 fc=2878000 cc=0 chg=a
[ 5818.006094] R0: [NetworkManager][111793946561] [20:49:22.027735]  wlan: [1753:E :HDD] hdd_is_rcpi_applicable: 4950: mac addr is different from bssid connected
[ 5819.719739] healthd: battery l=100 v=4276 t=22.6 h=2 st=5 c=0 fc=2878000 cc=0 chg=a
[ 5824.003497] R0: [NetworkManager][111909096652] [20:49:28.025136]  wlan: [1753:E :HDD] hdd_is_rcpi_applicable: 4950: mac addr is different from bssid connected
[ 5825.902768] healthd: battery l=100 v=4276 t=22.6 h=2 st=5 c=0 fc=2878000 cc=0 chg=a
[ 5828.534856] R0: [cds_mc_thread][111996098975] [20:49:32.556508]  wlan: [3382:I :WMI] send_set_arp_stats_req_cmd_tlv: 12397: set arp stats flag=1, vdev=0
[ 5828.549940] R0: [cds_mc_thread][111996388676] [20:49:32.571596]  wlan: [3382:I :WMI] send_set_arp_stats_req_cmd_tlv: 12397: set arp stats flag=0, vdev=0
[ 5830.002925] R0: [NetworkManager][112024285725] [20:49:34.024568]  wlan: [1753:E :HDD] hdd_is_rcpi_applicable: 4950: mac addr is different from bssid connected
[ 5832.729852] healthd: battery l=100 v=4276 t=22.6 h=2 st=5 c=0 fc=2878000 cc=0 chg=a
[ 5836.003885] R0: [NetworkManager][112139504122] [20:49:40.025527]  wlan: [1753:E :HDD] hdd_is_rcpi_applicable: 4950: mac addr is different from bssid connected
[ 5838.697517] healthd: battery l=100 v=4276 t=22.6 h=2 st=5 c=0 fc=2878000 cc=0 chg=a
[ 5842.007212] R0: [NetworkManager][112254768003] [20:49:46.028854]  wlan: [1753:E :HDD] hdd_is_rcpi_applicable: 4950: mac addr is different from bssid connected
[ 5844.882181] healthd: battery l=100 v=4276 t=22.6 h=2 st=5 c=0 fc=2878000 cc=0 chg=a
[ 5848.006653] R0: [NetworkManager][112369957327] [20:49:52.028299]  wlan: [1753:E :HDD] hdd_is_rcpi_applicable: 4950: mac addr is different from bssid connected
[ 5851.719061] healthd: battery l=100 v=4276 t=22.6 h=2 st=5 c=0 fc=2878000 cc=0 chg=a
[ 5854.001890] R0: [NetworkManager][112485065972] [20:49:58.023541]  wlan: [1753:E :HDD] hdd_is_rcpi_applicable: 4950: mac addr is different from bssid connected
[ 5854.992981] init: Received control message 'interface_start' for 'android.hardware.biometrics.fingerprint@2.1::IBiometricsFingerprint/default' from pid: 34 (/system/bin/hwservicemanager)
[ 5854.993158] init: Could not find service hosting interface android.hardware.biometrics.fingerprint@2.1::IBiometricsFingerprint/default
[ 5854.994234] init: Received control message 'interface_start' for 'android.hardware.biometrics.fingerprint@2.1::IBiometricsFingerprint/default' from pid: 34 (/system/bin/hwservicemanager)
[ 5854.994268] init: Could not find service hosting interface android.hardware.biometrics.fingerprint@2.1::IBiometricsFingerprint/default
[ 5856.875055] healthd: battery l=100 v=4276 t=22.6 h=2 st=5 c=0 fc=2878000 cc=0 chg=a
[ 5857.906352] healthd: battery l=100 v=4276 t=22.6 h=2 st=5 c=0 fc=2878000 cc=0 chg=a
[ 5859.041726] R0: [cds_mc_thread][112581830828] [20:50:03.063378]  wlan: [3382:I :WMI] send_set_arp_stats_req_cmd_tlv: 12397: set arp stats flag=1, vdev=0
[ 5859.056622] R0: [cds_mc_thread][112582116948] [20:50:03.078280]  wlan: [3382:I :WMI] send_set_arp_stats_req_cmd_tlv: 12397: set arp stats flag=0, vdev=0
[ 5860.001363] R0: [NetworkManager][112600255843] [20:50:04.023014]  wlan: [1753:E :HDD] hdd_is_rcpi_applicable: 4950: mac addr is different from bssid connected
[ 5864.736128] healthd: battery l=100 v=4276 t=22.6 h=2 st=5 c=0 fc=2878000 cc=0 chg=a
[ 5866.004397] R0: [NetworkManager][112715513984] [20:50:10.026043]  wlan: [1753:E :HDD] hdd_is_rcpi_applicable: 4950: mac addr is different from bssid connected
[ 5870.695979] healthd: battery l=100 v=4276 t=22.6 h=2 st=5 c=0 fc=2878000 cc=0 chg=a
[ 5872.003014] R0: [NetworkManager][112830687529] [20:50:16.024666]  wlan: [1753:E :HDD] hdd_is_rcpi_applicable: 4950: mac addr is different from bssid connected
[ 5876.881106] healthd: battery l=100 v=4276 t=22.6 h=2 st=5 c=0 fc=2878000 cc=0 chg=a
[ 5878.007717] R0: [NetworkManager][112945977743] [20:50:22.029365]  wlan: [1753:E :HDD] hdd_is_rcpi_applicable: 4950: mac addr is different from bssid connected
[ 5883.715287] healthd: battery l=100 v=4276 t=22.6 h=2 st=5 c=0 fc=2878000 cc=0 chg=a
[ 5884.007574] R0: [NetworkManager][113061175001] [20:50:28.029223]  wlan: [1753:E :HDD] hdd_is_rcpi_applicable: 4950: mac addr is different from bssid connected
[ 5889.549097] R0: [cds_mc_thread][113167572297] [20:50:33.570749]  wlan: [3382:I :WMI] send_set_arp_stats_req_cmd_tlv: 12397: set arp stats flag=1, vdev=0
[ 5889.562407] R0: [cds_mc_thread][113167828017] [20:50:33.584068]  wlan: [3382:I :WMI] send_set_arp_stats_req_cmd_tlv: 12397: set arp stats flag=0, vdev=0
[ 5889.896800] healthd: battery l=100 v=4276 t=22.6 h=2 st=5 c=0 fc=2878000 cc=0 chg=a
[ 5890.000947] R0: [NetworkManager][113176246325] [20:50:34.022522]  wlan: [1753:E :HDD] hdd_is_rcpi_applicable: 4950: mac addr is different from bssid connected
[ 5896.004382] R0: [NetworkManager][113291513657] [20:50:40.026029]  wlan: [1753:E :HDD] hdd_is_rcpi_applicable: 4950: mac addr is different from bssid connected
[ 5896.719712] healthd: battery l=100 v=4276 t=22.6 h=2 st=5 c=0 fc=2878000 cc=0 chg=a
[ 5902.002620] R0: [NetworkManager][113406679828] [20:50:46.024268]  wlan: [1753:E :HDD] hdd_is_rcpi_applicable: 4950: mac addr is different from bssid connected
[ 5902.701141] healthd: battery l=100 v=4276 t=22.6 h=2 st=5 c=0 fc=2878000 cc=0 chg=a
[ 5908.000792] R0: [NetworkManager][113521844747] [20:50:52.022441]  wlan: [1753:E :HDD] hdd_is_rcpi_applicable: 4950: mac addr is different from bssid connected
[ 5908.876859] healthd: battery l=100 v=4276 t=22.6 h=2 st=5 c=0 fc=2878000 cc=0 chg=a
[ 5914.006866] R0: [NetworkManager][113637161389] [20:50:58.028517]  wlan: [1753:E :HDD] hdd_is_rcpi_applicable: 4950: mac addr is different from bssid connected
[ 5915.717536] healthd: battery l=100 v=4276 t=22.6 h=2 st=5 c=0 fc=2878000 cc=0 chg=a
[ 5916.875698] healthd: battery l=100 v=4276 t=22.6 h=2 st=5 c=0 fc=2878000 cc=0 chg=a
[ 5920.007589] R0: [NetworkManager][113752373403] [20:51:04.029143]  wlan: [1753:E :HDD] hdd_is_rcpi_applicable: 4950: mac addr is different from bssid connected
[ 5920.054892] R0: [cds_mc_thread][113753283672] [20:51:04.076553]  wlan: [3382:I :WMI] send_set_arp_stats_req_cmd_tlv: 12397: set arp stats flag=1, vdev=0
[ 5920.068257] R0: [cds_mc_thread][113753540358] [20:51:04.089922]  wlan: [3382:I :WMI] send_set_arp_stats_req_cmd_tlv: 12397: set arp stats flag=0, vdev=0
[ 5921.901106] healthd: battery l=100 v=4276 t=22.6 h=2 st=5 c=0 fc=2878000 cc=0 chg=a
[ 5926.004876] R0: [NetworkManager][113867523174] [20:51:10.026528]  wlan: [1753:E :HDD] hdd_is_rcpi_applicable: 4950: mac addr is different from bssid connected
[ 5928.726752] healthd: battery l=100 v=4276 t=22.6 h=2 st=5 c=0 fc=2878000 cc=0 chg=a
[ 5932.002022] R0: [NetworkManager][113982668551] [20:51:16.023683]  wlan: [1753:E :HDD] hdd_is_rcpi_applicable: 4950: mac addr is different from bssid connected
[ 5934.696637] healthd: battery l=100 v=4276 t=22.6 h=2 st=5 c=0 fc=2878000 cc=0 chg=a
[ 5938.002769] R0: [NetworkManager][114097882730] [20:51:22.024423]  wlan: [1753:E :HDD] hdd_is_rcpi_applicable: 4950: mac addr is different from bssid connected
[ 5940.886320] healthd: battery l=100 v=4276 t=22.6 h=2 st=5 c=0 fc=2878000 cc=0 chg=a
[ 5944.002404] R0: [NetworkManager][114213075650] [20:51:28.024055]  wlan: [1753:E :HDD] hdd_is_rcpi_applicable: 4950: mac addr is different from bssid connected
[ 5947.706262] healthd: battery l=100 v=4276 t=22.6 h=2 st=5 c=0 fc=2878000 cc=0 chg=a
[ 5950.003082] R0: [NetworkManager][114328288702] [20:51:34.024735]  wlan: [1753:E :HDD] hdd_is_rcpi_applicable: 4950: mac addr is different from bssid connected
[ 5950.561524] R0: [cds_mc_thread][114339010959] [20:51:34.583186]  wlan: [3382:I :WMI] send_set_arp_stats_req_cmd_tlv: 12397: set arp stats flag=1, vdev=0
[ 5950.575936] R0: [cds_mc_thread][114339287794] [20:51:34.597604]  wlan: [3382:I :WMI] send_set_arp_stats_req_cmd_tlv: 12397: set arp stats flag=0, vdev=0
[ 5953.899892] healthd: battery l=100 v=4276 t=22.6 h=2 st=5 c=0 fc=2878000 cc=0 chg=a
[ 5955.497224] init: Received control message 'interface_start' for 'android.hardware.biometrics.fingerprint@2.1::IBiometricsFingerprint/default' from pid: 34 (/system/bin/hwservicemanager)
[ 5955.497472] init: Could not find service hosting interface android.hardware.biometrics.fingerprint@2.1::IBiometricsFingerprint/default
[ 5955.498003] init: Received control message 'interface_start' for 'android.hardware.biometrics.fingerprint@2.1::IBiometricsFingerprint/default' from pid: 34 (/system/bin/hwservicemanager)
[ 5955.498041] init: Could not find service hosting interface android.hardware.biometrics.fingerprint@2.1::IBiometricsFingerprint/default
[ 5956.001531] R0: [NetworkManager][114443457446] [20:51:40.023107]  wlan: [1753:E :HDD] hdd_is_rcpi_applicable: 4950: mac addr is different from bssid connected
[ 5960.720514] healthd: battery l=100 v=4276 t=22.6 h=2 st=5 c=0 fc=2878000 cc=0 chg=a
[ 5962.006723] R0: [NetworkManager][114558758594] [20:51:46.028376]  wlan: [1753:E :HDD] hdd_is_rcpi_applicable: 4950: mac addr is different from bssid connected
[ 5966.706066] healthd: battery l=100 v=4276 t=22.6 h=2 st=5 c=0 fc=2878000 cc=0 chg=a
[ 5968.005366] R0: [NetworkManager][114673932625] [20:51:52.027024]  wlan: [1753:E :HDD] hdd_is_rcpi_applicable: 4950: mac addr is different from bssid connected
[ 5972.883098] healthd: battery l=100 v=4276 t=22.6 h=2 st=5 c=0 fc=2878000 cc=0 chg=a
[ 5974.003479] R0: [NetworkManager][114789095368] [20:51:58.025084]  wlan: [1753:E :HDD] hdd_is_rcpi_applicable: 4950: mac addr is different from bssid connected
[ 5976.875806] healthd: battery l=100 v=4276 t=22.6 h=2 st=5 c=0 fc=2878000 cc=0 chg=a
[ 5979.712845] healthd: battery l=100 v=4276 t=22.6 h=2 st=5 c=0 fc=2878000 cc=0 chg=a
[ 5980.002917] R0: [NetworkManager][114904285683] [20:52:04.024580]  wlan: [1753:E :HDD] hdd_is_rcpi_applicable: 4950: mac addr is different from bssid connected
[ 5981.068009] R0: [cds_mc_thread][114924735510] [20:52:05.089676]  wlan: [3382:I :WMI] send_set_arp_stats_req_cmd_tlv: 12397: set arp stats flag=1, vdev=0
[ 5981.084272] R0: [cds_mc_thread][114925047842] [20:52:05.105943]  wlan: [3382:I :WMI] send_set_arp_stats_req_cmd_tlv: 12397: set arp stats flag=0, vdev=0
[ 5985.891149] healthd: battery l=100 v=4276 t=22.6 h=2 st=5 c=0 fc=2878000 cc=0 chg=a
[ 5986.002819] R0: [NetworkManager][115019483696] [20:52:10.024478]  wlan: [1753:E :HDD] hdd_is_rcpi_applicable: 4950: mac addr is different from bssid connected
[ 5992.003125] R0: [NetworkManager][115134689540] [20:52:16.024783]  wlan: [1753:E :HDD] hdd_is_rcpi_applicable: 4950: mac addr is different from bssid connected
[ 5992.722889] healthd: battery l=100 v=4276 t=22.6 h=2 st=5 c=0 fc=2878000 cc=0 chg=a
[ 5998.009828] R0: [NetworkManager][115250015366] [20:52:22.031337]  wlan: [1753:E :HDD] hdd_is_rcpi_applicable: 4950: mac addr is different from bssid connected
[ 5998.693498] healthd: battery l=100 v=4276 t=22.6 h=2 st=5 c=0 fc=2878000 cc=0 chg=a
[ 6004.006826] R0: [NetworkManager][115365160619] [20:52:28.028486]  wlan: [1753:E :HDD] hdd_is_rcpi_applicable: 4950: mac addr is different from bssid connected
[ 6004.887169] healthd: battery l=100 v=4276 t=22.6 h=2 st=5 c=0 fc=2878000 cc=0 chg=a
[ 6010.002564] R0: [NetworkManager][115480278672] [20:52:34.024218]  wlan: [1753:E :HDD] hdd_is_rcpi_applicable: 4950: mac addr is different from bssid connected
[ 6011.707954] healthd: battery l=100 v=4276 t=22.6 h=2 st=5 c=0 fc=2878000 cc=0 chg=a
[ 6016.003786] R0: [NetworkManager][115595500703] [20:52:40.025366]  wlan: [1753:E :HDD] hdd_is_rcpi_applicable: 4950: mac addr is different from bssid connected
[ 6017.894470] healthd: battery l=100 v=4276 t=22.6 h=2 st=5 c=0 fc=2878000 cc=0 chg=a
[ 6022.003402] R0: [NetworkManager][115710694782] [20:52:46.025059]  wlan: [1753:E :HDD] hdd_is_rcpi_applicable: 4950: mac addr is different from bssid connected
[ 6024.727984] healthd: battery l=100 v=4276 t=22.6 h=2 st=5 c=0 fc=2878000 cc=0 chg=a
[ 6026.935315] R0: [cds_mc_thread][115805387719] [20:52:50.956983]  wlan: [3382:I :WMI] send_set_arp_stats_req_cmd_tlv: 12397: set arp stats flag=1, vdev=0
[ 6026.950464] R0: [cds_mc_thread][115805678716] [20:52:50.972139]  wlan: [3382:I :WMI] send_set_arp_stats_req_cmd_tlv: 12397: set arp stats flag=0, vdev=0
[ 6028.001702] R0: [NetworkManager][115825862222] [20:52:52.023363]  wlan: [1753:E :HDD] hdd_is_rcpi_applicable: 4950: mac addr is different from bssid connected
[ 6030.697231] healthd: battery l=100 v=4276 t=22.6 h=2 st=5 c=0 fc=2878000 cc=0 chg=a
[ 6034.002797] R0: [NetworkManager][115941083188] [20:52:58.024456]  wlan: [1753:E :HDD] hdd_is_rcpi_applicable: 4950: mac addr is different from bssid connected
[ 6036.869639] healthd: battery l=100 v=4276 t=22.6 h=2 st=5 c=0 fc=2878000 cc=0 chg=a
[ 6036.891342] healthd: battery l=100 v=4276 t=22.6 h=2 st=5 c=0 fc=2878000 cc=0 chg=a
[ 6040.002118] R0: [NetworkManager][116056270162] [20:53:04.023778]  wlan: [1753:E :HDD] hdd_is_rcpi_applicable: 4950: mac addr is different from bssid connected
[ 6043.716872] healthd: battery l=100 v=4276 t=22.6 h=2 st=5 c=0 fc=2878000 cc=0 chg=a
[ 6046.004245] R0: [NetworkManager][116171511113] [20:53:10.025912]  wlan: [1753:E :HDD] hdd_is_rcpi_applicable: 4950: mac addr is different from bssid connected
[ 6049.898326] healthd: battery l=100 v=4276 t=22.6 h=2 st=5 c=0 fc=2878000 cc=0 chg=a
[ 6052.002003] R0: [NetworkManager][116286668035] [20:53:16.023669]  wlan: [1753:E :HDD] hdd_is_rcpi_applicable: 4950: mac addr is different from bssid connected
[ 6056.248217] init: Received control message 'interface_start' for 'android.hardware.biometrics.fingerprint@2.1::IBiometricsFingerprint/default' from pid: 34 (/system/bin/hwservicemanager)
[ 6056.248400] init: Could not find service hosting interface android.hardware.biometrics.fingerprint@2.1::IBiometricsFingerprint/default
[ 6056.248878] init: Received control message 'interface_start' for 'android.hardware.biometrics.fingerprint@2.1::IBiometricsFingerprint/default' from pid: 34 (/system/bin/hwservicemanager)
[ 6056.248926] init: Could not find service hosting interface android.hardware.biometrics.fingerprint@2.1::IBiometricsFingerprint/default
[ 6056.723018] healthd: battery l=100 v=4276 t=22.6 h=2 st=5 c=0 fc=2878000 cc=0 chg=a
[ 6058.007729] R0: [NetworkManager][116401977935] [20:53:22.029393]  wlan: [1753:E :HDD] hdd_is_rcpi_applicable: 4950: mac addr is different from bssid connected
[ 6062.697306] healthd: battery l=100 v=4276 t=22.6 h=2 st=5 c=0 fc=2878000 cc=0 chg=a
[ 6064.005336] R0: [NetworkManager][116517131956] [20:53:28.026999]  wlan: [1753:E :HDD] hdd_is_rcpi_applicable: 4950: mac addr is different from bssid connected
[ 6068.890497] healthd: battery l=100 v=4276 t=22.6 h=2 st=5 c=0 fc=2878000 cc=0 chg=a
[ 6070.003548] R0: [NetworkManager][116632297731] [20:53:34.025217]  wlan: [1753:E :HDD] hdd_is_rcpi_applicable: 4950: mac addr is different from bssid connected
[ 6075.705922] healthd: battery l=100 v=4276 t=22.6 h=2 st=5 c=0 fc=2878000 cc=0 chg=a
[ 6076.007591] R0: [NetworkManager][116747575361] [20:53:40.029261]  wlan: [1753:E :HDD] hdd_is_rcpi_applicable: 4950: mac addr is different from bssid connected
[ 6081.893404] healthd: battery l=100 v=4276 t=22.6 h=2 st=5 c=0 fc=2878000 cc=0 chg=a
[ 6082.002736] R0: [NetworkManager][116862682128] [20:53:46.024406]  wlan: [1753:E :HDD] hdd_is_rcpi_applicable: 4950: mac addr is different from bssid connected
[ 6088.007152] R0: [NetworkManager][116977966985] [20:53:52.028826]  wlan: [1753:E :HDD] hdd_is_rcpi_applicable: 4950: mac addr is different from bssid connected
[ 6088.724435] healthd: battery l=100 v=4276 t=22.6 h=2 st=5 c=0 fc=2878000 cc=0 chg=a
[ 6094.003525] R0: [NetworkManager][117093097232] [20:53:58.025193]  wlan: [1753:E :HDD] hdd_is_rcpi_applicable: 4950: mac addr is different from bssid connected
[ 6094.698270] healthd: battery l=100 v=4276 t=22.6 h=2 st=5 c=0 fc=2878000 cc=0 chg=a
[ 6096.875497] healthd: battery l=100 v=4276 t=22.6 h=2 st=5 c=0 fc=2878000 cc=0 chg=a
[ 6100.001959] R0: [NetworkManager][117208267165] [20:54:04.023628]  wlan: [1753:E :HDD] hdd_is_rcpi_applicable: 4950: mac addr is different from bssid connected
[ 6100.879736] healthd: battery l=100 v=4276 t=22.6 h=2 st=5 c=0 fc=2878000 cc=0 chg=a
[ 6106.007246] R0: [NetworkManager][117323568703] [20:54:10.028917]  wlan: [1753:E :HDD] hdd_is_rcpi_applicable: 4950: mac addr is different from bssid connected
[ 6107.718991] healthd: battery l=100 v=4276 t=22.6 h=2 st=5 c=0 fc=2878000 cc=0 chg=a
[ 6108.428025] R0: [cds_mc_thread][117370047807] [20:54:12.449704]  wlan: [3382:I :WMI] send_set_arp_stats_req_cmd_tlv: 12397: set arp stats flag=1, vdev=0
[ 6108.442127] R0: [cds_mc_thread][117370318635] [20:54:12.463810]  wlan: [3382:I :WMI] send_set_arp_stats_req_cmd_tlv: 12397: set arp stats flag=0, vdev=0
[ 6112.002380] R0: [NetworkManager][117438675226] [20:54:16.024049]  wlan: [1753:E :HDD] hdd_is_rcpi_applicable: 4950: mac addr is different from bssid connected
[ 6113.893591] healthd: battery l=100 v=4276 t=22.6 h=2 st=5 c=0 fc=2878000 cc=0 chg=a
[ 6118.003361] R0: [NetworkManager][117553894048] [20:54:22.025030]  wlan: [1753:E :HDD] hdd_is_rcpi_applicable: 4950: mac addr is different from bssid connected
[ 6120.681101] healthd: battery l=100 v=4276 t=22.6 h=2 st=5 c=0 fc=2878000 cc=0 chg=a
[ 6124.013539] R0: [NetworkManager][117669289512] [20:54:28.035211]  wlan: [1753:E :HDD] hdd_is_rcpi_applicable: 4950: mac addr is different from bssid connected
[ 6126.699865] healthd: battery l=100 v=4276 t=22.6 h=2 st=5 c=0 fc=2878000 cc=0 chg=a
[ 6130.003371] R0: [NetworkManager][117784294262] [20:54:34.025042]  wlan: [1753:E :HDD] hdd_is_rcpi_applicable: 4950: mac addr is different from bssid connected
[ 6132.885030] healthd: battery l=100 v=4276 t=22.6 h=2 st=5 c=0 fc=2878000 cc=0 chg=a
[ 6133.601883] R0: [cds_mc_thread][117853385794] [20:54:37.623560]  wlan: [3382:I :WMI] send_set_arp_stats_req_cmd_tlv: 12397: set arp stats flag=1, vdev=0
[ 6133.619283] R0: [cds_mc_thread][117853720059] [20:54:37.640970]  wlan: [3382:I :WMI] send_set_arp_stats_req_cmd_tlv: 12397: set arp stats flag=0, vdev=0
[ 6136.007991] R0: [NetworkManager][117899582964] [20:54:40.029663]  wlan: [1753:E :HDD] hdd_is_rcpi_applicable: 4950: mac addr is different from bssid connected
[ 6139.652495] healthd: battery l=100 v=4276 t=22.6 h=2 st=5 c=0 fc=2878000 cc=0 chg=a
[ 6142.006384] R0: [NetworkManager][118014752066] [20:54:46.028054]  wlan: [1753:E :HDD] hdd_is_rcpi_applicable: 4950: mac addr is different from bssid connected
[ 6145.898375] healthd: battery l=100 v=4276 t=22.6 h=2 st=5 c=0 fc=2878000 cc=0 chg=a
[ 6148.001440] R0: [NetworkManager][118129857172] [20:54:52.023112]  wlan: [1753:E :HDD] hdd_is_rcpi_applicable: 4950: mac addr is different from bssid connected
[ 6152.720100] healthd: battery l=100 v=4276 t=22.6 h=2 st=5 c=0 fc=2878000 cc=0 chg=a
[ 6154.005767] R0: [NetworkManager][118245140326] [20:54:58.027444]  wlan: [1753:E :HDD] hdd_is_rcpi_applicable: 4950: mac addr is different from bssid connected
[ 6154.081741] R0: [cds_mc_thread][118246599148] [20:54:58.103424]  wlan: [3382:I :WMI] send_set_arp_stats_req_cmd_tlv: 12397: set arp stats flag=1, vdev=0
[ 6154.097684] R0: [cds_mc_thread][118246905335] [20:54:58.119371]  wlan: [3382:I :WMI] send_set_arp_stats_req_cmd_tlv: 12397: set arp stats flag=0, vdev=0
[ 6156.885071] healthd: battery l=100 v=4276 t=22.6 h=2 st=5 c=0 fc=2878000 cc=0 chg=a
[ 6157.000809] init: Received control message 'interface_start' for 'android.hardware.biometrics.fingerprint@2.1::IBiometricsFingerprint/default' from pid: 34 (/system/bin/hwservicemanager)
[ 6157.000992] init: Could not find service hosting interface android.hardware.biometrics.fingerprint@2.1::IBiometricsFingerprint/default
[ 6157.001608] init: Received control message 'interface_start' for 'android.hardware.biometrics.fingerprint@2.1::IBiometricsFingerprint/default' from pid: 34 (/system/bin/hwservicemanager)
[ 6157.001661] init: Could not find service hosting interface android.hardware.biometrics.fingerprint@2.1::IBiometricsFingerprint/default
[ 6158.696534] healthd: battery l=100 v=4276 t=22.6 h=2 st=5 c=0 fc=2878000 cc=0 chg=a
[ 6160.004155] R0: [NetworkManager][118360309327] [20:55:04.025830]  wlan: [1753:E :HDD] hdd_is_rcpi_applicable: 4950: mac addr is different from bssid connected
[ 6164.883627] healthd: battery l=100 v=4276 t=22.6 h=2 st=5 c=0 fc=2878000 cc=0 chg=a
[ 6166.002322] R0: [NetworkManager][118475474278] [20:55:10.024005]  wlan: [1753:E :HDD] hdd_is_rcpi_applicable: 4950: mac addr is different from bssid connected
[ 6171.710906] healthd: battery l=100 v=4276 t=22.6 h=2 st=5 c=0 fc=2878000 cc=0 chg=a
[ 6172.001097] R0: [NetworkManager][118590650581] [20:55:16.022771]  wlan: [1753:E :HDD] hdd_is_rcpi_applicable: 4950: mac addr is different from bssid connected
[ 6177.895246] healthd: battery l=100 v=4276 t=22.6 h=2 st=5 c=0 fc=2878000 cc=0 chg=a
[ 6178.001608] R0: [NetworkManager][118705860477] [20:55:22.023287]  wlan: [1753:E :HDD] hdd_is_rcpi_applicable: 4950: mac addr is different from bssid connected
[ 6184.003175] R0: [NetworkManager][118821090496] [20:55:28.024852]  wlan: [1753:E :HDD] hdd_is_rcpi_applicable: 4950: mac addr is different from bssid connected
[ 6184.731164] healthd: battery l=100 v=4276 t=22.6 h=2 st=5 c=0 fc=2878000 cc=0 chg=a
[ 6190.005401] R0: [NetworkManager][118936333185] [20:55:34.027075]  wlan: [1753:E :HDD] hdd_is_rcpi_applicable: 4950: mac addr is different from bssid connected
[ 6190.700770] healthd: battery l=100 v=4276 t=22.6 h=2 st=5 c=0 fc=2878000 cc=0 chg=a
[ 6196.003872] R0: [NetworkManager][119051503859] [20:55:40.025549]  wlan: [1753:E :HDD] hdd_is_rcpi_applicable: 4950: mac addr is different from bssid connected
[ 6196.878234] healthd: battery l=100 v=4276 t=22.6 h=2 st=5 c=0 fc=2878000 cc=0 chg=a
[ 6199.948413] R0: [cds_mc_thread][119127237980] [20:55:43.970035]  wlan: [3382:I :WMI] send_set_arp_stats_req_cmd_tlv: 12397: set arp stats flag=1, vdev=0
[ 6199.963272] R0: [cds_mc_thread][119127522211] [20:55:43.984838]  wlan: [3382:I :WMI] send_set_arp_stats_req_cmd_tlv: 12397: set arp stats flag=0, vdev=0
[ 6202.002642] R0: [NetworkManager][119166680254] [20:55:46.024320]  wlan: [1753:E :HDD] hdd_is_rcpi_applicable: 4950: mac addr is different from bssid connected
[ 6203.714224] healthd: battery l=100 v=4276 t=22.6 h=2 st=5 c=0 fc=2878000 cc=0 chg=a
[ 6208.002417] R0: [NetworkManager][119281875884] [20:55:52.024093]  wlan: [1753:E :HDD] hdd_is_rcpi_applicable: 4950: mac addr is different from bssid connected
[ 6209.900480] healthd: battery l=100 v=4276 t=22.6 h=2 st=5 c=0 fc=2878000 cc=0 chg=a
[ 6214.007473] R0: [NetworkManager][119397173008] [20:55:58.029152]  wlan: [1753:E :HDD] hdd_is_rcpi_applicable: 4950: mac addr is different from bssid connected
[ 6216.723566] healthd: battery l=100 v=4276 t=22.6 h=2 st=5 c=0 fc=2878000 cc=0 chg=a
[ 6216.870812] healthd: battery l=100 v=4276 t=22.6 h=2 st=5 c=0 fc=2878000 cc=0 chg=a
[ 6220.005658] R0: [NetworkManager][119512334096] [20:56:04.027126]  wlan: [1753:E :HDD] hdd_is_rcpi_applicable: 4950: mac addr is different from bssid connected
[ 6222.700756] healthd: battery l=100 v=4276 t=22.6 h=2 st=5 c=0 fc=2878000 cc=0 chg=a
[ 6226.002470] R0: [NetworkManager][119627476884] [20:56:10.024147]  wlan: [1753:E :HDD] hdd_is_rcpi_applicable: 4950: mac addr is different from bssid connected
[ 6228.879218] healthd: battery l=100 v=4276 t=22.6 h=2 st=5 c=0 fc=2878000 cc=0 chg=a
[ 6232.007200] R0: [NetworkManager][119742767819] [20:56:16.028884]  wlan: [1753:E :HDD] hdd_is_rcpi_applicable: 4950: mac addr is different from bssid connected
[ 6235.705641] healthd: battery l=100 v=4276 t=22.6 h=2 st=5 c=0 fc=2878000 cc=0 chg=a
[ 6238.004784] R0: [NetworkManager][119857921407] [20:56:22.026467]  wlan: [1753:E :HDD] hdd_is_rcpi_applicable: 4950: mac addr is different from bssid connected
[ 6241.898733] healthd: battery l=100 v=4276 t=22.6 h=2 st=5 c=0 fc=2878000 cc=0 chg=a
[ 6244.006305] R0: [NetworkManager][119973150594] [20:56:28.027988]  wlan: [1753:E :HDD] hdd_is_rcpi_applicable: 4950: mac addr is different from bssid connected
[ 6245.602052] R0: [cds_mc_thread][120003789107] [20:56:29.623744]  wlan: [3382:I :WMI] send_set_arp_stats_req_cmd_tlv: 12397: set arp stats flag=1, vdev=0
[ 6245.616440] R0: [cds_mc_thread][120004065457] [20:56:29.638137]  wlan: [3382:I :WMI] send_set_arp_stats_req_cmd_tlv: 12397: set arp stats flag=0, vdev=0
[ 6248.726191] healthd: battery l=100 v=4276 t=22.6 h=2 st=5 c=0 fc=2878000 cc=0 chg=a
[ 6250.005244] R0: [NetworkManager][120088328701] [20:56:34.026848]  wlan: [1753:E :HDD] hdd_is_rcpi_applicable: 4950: mac addr is different from bssid connected
[ 6254.699779] healthd: battery l=100 v=4276 t=22.6 h=2 st=5 c=0 fc=2878000 cc=0 chg=a
[ 6256.006171] R0: [NetworkManager][120203548095] [20:56:40.027859]  wlan: [1753:E :HDD] hdd_is_rcpi_applicable: 4950: mac addr is different from bssid connected
[ 6257.487561] init: Received control message 'interface_start' for 'android.hardware.biometrics.fingerprint@2.1::IBiometricsFingerprint/default' from pid: 34 (/system/bin/hwservicemanager)
[ 6257.487674] init: Could not find service hosting interface android.hardware.biometrics.fingerprint@2.1::IBiometricsFingerprint/default
[ 6257.488501] init: Received control message 'interface_start' for 'android.hardware.biometrics.fingerprint@2.1::IBiometricsFingerprint/default' from pid: 34 (/system/bin/hwservicemanager)
[ 6257.488540] init: Could not find service hosting interface android.hardware.biometrics.fingerprint@2.1::IBiometricsFingerprint/default
[ 6260.882944] healthd: battery l=100 v=4276 t=22.6 h=2 st=5 c=0 fc=2878000 cc=0 chg=a
[ 6262.003295] R0: [NetworkManager][120318692833] [20:56:46.024981]  wlan: [1753:E :HDD] hdd_is_rcpi_applicable: 4950: mac addr is different from bssid connected
[ 6267.717686] healthd: battery l=100 v=4276 t=22.6 h=2 st=5 c=0 fc=2878000 cc=0 chg=a
[ 6268.004508] R0: [NetworkManager][120433916034] [20:56:52.026190]  wlan: [1753:E :HDD] hdd_is_rcpi_applicable: 4950: mac addr is different from bssid connected
[ 6273.897923] healthd: battery l=100 v=4276 t=22.6 h=2 st=5 c=0 fc=2878000 cc=0 chg=a
[ 6274.005654] R0: [NetworkManager][120549138145] [20:56:58.027342]  wlan: [1753:E :HDD] hdd_is_rcpi_applicable: 4950: mac addr is different from bssid connected
[ 6276.873141] healthd: battery l=100 v=4276 t=22.6 h=2 st=5 c=0 fc=2878000 cc=0 chg=a
[ 6280.005967] R0: [NetworkManager][120664344099] [20:57:04.027653]  wlan: [1753:E :HDD] hdd_is_rcpi_applicable: 4950: mac addr is different from bssid connected
[ 6280.723749] healthd: battery l=100 v=4276 t=22.6 h=2 st=5 c=0 fc=2878000 cc=0 chg=a
[ 6286.003094] R0: [NetworkManager][120779488879] [20:57:10.024777]  wlan: [1753:E :HDD] hdd_is_rcpi_applicable: 4950: mac addr is different from bssid connected
[ 6286.697253] healthd: battery l=100 v=4276 t=22.6 h=2 st=5 c=0 fc=2878000 cc=0 chg=a
[ 6291.468039] R0: [cds_mc_thread][120884416029] [20:57:15.489734]  wlan: [3382:I :WMI] send_set_arp_stats_req_cmd_tlv: 12397: set arp stats flag=1, vdev=0
[ 6291.481645] R0: [cds_mc_thread][120884677361] [20:57:15.503345]  wlan: [3382:I :WMI] send_set_arp_stats_req_cmd_tlv: 12397: set arp stats flag=0, vdev=0
[ 6292.001342] R0: [NetworkManager][120894653849] [20:57:16.022954]  wlan: [1753:E :HDD] hdd_is_rcpi_applicable: 4950: mac addr is different from bssid connected
[ 6292.880846] healthd: battery l=100 v=4276 t=22.6 h=2 st=5 c=0 fc=2878000 cc=0 chg=a
[ 6298.004682] R0: [NetworkManager][121009919461] [20:57:22.026371]  wlan: [1753:E :HDD] hdd_is_rcpi_applicable: 4950: mac addr is different from bssid connected
[ 6299.707144] healthd: battery l=100 v=4276 t=22.6 h=2 st=5 c=0 fc=2878000 cc=0 chg=a
[ 6304.007371] R0: [NetworkManager][121125171005] [20:57:28.029057]  wlan: [1753:E :HDD] hdd_is_rcpi_applicable: 4950: mac addr is different from bssid connected
[ 6305.897479] healthd: battery l=100 v=4276 t=22.6 h=2 st=5 c=0 fc=2878000 cc=0 chg=a
[ 6310.005249] R0: [NetworkManager][121240330307] [20:57:34.026938]  wlan: [1753:E :HDD] hdd_is_rcpi_applicable: 4950: mac addr is different from bssid connected
[ 6312.723076] healthd: battery l=100 v=4276 t=22.6 h=2 st=5 c=0 fc=2878000 cc=0 chg=a
[ 6316.010356] R0: [NetworkManager][121355628346] [20:57:40.032044]  wlan: [1753:E :HDD] hdd_is_rcpi_applicable: 4950: mac addr is different from bssid connected
[ 6318.696275] healthd: battery l=100 v=4276 t=22.6 h=2 st=5 c=0 fc=2878000 cc=0 chg=a
[ 6322.006568] R0: [NetworkManager][121470755601] [20:57:46.028256]  wlan: [1753:E :HDD] hdd_is_rcpi_applicable: 4950: mac addr is different from bssid connected
[ 6324.829600] healthd: battery l=100 v=4276 t=22.6 h=2 st=5 c=0 fc=2878000 cc=0 chg=a
[ 6328.004594] R0: [NetworkManager][121585917722] [20:57:52.026284]  wlan: [1753:E :HDD] hdd_is_rcpi_applicable: 4950: mac addr is different from bssid connected
[ 6330.860210] healthd: battery l=100 v=4276 t=22.6 h=2 st=5 c=0 fc=2878000 cc=0 chg=a
[ 6334.003192] R0: [NetworkManager][121701090699] [20:57:58.024877]  wlan: [1753:E :HDD] hdd_is_rcpi_applicable: 4950: mac addr is different from bssid connected
[ 6336.876643] healthd: battery l=100 v=4276 t=22.6 h=2 st=5 c=0 fc=2878000 cc=0 chg=a
[ 6337.334706] R0: [cds_mc_thread][121765056095] [20:58:01.356408]  wlan: [3382:I :WMI] send_set_arp_stats_req_cmd_tlv: 12397: set arp stats flag=1, vdev=0
[ 6337.349031] R0: [cds_mc_thread][121765331195] [20:58:01.370736]  wlan: [3382:I :WMI] send_set_arp_stats_req_cmd_tlv: 12397: set arp stats flag=0, vdev=0
[ 6337.896210] healthd: battery l=100 v=4276 t=22.6 h=2 st=5 c=0 fc=2878000 cc=0 chg=a
[ 6340.004042] R0: [NetworkManager][121816307073] [20:58:04.025730]  wlan: [1753:E :HDD] hdd_is_rcpi_applicable: 4950: mac addr is different from bssid connected
[ 6344.721447] healthd: battery l=100 v=4276 t=22.6 h=2 st=5 c=0 fc=2878000 cc=0 chg=a
[ 6346.005880] R0: [NetworkManager][121931542391] [20:58:10.027570]  wlan: [1753:E :HDD] hdd_is_rcpi_applicable: 4950: mac addr is different from bssid connected
[ 6350.692715] healthd: battery l=100 v=4276 t=22.6 h=2 st=5 c=0 fc=2878000 cc=0 chg=a
[ 6352.004381] R0: [NetworkManager][122046713666] [20:58:16.026075]  wlan: [1753:E :HDD] hdd_is_rcpi_applicable: 4950: mac addr is different from bssid connected
[ 6356.889917] healthd: battery l=100 v=4276 t=22.6 h=2 st=5 c=0 fc=2878000 cc=0 chg=a
[ 6357.997540] init: Received control message 'interface_start' for 'android.hardware.biometrics.fingerprint@2.1::IBiometricsFingerprint/default' from pid: 34 (/system/bin/hwservicemanager)
[ 6357.997711] init: Could not find service hosting interface android.hardware.biometrics.fingerprint@2.1::IBiometricsFingerprint/default
[ 6357.998704] init: Received control message 'interface_start' for 'android.hardware.biometrics.fingerprint@2.1::IBiometricsFingerprint/default' from pid: 34 (/system/bin/hwservicemanager)
[ 6357.998758] init: Could not find service hosting interface android.hardware.biometrics.fingerprint@2.1::IBiometricsFingerprint/default
[ 6358.002632] R0: [NetworkManager][122161880443] [20:58:22.024345]  wlan: [1753:E :HDD] hdd_is_rcpi_applicable: 4950: mac addr is different from bssid connected
[ 6363.716433] healthd: battery l=100 v=4276 t=22.6 h=2 st=5 c=0 fc=2878000 cc=0 chg=a
[ 6364.003961] R0: [NetworkManager][122277105561] [20:58:28.025654]  wlan: [1753:E :HDD] hdd_is_rcpi_applicable: 4950: mac addr is different from bssid connected
[ 6369.899324] healthd: battery l=100 v=4275 t=22.6 h=2 st=5 c=0 fc=2878000 cc=0 chg=a
[ 6370.004926] R0: [NetworkManager][122392324252] [20:58:34.026628]  wlan: [1753:E :HDD] hdd_is_rcpi_applicable: 4950: mac addr is different from bssid connected
[ 6376.001022] R0: [NetworkManager][122507449120] [20:58:40.022716]  wlan: [1753:E :HDD] hdd_is_rcpi_applicable: 4950: mac addr is different from bssid connected
[ 6376.725699] healthd: battery l=100 v=4275 t=22.6 h=2 st=5 c=0 fc=2878000 cc=0 chg=a
[ 6382.007422] R0: [NetworkManager][122622771973] [20:58:46.029115]  wlan: [1753:E :HDD] hdd_is_rcpi_applicable: 4950: mac addr is different from bssid connected
[ 6382.703996] healthd: battery l=100 v=4275 t=22.6 h=2 st=5 c=0 fc=2878000 cc=0 chg=a
[ 6382.989036] R0: [cds_mc_thread][122641619103] [20:58:47.010736]  wlan: [3382:I :WMI] send_set_arp_stats_req_cmd_tlv: 12397: set arp stats flag=1, vdev=0
[ 6383.003629] R0: [cds_mc_thread][122641899457] [20:58:47.025338]  wlan: [3382:I :WMI] send_set_arp_stats_req_cmd_tlv: 12397: set arp stats flag=0, vdev=0
[ 6388.003766] R0: [NetworkManager][122737901796] [20:58:52.025460]  wlan: [1753:E :HDD] hdd_is_rcpi_applicable: 4950: mac addr is different from bssid connected
[ 6388.889737] healthd: battery l=100 v=4276 t=22.6 h=2 st=5 c=0 fc=2878000 cc=0 chg=a
[ 6394.001123] R0: [NetworkManager][122853051053] [20:58:58.022818]  wlan: [1753:E :HDD] hdd_is_rcpi_applicable: 4950: mac addr is different from bssid connected
[ 6395.709563] healthd: battery l=100 v=4276 t=22.6 h=2 st=5 c=0 fc=2878000 cc=0 chg=a
[ 6396.877763] healthd: battery l=100 v=4276 t=22.6 h=2 st=5 c=0 fc=2878000 cc=0 chg=a
[ 6400.004519] R0: [NetworkManager][122968316284] [20:59:04.026216]  wlan: [1753:E :HDD] hdd_is_rcpi_applicable: 4950: mac addr is different from bssid connected
[ 6401.896934] healthd: battery l=100 v=4276 t=22.6 h=2 st=5 c=0 fc=2878000 cc=0 chg=a
[ 6406.001490] R0: [NetworkManager][123083458060] [20:59:10.023184]  wlan: [1753:E :HDD] hdd_is_rcpi_applicable: 4950: mac addr is different from bssid connected
[ 6408.727575] healthd: battery l=100 v=4276 t=22.6 h=2 st=5 c=0 fc=2878000 cc=0 chg=a
[ 6412.001442] R0: [NetworkManager][123198657196] [20:59:16.023140]  wlan: [1753:E :HDD] hdd_is_rcpi_applicable: 4950: mac addr is different from bssid connected
[ 6414.704986] healthd: battery l=100 v=4276 t=22.6 h=2 st=5 c=0 fc=2878000 cc=0 chg=a
[ 6418.007572] R0: [NetworkManager][123313974818] [20:59:22.029267]  wlan: [1753:E :HDD] hdd_is_rcpi_applicable: 4950: mac addr is different from bssid connected
[ 6420.891506] healthd: battery l=100 v=4276 t=22.6 h=2 st=5 c=0 fc=2878000 cc=0 chg=a
[ 6424.003416] R0: [NetworkManager][123429095008] [20:59:28.025110]  wlan: [1753:E :HDD] hdd_is_rcpi_applicable: 4950: mac addr is different from bssid connected
[ 6427.713047] healthd: battery l=100 v=4276 t=22.6 h=2 st=5 c=0 fc=2878000 cc=0 chg=a
[ 6428.855078] R0: [cds_mc_thread][123522247052] [20:59:32.876780]  wlan: [3382:I :WMI] send_set_arp_stats_req_cmd_tlv: 12397: set arp stats flag=1, vdev=0
[ 6428.869785] R0: [cds_mc_thread][123522529652] [20:59:32.891499]  wlan: [3382:I :WMI] send_set_arp_stats_req_cmd_tlv: 12397: set arp stats flag=0, vdev=0
[ 6430.001861] R0: [NetworkManager][123544265306] [20:59:34.023564]  wlan: [1753:E :HDD] hdd_is_rcpi_applicable: 4950: mac addr is different from bssid connected
[ 6433.908620] healthd: battery l=100 v=4276 t=22.6 h=2 st=5 c=0 fc=2878000 cc=0 chg=a
[ 6436.004132] R0: [NetworkManager][123659508797] [20:59:40.025830]  wlan: [1753:E :HDD] hdd_is_rcpi_applicable: 4950: mac addr is different from bssid connected
[ 6440.729961] healthd: battery l=100 v=4276 t=22.6 h=2 st=5 c=0 fc=2878000 cc=0 chg=a
[ 6442.007054] R0: [NetworkManager][123774765141] [20:59:46.028765]  wlan: [1753:E :HDD] hdd_is_rcpi_applicable: 4950: mac addr is different from bssid connected
[ 6446.705122] healthd: battery l=100 v=4276 t=22.6 h=2 st=5 c=0 fc=2878000 cc=0 chg=a
[ 6448.003280] R0: [NetworkManager][123889892560] [20:59:52.024985]  wlan: [1753:E :HDD] hdd_is_rcpi_applicable: 4950: mac addr is different from bssid connected
[ 6452.883685] healthd: battery l=100 v=4276 t=22.6 h=2 st=5 c=0 fc=2878000 cc=0 chg=a
[ 6454.003215] R0: [NetworkManager][124005091270] [20:59:58.024919]  wlan: [1753:E :HDD] hdd_is_rcpi_applicable: 4950: mac addr is different from bssid connected
[ 6456.877743] healthd: battery l=100 v=4276 t=22.6 h=2 st=5 c=0 fc=2878000 cc=0 chg=a
[ 6458.747837] init: Received control message 'interface_start' for 'android.hardware.biometrics.fingerprint@2.1::IBiometricsFingerprint/default' from pid: 34 (/system/bin/hwservicemanager)
[ 6458.748016] init: Could not find service hosting interface android.hardware.biometrics.fingerprint@2.1::IBiometricsFingerprint/default
[ 6458.748426] init: Received control message 'interface_start' for 'android.hardware.biometrics.fingerprint@2.1::IBiometricsFingerprint/default' from pid: 34 (/system/bin/hwservicemanager)
[ 6458.748458] init: Could not find service hosting interface android.hardware.biometrics.fingerprint@2.1::IBiometricsFingerprint/default
[ 6459.709627] healthd: battery l=100 v=4276 t=22.6 h=2 st=5 c=0 fc=2878000 cc=0 chg=a
[ 6460.002195] R0: [NetworkManager][124120271702] [21:00:04.023900]  wlan: [1753:E :HDD] hdd_is_rcpi_applicable: 4950: mac addr is different from bssid connected
[ 6465.893347] healthd: battery l=100 v=4276 t=22.6 h=2 st=5 c=0 fc=2878000 cc=0 chg=a
[ 6466.000852] R0: [NetworkManager][124235445921] [21:00:10.022558]  wlan: [1753:E :HDD] hdd_is_rcpi_applicable: 4950: mac addr is different from bssid connected
[ 6472.007525] R0: [NetworkManager][124350773940] [21:00:16.029226]  wlan: [1753:E :HDD] hdd_is_rcpi_applicable: 4950: mac addr is different from bssid connected
[ 6472.727918] healthd: battery l=100 v=4275 t=22.6 h=2 st=5 c=0 fc=2878000 cc=0 chg=a
[ 6474.507681] R0: [cds_mc_thread][124398777175] [21:00:18.529395]  wlan: [3382:I :WMI] send_set_arp_stats_req_cmd_tlv: 12397: set arp stats flag=1, vdev=0
[ 6474.521833] R0: [cds_mc_thread][124399048131] [21:00:18.543507]  wlan: [3382:I :WMI] send_set_arp_stats_req_cmd_tlv: 12397: set arp stats flag=0, vdev=0
[ 6478.004074] R0: [NetworkManager][124465907703] [21:00:22.025777]  wlan: [1753:E :HDD] hdd_is_rcpi_applicable: 4950: mac addr is different from bssid connected
[ 6478.704124] healthd: battery l=100 v=4275 t=22.6 h=2 st=5 c=0 fc=2878000 cc=0 chg=a
[ 6484.003792] R0: [NetworkManager][124581102284] [21:00:28.025495]  wlan: [1753:E :HDD] hdd_is_rcpi_applicable: 4950: mac addr is different from bssid connected
[ 6484.886356] healthd: battery l=100 v=4275 t=22.6 h=2 st=5 c=0 fc=2878000 cc=0 chg=a
[ 6490.004713] R0: [NetworkManager][124696319969] [21:00:34.026417]  wlan: [1753:E :HDD] hdd_is_rcpi_applicable: 4950: mac addr is different from bssid connected
[ 6491.717567] healthd: battery l=100 v=4276 t=22.6 h=2 st=5 c=0 fc=2878000 cc=0 chg=a
[ 6496.001820] R0: [NetworkManager][124811464437] [21:00:40.023525]  wlan: [1753:E :HDD] hdd_is_rcpi_applicable: 4950: mac addr is different from bssid connected
[ 6497.897662] healthd: battery l=100 v=4276 t=22.6 h=2 st=5 c=0 fc=2878000 cc=0 chg=a
[ 6502.001645] R0: [NetworkManager][124926661068] [21:00:46.023350]  wlan: [1753:E :HDD] hdd_is_rcpi_applicable: 4950: mac addr is different from bssid connected
[ 6504.723165] healthd: battery l=100 v=4276 t=22.6 h=2 st=5 c=0 fc=2878000 cc=0 chg=a
[ 6508.003787] R0: [NetworkManager][125041902240] [21:00:52.025495]  wlan: [1753:E :HDD] hdd_is_rcpi_applicable: 4950: mac addr is different from bssid connected
[ 6510.699207] healthd: battery l=100 v=4276 t=22.6 h=2 st=5 c=0 fc=2878000 cc=0 chg=a
[ 6514.001593] R0: [NetworkManager][125157060133] [21:00:58.023303]  wlan: [1753:E :HDD] hdd_is_rcpi_applicable: 4950: mac addr is different from bssid connected
[ 6516.881551] healthd: battery l=100 v=4276 t=22.6 h=2 st=5 c=0 fc=2878000 cc=0 chg=a
[ 6516.899828] healthd: battery l=100 v=4276 t=22.6 h=2 st=5 c=0 fc=2878000 cc=0 chg=a
[ 6520.000971] R0: [NetworkManager][125272248167] [21:01:04.022680]  wlan: [1753:E :HDD] hdd_is_rcpi_applicable: 4950: mac addr is different from bssid connected
[ 6520.374534] R0: [cds_mc_thread][125279420767] [21:01:04.396253]  wlan: [3382:I :WMI] send_set_arp_stats_req_cmd_tlv: 12397: set arp stats flag=1, vdev=0
[ 6520.390852] R0: [cds_mc_thread][125279734137] [21:01:04.412575]  wlan: [3382:I :WMI] send_set_arp_stats_req_cmd_tlv: 12397: set arp stats flag=0, vdev=0
[ 6523.709059] healthd: battery l=100 v=4276 t=22.6 h=2 st=5 c=0 fc=2878000 cc=0 chg=a
[ 6526.000571] R0: [NetworkManager][125387440448] [21:01:10.022279]  wlan: [1753:E :HDD] hdd_is_rcpi_applicable: 4950: mac addr is different from bssid connected
[ 6529.896523] healthd: battery l=100 v=4276 t=22.6 h=2 st=5 c=0 fc=2878000 cc=0 chg=a
[ 6532.007499] R0: [NetworkManager][125502773480] [21:01:16.029208]  wlan: [1753:E :HDD] hdd_is_rcpi_applicable: 4950: mac addr is different from bssid connected
[ 6536.721362] healthd: battery l=100 v=4276 t=22.6 h=2 st=5 c=0 fc=2878000 cc=0 chg=a
[ 6538.003220] R0: [NetworkManager][125617891351] [21:01:22.024931]  wlan: [1753:E :HDD] hdd_is_rcpi_applicable: 4950: mac addr is different from bssid connected
[ 6542.701997] healthd: battery l=100 v=4276 t=22.6 h=2 st=5 c=0 fc=2878000 cc=0 chg=a
[ 6544.001235] R0: [NetworkManager][125733053274] [21:01:28.022949]  wlan: [1753:E :HDD] hdd_is_rcpi_applicable: 4950: mac addr is different from bssid connected
[ 6548.879883] healthd: battery l=100 v=4275 t=22.6 h=2 st=5 c=0 fc=2878000 cc=0 chg=a
[ 6550.003074] R0: [NetworkManager][125848287148] [21:01:34.024714]  wlan: [1753:E :HDD] hdd_is_rcpi_applicable: 4950: mac addr is different from bssid connected
[ 6555.704904] healthd: battery l=100 v=4275 t=22.6 h=2 st=5 c=0 fc=2878000 cc=0 chg=a
[ 6556.001426] R0: [NetworkManager][125963455310] [21:01:40.023056]  wlan: [1753:E :HDD] hdd_is_rcpi_applicable: 4950: mac addr is different from bssid connected
[ 6559.502262] init: Received control message 'interface_start' for 'android.hardware.biometrics.fingerprint@2.1::IBiometricsFingerprint/default' from pid: 34 (/system/bin/hwservicemanager)
[ 6559.502364] init: Could not find service hosting interface android.hardware.biometrics.fingerprint@2.1::IBiometricsFingerprint/default
[ 6559.502967] init: Received control message 'interface_start' for 'android.hardware.biometrics.fingerprint@2.1::IBiometricsFingerprint/default' from pid: 34 (/system/bin/hwservicemanager)
[ 6559.503004] init: Could not find service hosting interface android.hardware.biometrics.fingerprint@2.1::IBiometricsFingerprint/default
[ 6561.898637] healthd: battery l=100 v=4275 t=22.6 h=2 st=5 c=0 fc=2878000 cc=0 chg=a
[ 6562.005130] R0: [NetworkManager][126078728075] [21:01:46.026846]  wlan: [1753:E :HDD] hdd_is_rcpi_applicable: 4950: mac addr is different from bssid connected
[ 6566.028265] R0: [cds_mc_thread][126155972355] [21:01:50.049986]  wlan: [3382:I :WMI] send_set_arp_stats_req_cmd_tlv: 12397: set arp stats flag=1, vdev=0
[ 6566.041855] R0: [cds_mc_thread][126156233404] [21:01:50.063583]  wlan: [3382:I :WMI] send_set_arp_stats_req_cmd_tlv: 12397: set arp stats flag=0, vdev=0
[ 6568.002960] R0: [NetworkManager][126193886353] [21:01:52.024674]  wlan: [1753:E :HDD] hdd_is_rcpi_applicable: 4950: mac addr is different from bssid connected
[ 6568.730671] healthd: battery l=100 v=4275 t=22.6 h=2 st=5 c=0 fc=2878000 cc=0 chg=a
[ 6574.002640] R0: [NetworkManager][126309080154] [21:01:58.024352]  wlan: [1753:E :HDD] hdd_is_rcpi_applicable: 4950: mac addr is different from bssid connected
[ 6574.697227] healthd: battery l=100 v=4275 t=22.6 h=2 st=5 c=0 fc=2878000 cc=0 chg=a
[ 6576.875313] healthd: battery l=100 v=4275 t=22.6 h=2 st=5 c=0 fc=2878000 cc=0 chg=a
[ 6580.002981] R0: [NetworkManager][126424286717] [21:02:04.024694]  wlan: [1753:E :HDD] hdd_is_rcpi_applicable: 4950: mac addr is different from bssid connected
[ 6580.884816] healthd: battery l=100 v=4275 t=22.6 h=2 st=5 c=0 fc=2878000 cc=0 chg=a
[ 6586.000837] R0: [NetworkManager][126539445602] [21:02:10.022553]  wlan: [1753:E :HDD] hdd_is_rcpi_applicable: 4950: mac addr is different from bssid connected
[ 6587.706956] healthd: battery l=100 v=4276 t=22.6 h=2 st=5 c=0 fc=2878000 cc=0 chg=a
[ 6592.002843] R0: [NetworkManager][126654684089] [21:02:16.024558]  wlan: [1753:E :HDD] hdd_is_rcpi_applicable: 4950: mac addr is different from bssid connected
[ 6593.902968] healthd: battery l=100 v=4276 t=22.6 h=2 st=5 c=0 fc=2878000 cc=0 chg=a
[ 6598.004191] R0: [NetworkManager][126769909886] [21:02:22.025903]  wlan: [1753:E :HDD] hdd_is_rcpi_applicable: 4950: mac addr is different from bssid connected
[ 6600.728327] healthd: battery l=100 v=4276 t=22.6 h=2 st=5 c=0 fc=2878000 cc=0 chg=a
[ 6604.001092] R0: [NetworkManager][126885049202] [21:02:28.022743]  wlan: [1753:E :HDD] hdd_is_rcpi_applicable: 4950: mac addr is different from bssid connected
[ 6606.696999] healthd: battery l=100 v=4275 t=22.6 h=2 st=5 c=0 fc=2878000 cc=0 chg=a
[ 6610.004986] R0: [NetworkManager][127000325255] [21:02:34.026704]  wlan: [1753:E :HDD] hdd_is_rcpi_applicable: 4950: mac addr is different from bssid connected
[ 6612.882932] healthd: battery l=100 v=4275 t=22.6 h=2 st=5 c=0 fc=2878000 cc=0 chg=a
[ 6616.002716] R0: [NetworkManager][127115481643] [21:02:40.024433]  wlan: [1753:E :HDD] hdd_is_rcpi_applicable: 4950: mac addr is different from bssid connected
[ 6616.374322] R0: [cds_mc_thread][127122616521] [21:02:40.396042]  wlan: [3382:I :WMI] send_set_arp_stats_req_cmd_tlv: 12397: set arp stats flag=1, vdev=0
[ 6616.394104] R0: [cds_mc_thread][127122996571] [21:02:40.415836]  wlan: [3382:I :WMI] send_set_arp_stats_req_cmd_tlv: 12397: set arp stats flag=0, vdev=0
[ 6619.719059] healthd: battery l=100 v=4275 t=22.6 h=2 st=5 c=0 fc=2878000 cc=0 chg=a
[ 6622.003349] R0: [NetworkManager][127230693712] [21:02:46.025063]  wlan: [1753:E :HDD] hdd_is_rcpi_applicable: 4950: mac addr is different from bssid connected
[ 6625.906910] healthd: battery l=100 v=4275 t=22.6 h=2 st=5 c=0 fc=2878000 cc=0 chg=a
[ 6628.002920] R0: [NetworkManager][127345885599] [21:02:52.024641]  wlan: [1753:E :HDD] hdd_is_rcpi_applicable: 4950: mac addr is different from bssid connected
[ 6632.729971] healthd: battery l=100 v=4275 t=22.6 h=2 st=5 c=0 fc=2878000 cc=0 chg=a
[ 6634.005879] R0: [NetworkManager][127461140903] [21:02:58.027522]  wlan: [1753:E :HDD] hdd_is_rcpi_applicable: 4950: mac addr is different from bssid connected
[ 6636.873655] healthd: battery l=100 v=4275 t=22.6 h=2 st=5 c=0 fc=2878000 cc=0 chg=a
[ 6638.699140] healthd: battery l=100 v=4275 t=22.6 h=2 st=5 c=0 fc=2878000 cc=0 chg=a
[ 6640.003446] R0: [NetworkManager][127576295719] [21:03:04.025169]  wlan: [1753:E :HDD] hdd_is_rcpi_applicable: 4950: mac addr is different from bssid connected
[ 6644.879523] healthd: battery l=100 v=4275 t=22.6 h=2 st=5 c=0 fc=2878000 cc=0 chg=a
[ 6646.005824] R0: [NetworkManager][127691539206] [21:03:10.027434]  wlan: [1753:E :HDD] hdd_is_rcpi_applicable: 4950: mac addr is different from bssid connected
[ 6651.719158] healthd: battery l=100 v=4275 t=22.6 h=2 st=5 c=0 fc=2878000 cc=0 chg=a
[ 6652.001941] R0: [NetworkManager][127806665053] [21:03:16.023573]  wlan: [1753:E :HDD] hdd_is_rcpi_applicable: 4950: mac addr is different from bssid connected
[ 6657.890953] healthd: battery l=100 v=4275 t=22.6 h=2 st=5 c=0 fc=2878000 cc=0 chg=a
[ 6658.007332] R0: [NetworkManager][127921970344] [21:03:22.029057]  wlan: [1753:E :HDD] hdd_is_rcpi_applicable: 4950: mac addr is different from bssid connected
[ 6660.245874] init: Received control message 'interface_start' for 'android.hardware.biometrics.fingerprint@2.1::IBiometricsFingerprint/default' from pid: 34 (/system/bin/hwservicemanager)
[ 6660.246061] init: Could not find service hosting interface android.hardware.biometrics.fingerprint@2.1::IBiometricsFingerprint/default
[ 6660.246781] init: Received control message 'interface_start' for 'android.hardware.biometrics.fingerprint@2.1::IBiometricsFingerprint/default' from pid: 34 (/system/bin/hwservicemanager)
[ 6660.246827] init: Could not find service hosting interface android.hardware.biometrics.fingerprint@2.1::IBiometricsFingerprint/default
[ 6664.005012] R0: [NetworkManager][128037125688] [21:03:28.026732]  wlan: [1753:E :HDD] hdd_is_rcpi_applicable: 4950: mac addr is different from bssid connected
[ 6664.723989] healthd: battery l=100 v=4275 t=22.6 h=2 st=5 c=0 fc=2878000 cc=0 chg=a
[ 6670.002623] R0: [NetworkManager][128152279612] [21:03:34.024333]  wlan: [1753:E :HDD] hdd_is_rcpi_applicable: 4950: mac addr is different from bssid connected
[ 6670.699017] healthd: battery l=100 v=4276 t=22.6 h=2 st=5 c=0 fc=2878000 cc=0 chg=a
[ 6676.007504] R0: [NetworkManager][128267573555] [21:03:40.029227]  wlan: [1753:E :HDD] hdd_is_rcpi_applicable: 4950: mac addr is different from bssid connected
[ 6676.889168] healthd: battery l=100 v=4276 t=22.6 h=2 st=5 c=0 fc=2878000 cc=0 chg=a
[ 6682.003456] R0: [NetworkManager][128382695867] [21:03:46.025181]  wlan: [1753:E :HDD] hdd_is_rcpi_applicable: 4950: mac addr is different from bssid connected
[ 6683.704486] healthd: battery l=100 v=4276 t=22.6 h=2 st=5 c=0 fc=2878000 cc=0 chg=a
[ 6688.001978] R0: [NetworkManager][128497867624] [21:03:52.023710]  wlan: [1753:E :HDD] hdd_is_rcpi_applicable: 4950: mac addr is different from bssid connected
[ 6689.896631] healthd: battery l=100 v=4276 t=22.6 h=2 st=5 c=0 fc=2878000 cc=0 chg=a
[ 6694.006069] R0: [NetworkManager][128613144322] [21:03:58.027706]  wlan: [1753:E :HDD] hdd_is_rcpi_applicable: 4950: mac addr is different from bssid connected
[ 6696.668220] healthd: battery l=100 v=4276 t=22.6 h=2 st=5 c=0 fc=2878000 cc=0 chg=a
[ 6696.875370] healthd: battery l=100 v=4276 t=22.6 h=2 st=5 c=0 fc=2878000 cc=0 chg=a
[ 6700.004372] R0: [NetworkManager][128728313517] [21:04:04.026102]  wlan: [1753:E :HDD] hdd_is_rcpi_applicable: 4950: mac addr is different from bssid connected
[ 6702.694503] healthd: battery l=100 v=4276 t=22.6 h=2 st=5 c=0 fc=2878000 cc=0 chg=a
[ 6706.005828] R0: [NetworkManager][128843539966] [21:04:10.027480]  wlan: [1753:E :HDD] hdd_is_rcpi_applicable: 4950: mac addr is different from bssid connected
[ 6708.321392] R0: [cds_mc_thread][128888000399] [21:04:12.343128]  wlan: [3382:I :WMI] send_set_arp_stats_req_cmd_tlv: 12397: set arp stats flag=1, vdev=0
[ 6708.337724] R0: [cds_mc_thread][128888313297] [21:04:12.359425]  wlan: [3382:I :WMI] send_set_arp_stats_req_cmd_tlv: 12397: set arp stats flag=0, vdev=0
[ 6708.883209] healthd: battery l=100 v=4275 t=22.6 h=2 st=5 c=0 fc=2878000 cc=0 chg=a
[ 6712.002405] R0: [NetworkManager][128958675668] [21:04:16.024132]  wlan: [1753:E :HDD] hdd_is_rcpi_applicable: 4950: mac addr is different from bssid connected
[ 6715.660691] healthd: battery l=100 v=4275 t=22.6 h=2 st=5 c=0 fc=2878000 cc=0 chg=a
[ 6718.007609] R0: [NetworkManager][129073975606] [21:04:22.029338]  wlan: [1753:E :HDD] hdd_is_rcpi_applicable: 4950: mac addr is different from bssid connected
[ 6721.892218] healthd: battery l=100 v=4275 t=22.6 h=2 st=5 c=0 fc=2878000 cc=0 chg=a
[ 6724.004596] R0: [NetworkManager][129189116342] [21:04:28.026251]  wlan: [1753:E :HDD] hdd_is_rcpi_applicable: 4950: mac addr is different from bssid connected
[ 6728.718330] healthd: battery l=100 v=4275 t=22.6 h=2 st=5 c=0 fc=2878000 cc=0 chg=a
[ 6730.004347] R0: [NetworkManager][129304312980] [21:04:34.026077]  wlan: [1753:E :HDD] hdd_is_rcpi_applicable: 4950: mac addr is different from bssid connected
[ 6734.698429] healthd: battery l=100 v=4275 t=22.6 h=2 st=5 c=0 fc=2878000 cc=0 chg=a
[ 6736.003297] R0: [NetworkManager][129419492806] [21:04:40.025027]  wlan: [1753:E :HDD] hdd_is_rcpi_applicable: 4950: mac addr is different from bssid connected
[ 6740.876213] healthd: battery l=100 v=4275 t=22.6 h=2 st=5 c=0 fc=2878000 cc=0 chg=a
[ 6742.003190] R0: [NetworkManager][129534690720] [21:04:46.024919]  wlan: [1753:E :HDD] hdd_is_rcpi_applicable: 4950: mac addr is different from bssid connected
[ 6747.719535] healthd: battery l=100 v=4275 t=22.6 h=2 st=5 c=0 fc=2878000 cc=0 chg=a
[ 6748.002876] R0: [NetworkManager][129649884832] [21:04:52.024613]  wlan: [1753:E :HDD] hdd_is_rcpi_applicable: 4950: mac addr is different from bssid connected
[ 6753.892921] healthd: battery l=100 v=4275 t=22.6 h=2 st=5 c=0 fc=2878000 cc=0 chg=a
[ 6754.003461] R0: [NetworkManager][129765095929] [21:04:58.025191]  wlan: [1753:E :HDD] hdd_is_rcpi_applicable: 4950: mac addr is different from bssid connected
[ 6756.877745] healthd: battery l=100 v=4275 t=22.6 h=2 st=5 c=0 fc=2878000 cc=0 chg=a
[ 6760.006171] R0: [NetworkManager][129880347957] [21:05:04.027902]  wlan: [1753:E :HDD] hdd_is_rcpi_applicable: 4950: mac addr is different from bssid connected
[ 6760.721431] healthd: battery l=100 v=4275 t=22.6 h=2 st=5 c=0 fc=2878000 cc=0 chg=a
[ 6761.000230] init: Received control message 'interface_start' for 'android.hardware.biometrics.fingerprint@2.1::IBiometricsFingerprint/default' from pid: 34 (/system/bin/hwservicemanager)
[ 6761.000330] init: Could not find service hosting interface android.hardware.biometrics.fingerprint@2.1::IBiometricsFingerprint/default
[ 6761.001091] init: Received control message 'interface_start' for 'android.hardware.biometrics.fingerprint@2.1::IBiometricsFingerprint/default' from pid: 34 (/system/bin/hwservicemanager)
[ 6761.001196] init: Could not find service hosting interface android.hardware.biometrics.fingerprint@2.1::IBiometricsFingerprint/default
[ 6766.009273] R0: [NetworkManager][129995607540] [21:05:10.031006]  wlan: [1753:E :HDD] hdd_is_rcpi_applicable: 4950: mac addr is different from bssid connected
[ 6766.711202] healthd: battery l=100 v=4275 t=22.6 h=2 st=5 c=0 fc=2878000 cc=0 chg=a
[ 6769.334509] R0: [cds_mc_thread][130059452266] [21:05:13.356252]  wlan: [3382:I :WMI] send_set_arp_stats_req_cmd_tlv: 12397: set arp stats flag=1, vdev=0
[ 6769.349355] R0: [cds_mc_thread][130059737386] [21:05:13.371102]  wlan: [3382:I :WMI] send_set_arp_stats_req_cmd_tlv: 12397: set arp stats flag=0, vdev=0
[ 6772.004018] R0: [NetworkManager][130110706589] [21:05:16.025748]  wlan: [1753:E :HDD] hdd_is_rcpi_applicable: 4950: mac addr is different from bssid connected
[ 6772.886132] healthd: battery l=100 v=4275 t=22.6 h=2 st=5 c=0 fc=2878000 cc=0 chg=a
[ 6778.002729] R0: [NetworkManager][130225881881] [21:05:22.024462]  wlan: [1753:E :HDD] hdd_is_rcpi_applicable: 4950: mac addr is different from bssid connected
[ 6779.713027] healthd: battery l=100 v=4275 t=22.6 h=2 st=5 c=0 fc=2878000 cc=0 chg=a
[ 6784.007661] R0: [NetworkManager][130341176526] [21:05:28.029392]  wlan: [1753:E :HDD] hdd_is_rcpi_applicable: 4950: mac addr is different from bssid connected
[ 6785.896163] healthd: battery l=100 v=4275 t=22.6 h=2 st=5 c=0 fc=2878000 cc=0 chg=a
[ 6790.004820] R0: [NetworkManager][130456322036] [21:05:34.026555]  wlan: [1753:E :HDD] hdd_is_rcpi_applicable: 4950: mac addr is different from bssid connected
[ 6792.716346] healthd: battery l=100 v=4275 t=22.6 h=2 st=5 c=0 fc=2878000 cc=0 chg=a
[ 6796.002337] R0: [NetworkManager][130571474447] [21:05:40.024077]  wlan: [1753:E :HDD] hdd_is_rcpi_applicable: 4950: mac addr is different from bssid connected
[ 6798.697425] healthd: battery l=100 v=4275 t=22.6 h=2 st=5 c=0 fc=2878000 cc=0 chg=a
[ 6802.004212] R0: [NetworkManager][130686710374] [21:05:46.025948]  wlan: [1753:E :HDD] hdd_is_rcpi_applicable: 4950: mac addr is different from bssid connected
[ 6804.880398] healthd: battery l=100 v=4275 t=22.6 h=2 st=5 c=0 fc=2878000 cc=0 chg=a
[ 6808.002953] R0: [NetworkManager][130801886346] [21:05:52.024698]  wlan: [1753:E :HDD] hdd_is_rcpi_applicable: 4950: mac addr is different from bssid connected
[ 6811.703818] healthd: battery l=100 v=4275 t=22.6 h=2 st=5 c=0 fc=2878000 cc=0 chg=a
[ 6814.003167] R0: [NetworkManager][130917089181] [21:05:58.024846]  wlan: [1753:E :HDD] hdd_is_rcpi_applicable: 4950: mac addr is different from bssid connected
[ 6816.877700] healthd: battery l=100 v=4275 t=22.6 h=2 st=5 c=0 fc=2878000 cc=0 chg=a
[ 6817.905660] healthd: battery l=100 v=4275 t=22.6 h=2 st=5 c=0 fc=2878000 cc=0 chg=a
[ 6820.002572] R0: [NetworkManager][131032277376] [21:06:04.024232]  wlan: [1753:E :HDD] hdd_is_rcpi_applicable: 4950: mac addr is different from bssid connected
[ 6824.720235] healthd: battery l=100 v=4275 t=22.6 h=2 st=5 c=0 fc=2878000 cc=0 chg=a
[ 6826.001884] R0: [NetworkManager][131147465667] [21:06:10.023622]  wlan: [1753:E :HDD] hdd_is_rcpi_applicable: 4950: mac addr is different from bssid connected
[ 6830.348389] R0: [cds_mc_thread][131230917309] [21:06:14.370062]  wlan: [3382:I :WMI] send_set_arp_stats_req_cmd_tlv: 12397: set arp stats flag=1, vdev=0
[ 6830.361641] R0: [cds_mc_thread][131231173274] [21:06:14.383394]  wlan: [3382:I :WMI] send_set_arp_stats_req_cmd_tlv: 12397: set arp stats flag=0, vdev=0
[ 6830.698471] healthd: battery l=100 v=4275 t=22.6 h=2 st=5 c=0 fc=2878000 cc=0 chg=a
[ 6832.002344] R0: [NetworkManager][131262674512] [21:06:16.024084]  wlan: [1753:E :HDD] hdd_is_rcpi_applicable: 4950: mac addr is different from bssid connected
[ 6836.883467] healthd: battery l=100 v=4275 t=22.6 h=2 st=5 c=0 fc=2878000 cc=0 chg=a
[ 6838.001373] R0: [NetworkManager][131377855852] [21:06:22.023112]  wlan: [1753:E :HDD] hdd_is_rcpi_applicable: 4950: mac addr is different from bssid connected
[ 6843.714600] healthd: battery l=100 v=4275 t=22.6 h=2 st=5 c=0 fc=2878000 cc=0 chg=a
[ 6844.004219] R0: [NetworkManager][131493108952] [21:06:28.025878]  wlan: [1753:E :HDD] hdd_is_rcpi_applicable: 4950: mac addr is different from bssid connected
[ 6849.896796] healthd: battery l=100 v=4275 t=22.6 h=2 st=5 c=0 fc=2878000 cc=0 chg=a
[ 6850.002563] R0: [NetworkManager][131608277569] [21:06:34.024245]  wlan: [1753:E :HDD] hdd_is_rcpi_applicable: 4950: mac addr is different from bssid connected
[ 6856.002502] R0: [NetworkManager][131723477674] [21:06:40.024251]  wlan: [1753:E :HDD] hdd_is_rcpi_applicable: 4950: mac addr is different from bssid connected
[ 6856.724364] healthd: battery l=100 v=4275 t=22.6 h=2 st=5 c=0 fc=2878000 cc=0 chg=a
[ 6861.751541] init: Received control message 'interface_start' for 'android.hardware.biometrics.fingerprint@2.1::IBiometricsFingerprint/default' from pid: 34 (/system/bin/hwservicemanager)
[ 6861.751634] init: Could not find service hosting interface android.hardware.biometrics.fingerprint@2.1::IBiometricsFingerprint/default
[ 6861.752474] init: Received control message 'interface_start' for 'android.hardware.biometrics.fingerprint@2.1::IBiometricsFingerprint/default' from pid: 34 (/system/bin/hwservicemanager)
[ 6861.752516] init: Could not find service hosting interface android.hardware.biometrics.fingerprint@2.1::IBiometricsFingerprint/default
[ 6862.001114] R0: [NetworkManager][131838650979] [21:06:46.022861]  wlan: [1753:E :HDD] hdd_is_rcpi_applicable: 4950: mac addr is different from bssid connected
[ 6862.694643] healthd: battery l=100 v=4275 t=22.6 h=2 st=5 c=0 fc=2878000 cc=0 chg=a
[ 6868.002903] R0: [NetworkManager][131953885349] [21:06:52.024652]  wlan: [1753:E :HDD] hdd_is_rcpi_applicable: 4950: mac addr is different from bssid connected
[ 6868.882604] healthd: battery l=100 v=4275 t=22.6 h=2 st=5 c=0 fc=2878000 cc=0 chg=a
[ 6874.003361] R0: [NetworkManager][132069094029] [21:06:58.025104]  wlan: [1753:E :HDD] hdd_is_rcpi_applicable: 4950: mac addr is different from bssid connected
[ 6875.703289] healthd: battery l=100 v=4275 t=22.6 h=2 st=5 c=0 fc=2878000 cc=0 chg=a
[ 6876.877228] healthd: battery l=100 v=4275 t=22.6 h=2 st=5 c=0 fc=2878000 cc=0 chg=a
[ 6880.002572] R0: [NetworkManager][132184278908] [21:07:04.024317]  wlan: [1753:E :HDD] hdd_is_rcpi_applicable: 4950: mac addr is different from bssid connected
[ 6881.893417] healthd: battery l=100 v=4275 t=22.6 h=2 st=5 c=0 fc=2878000 cc=0 chg=a
[ 6886.005214] R0: [NetworkManager][132299529597] [21:07:10.026958]  wlan: [1753:E :HDD] hdd_is_rcpi_applicable: 4950: mac addr is different from bssid connected
[ 6888.731308] healthd: battery l=100 v=4275 t=22.6 h=2 st=5 c=0 fc=2878000 cc=0 chg=a
[ 6891.362446] R0: [cds_mc_thread][132402388513] [21:07:15.384194]  wlan: [3382:I :WMI] send_set_arp_stats_req_cmd_tlv: 12397: set arp stats flag=1, vdev=0
[ 6891.377321] R0: [cds_mc_thread][132402674337] [21:07:15.399080]  wlan: [3382:I :WMI] send_set_arp_stats_req_cmd_tlv: 12397: set arp stats flag=0, vdev=0
[ 6892.001506] R0: [NetworkManager][132414658573] [21:07:16.023259]  wlan: [1753:E :HDD] hdd_is_rcpi_applicable: 4950: mac addr is different from bssid connected
[ 6894.696573] healthd: battery l=100 v=4275 t=22.6 h=2 st=5 c=0 fc=2878000 cc=0 chg=a
[ 6898.001477] R0: [NetworkManager][132529855780] [21:07:22.023115]  wlan: [1753:E :HDD] hdd_is_rcpi_applicable: 4950: mac addr is different from bssid connected
[ 6900.827001] healthd: battery l=100 v=4275 t=22.6 h=2 st=5 c=0 fc=2878000 cc=0 chg=a
[ 6904.002972] R0: [NetworkManager][132645086536] [21:07:28.024717]  wlan: [1753:E :HDD] hdd_is_rcpi_applicable: 4950: mac addr is different from bssid connected
[ 6906.856420] healthd: battery l=100 v=4275 t=22.5 h=2 st=5 c=0 fc=2878000 cc=0 chg=a
[ 6910.007330] R0: [NetworkManager][132760370222] [21:07:34.029076]  wlan: [1753:E :HDD] hdd_is_rcpi_applicable: 4950: mac addr is different from bssid connected
[ 6913.895184] healthd: battery l=100 v=4275 t=22.5 h=2 st=5 c=0 fc=2878000 cc=0 chg=a
[ 6916.007803] R0: [NetworkManager][132875579313] [21:07:40.029550]  wlan: [1753:E :HDD] hdd_is_rcpi_applicable: 4950: mac addr is different from bssid connected
[ 6920.734314] healthd: battery l=100 v=4275 t=22.5 h=2 st=5 c=0 fc=2878000 cc=0 chg=a
[ 6921.868551] R0: [cds_mc_thread][132988105867] [21:07:45.890309]  wlan: [3382:I :WMI] send_set_arp_stats_req_cmd_tlv: 12397: set arp stats flag=1, vdev=0
[ 6921.884888] R0: [cds_mc_thread][132988419623] [21:07:45.906650]  wlan: [3382:I :WMI] send_set_arp_stats_req_cmd_tlv: 12397: set arp stats flag=0, vdev=0
[ 6922.000979] R0: [NetworkManager][132990648426] [21:07:46.022734]  wlan: [1753:E :HDD] hdd_is_rcpi_applicable: 4950: mac addr is different from bssid connected
[ 6926.694805] healthd: battery l=100 v=4275 t=22.6 h=2 st=5 c=0 fc=2878000 cc=0 chg=a
[ 6928.001549] R0: [NetworkManager][133105859256] [21:07:52.023299]  wlan: [1753:E :HDD] hdd_is_rcpi_applicable: 4950: mac addr is different from bssid connected
[ 6932.880365] healthd: battery l=100 v=4275 t=22.6 h=2 st=5 c=0 fc=2878000 cc=0 chg=a
[ 6934.002869] R0: [NetworkManager][133221084748] [21:07:58.024627]  wlan: [1753:E :HDD] hdd_is_rcpi_applicable: 4950: mac addr is different from bssid connected
[ 6936.876012] healthd: battery l=100 v=4275 t=22.6 h=2 st=5 c=0 fc=2878000 cc=0 chg=a
[ 6939.717359] healthd: battery l=100 v=4275 t=22.6 h=2 st=5 c=0 fc=2878000 cc=0 chg=a
[ 6940.004154] R0: [NetworkManager][133336309332] [21:08:04.025908]  wlan: [1753:E :HDD] hdd_is_rcpi_applicable: 4950: mac addr is different from bssid connected
[ 6945.894675] healthd: battery l=100 v=4275 t=22.6 h=2 st=5 c=0 fc=2878000 cc=0 chg=a
[ 6946.002987] R0: [NetworkManager][133451487013] [21:08:10.024746]  wlan: [1753:E :HDD] hdd_is_rcpi_applicable: 4950: mac addr is different from bssid connected
[ 6952.004699] R0: [NetworkManager][133566719728] [21:08:16.026451]  wlan: [1753:E :HDD] hdd_is_rcpi_applicable: 4950: mac addr is different from bssid connected
[ 6952.714755] healthd: battery l=100 v=4275 t=22.6 h=2 st=5 c=0 fc=2878000 cc=0 chg=a
[ 6954.294623] R0: [cds_mc_thread][133610686251] [21:08:18.316374]  wlan: [3382:I :WMI] send_set_arp_stats_req_cmd_tlv: 12397: set arp stats flag=1, vdev=0
[ 6954.316494] R0: [cds_mc_thread][133611106433] [21:08:18.338258]  wlan: [3382:I :WMI] send_set_arp_stats_req_cmd_tlv: 12397: set arp stats flag=0, vdev=0
[ 6958.005186] R0: [NetworkManager][133681929064] [21:08:22.026937]  wlan: [1753:E :HDD] hdd_is_rcpi_applicable: 4950: mac addr is different from bssid connected
[ 6958.696164] healthd: battery l=100 v=4275 t=22.6 h=2 st=5 c=0 fc=2878000 cc=0 chg=a
[ 6962.492429] init: Received control message 'interface_start' for 'android.hardware.biometrics.fingerprint@2.1::IBiometricsFingerprint/default' from pid: 34 (/system/bin/hwservicemanager)
[ 6962.492542] init: Could not find service hosting interface android.hardware.biometrics.fingerprint@2.1::IBiometricsFingerprint/default
[ 6962.493056] init: Received control message 'interface_start' for 'android.hardware.biometrics.fingerprint@2.1::IBiometricsFingerprint/default' from pid: 34 (/system/bin/hwservicemanager)
[ 6962.493089] init: Could not find service hosting interface android.hardware.biometrics.fingerprint@2.1::IBiometricsFingerprint/default
[ 6964.005101] R0: [NetworkManager][133797127430] [21:08:28.026853]  wlan: [1753:E :HDD] hdd_is_rcpi_applicable: 4950: mac addr is different from bssid connected
[ 6964.881508] healthd: battery l=100 v=4275 t=22.6 h=2 st=5 c=0 fc=2878000 cc=0 chg=a
[ 6970.002441] R0: [NetworkManager][133912275124] [21:08:34.024129]  wlan: [1753:E :HDD] hdd_is_rcpi_applicable: 4950: mac addr is different from bssid connected
[ 6971.713684] healthd: battery l=100 v=4275 t=22.6 h=2 st=5 c=0 fc=2878000 cc=0 chg=a
[ 6976.003687] R0: [NetworkManager][134027499170] [21:08:40.025382]  wlan: [1753:E :HDD] hdd_is_rcpi_applicable: 4950: mac addr is different from bssid connected
[ 6977.895124] healthd: battery l=100 v=4275 t=22.6 h=2 st=5 c=0 fc=2878000 cc=0 chg=a
[ 6982.002836] R0: [NetworkManager][134142683946] [21:08:46.024590]  wlan: [1753:E :HDD] hdd_is_rcpi_applicable: 4950: mac addr is different from bssid connected
[ 6984.719833] healthd: battery l=100 v=4275 t=22.6 h=2 st=5 c=0 fc=2878000 cc=0 chg=a
[ 6988.007216] R0: [NetworkManager][134257968085] [21:08:52.028973]  wlan: [1753:E :HDD] hdd_is_rcpi_applicable: 4950: mac addr is different from bssid connected
[ 6990.698644] healthd: battery l=100 v=4275 t=22.6 h=2 st=5 c=0 fc=2878000 cc=0 chg=a
[ 6994.005040] R0: [NetworkManager][134373126262] [21:08:58.026795]  wlan: [1753:E :HDD] hdd_is_rcpi_applicable: 4950: mac addr is different from bssid connected
[ 6996.874890] healthd: battery l=100 v=4275 t=22.6 h=2 st=5 c=0 fc=2878000 cc=0 chg=a
[ 6996.893875] healthd: battery l=100 v=4275 t=22.6 h=2 st=5 c=0 fc=2878000 cc=0 chg=a
[ 6998.242597] R0: [cds_mc_thread][134454487393] [21:09:02.264354]  wlan: [3382:I :WMI] send_set_arp_stats_req_cmd_tlv: 12397: set arp stats flag=1, vdev=0
[ 6998.256860] R0: [cds_mc_thread][134454761477] [21:09:02.278630]  wlan: [3382:I :WMI] send_set_arp_stats_req_cmd_tlv: 12397: set arp stats flag=0, vdev=0
[ 7000.000914] R0: [NetworkManager][134488247004] [21:09:04.022668]  wlan: [1753:E :HDD] hdd_is_rcpi_applicable: 4950: mac addr is different from bssid connected
[ 7003.716573] healthd: battery l=100 v=4275 t=22.6 h=2 st=5 c=0 fc=2878000 cc=0 chg=a
[ 7006.003667] R0: [NetworkManager][134603498354] [21:09:10.025343]  wlan: [1753:E :HDD] hdd_is_rcpi_applicable: 4950: mac addr is different from bssid connected
[ 7009.905422] healthd: battery l=100 v=4275 t=22.6 h=2 st=5 c=0 fc=2878000 cc=0 chg=a
[ 7012.005177] R0: [NetworkManager][134718727238] [21:09:16.026848]  wlan: [1753:E :HDD] hdd_is_rcpi_applicable: 4950: mac addr is different from bssid connected
[ 7016.716715] healthd: battery l=100 v=4275 t=22.6 h=2 st=5 c=0 fc=2878000 cc=0 chg=a
[ 7018.004484] R0: [NetworkManager][134833915605] [21:09:22.026242]  wlan: [1753:E :HDD] hdd_is_rcpi_applicable: 4950: mac addr is different from bssid connected
[ 7022.706013] healthd: battery l=100 v=4275 t=22.6 h=2 st=5 c=0 fc=2878000 cc=0 chg=a
[ 7024.003352] R0: [NetworkManager][134949093891] [21:09:28.025112]  wlan: [1753:E :HDD] hdd_is_rcpi_applicable: 4950: mac addr is different from bssid connected
[ 7028.876540] healthd: battery l=100 v=4275 t=22.6 h=2 st=5 c=0 fc=2878000 cc=0 chg=a
[ 7030.002256] R0: [NetworkManager][135064272829] [21:09:34.024016]  wlan: [1753:E :HDD] hdd_is_rcpi_applicable: 4950: mac addr is different from bssid connected
[ 7031.094576] R0: [cds_mc_thread][135085245388] [21:09:35.116337]  wlan: [3382:I :WMI] send_set_arp_stats_req_cmd_tlv: 12397: set arp stats flag=1, vdev=0
[ 7031.112598] R0: [cds_mc_thread][135085591631] [21:09:35.134370]  wlan: [3382:I :WMI] send_set_arp_stats_req_cmd_tlv: 12397: set arp stats flag=0, vdev=0
[ 7035.706488] healthd: battery l=100 v=4275 t=22.6 h=2 st=5 c=0 fc=2878000 cc=0 chg=a
[ 7036.001976] R0: [NetworkManager][135179467424] [21:09:40.023735]  wlan: [1753:E :HDD] hdd_is_rcpi_applicable: 4950: mac addr is different from bssid connected
[ 7041.890602] healthd: battery l=100 v=4275 t=22.6 h=2 st=5 c=0 fc=2878000 cc=0 chg=a
[ 7042.003787] R0: [NetworkManager][135294702185] [21:09:46.025546]  wlan: [1753:E :HDD] hdd_is_rcpi_applicable: 4950: mac addr is different from bssid connected
[ 7048.004351] R0: [NetworkManager][135409913000] [21:09:52.026110]  wlan: [1753:E :HDD] hdd_is_rcpi_applicable: 4950: mac addr is different from bssid connected
[ 7048.728430] healthd: battery l=100 v=4275 t=22.5 h=2 st=5 c=0 fc=2878000 cc=0 chg=a
[ 7054.007187] R0: [NetworkManager][135525167439] [21:09:58.028946]  wlan: [1753:E :HDD] hdd_is_rcpi_applicable: 4950: mac addr is different from bssid connected
[ 7054.695210] healthd: battery l=100 v=4275 t=22.5 h=2 st=5 c=0 fc=2878000 cc=0 chg=a
[ 7056.873467] healthd: battery l=100 v=4275 t=22.5 h=2 st=5 c=0 fc=2878000 cc=0 chg=a
[ 7060.003030] R0: [NetworkManager][135640287679] [21:10:04.024792]  wlan: [1753:E :HDD] hdd_is_rcpi_applicable: 4950: mac addr is different from bssid connected
[ 7060.883963] healthd: battery l=100 v=4275 t=22.5 h=2 st=5 c=0 fc=2878000 cc=0 chg=a
[ 7063.000193] init: Received control message 'interface_start' for 'android.hardware.biometrics.fingerprint@2.1::IBiometricsFingerprint/default' from pid: 34 (/system/bin/hwservicemanager)
[ 7063.000296] init: Could not find service hosting interface android.hardware.biometrics.fingerprint@2.1::IBiometricsFingerprint/default
[ 7063.001120] init: Received control message 'interface_start' for 'android.hardware.biometrics.fingerprint@2.1::IBiometricsFingerprint/default' from pid: 34 (/system/bin/hwservicemanager)
[ 7063.001159] init: Could not find service hosting interface android.hardware.biometrics.fingerprint@2.1::IBiometricsFingerprint/default
[ 7066.001763] R0: [NetworkManager][135755463298] [21:10:10.023523]  wlan: [1753:E :HDD] hdd_is_rcpi_applicable: 4950: mac addr is different from bssid connected
[ 7067.709745] healthd: battery l=100 v=4275 t=22.6 h=2 st=5 c=0 fc=2878000 cc=0 chg=a
[ 7072.001887] R0: [NetworkManager][135870665720] [21:10:16.023650]  wlan: [1753:E :HDD] hdd_is_rcpi_applicable: 4950: mac addr is different from bssid connected
[ 7073.896265] healthd: battery l=100 v=4275 t=22.6 h=2 st=5 c=0 fc=2878000 cc=0 chg=a
[ 7074.614098] R0: [cds_mc_thread][135920820346] [21:10:18.635870]  wlan: [3382:I :WMI] send_set_arp_stats_req_cmd_tlv: 12397: set arp stats flag=1, vdev=0
[ 7074.628188] R0: [cds_mc_thread][135921090935] [21:10:18.649963]  wlan: [3382:I :WMI] send_set_arp_stats_req_cmd_tlv: 12397: set arp stats flag=0, vdev=0
[ 7078.001799] R0: [NetworkManager][135985863995] [21:10:22.023560]  wlan: [1753:E :HDD] hdd_is_rcpi_applicable: 4950: mac addr is different from bssid connected
[ 7080.725741] healthd: battery l=100 v=4275 t=22.6 h=2 st=5 c=0 fc=2878000 cc=0 chg=a
[ 7084.006727] R0: [NetworkManager][136101158617] [21:10:28.028489]  wlan: [1753:E :HDD] hdd_is_rcpi_applicable: 4950: mac addr is different from bssid connected
[ 7086.693012] healthd: battery l=100 v=4275 t=22.6 h=2 st=5 c=0 fc=2878000 cc=0 chg=a
[ 7090.004489] R0: [NetworkManager][136216315691] [21:10:34.026254]  wlan: [1753:E :HDD] hdd_is_rcpi_applicable: 4950: mac addr is different from bssid connected
[ 7092.883148] healthd: battery l=100 v=4275 t=22.6 h=2 st=5 c=0 fc=2878000 cc=0 chg=a
[ 7096.001626] R0: [NetworkManager][136331460688] [21:10:40.023390]  wlan: [1753:E :HDD] hdd_is_rcpi_applicable: 4950: mac addr is different from bssid connected
[ 7099.710259] healthd: battery l=100 v=4275 t=22.6 h=2 st=5 c=0 fc=2878000 cc=0 chg=a
[ 7102.004386] R0: [NetworkManager][136446713658] [21:10:46.026149]  wlan: [1753:E :HDD] hdd_is_rcpi_applicable: 4950: mac addr is different from bssid connected
[ 7105.121559] R0: [cds_mc_thread][136506563430] [21:10:49.143325]  wlan: [3382:I :WMI] send_set_arp_stats_req_cmd_tlv: 12397: set arp stats flag=1, vdev=0
[ 7105.135212] R0: [cds_mc_thread][136506824854] [21:10:49.156992]  wlan: [3382:I :WMI] send_set_arp_stats_req_cmd_tlv: 12397: set arp stats flag=0, vdev=0
[ 7105.897781] healthd: battery l=100 v=4275 t=22.6 h=2 st=5 c=0 fc=2878000 cc=0 chg=a
[ 7108.003672] R0: [NetworkManager][136561899955] [21:10:52.025436]  wlan: [1753:E :HDD] hdd_is_rcpi_applicable: 4950: mac addr is different from bssid connected
[ 7112.733109] healthd: battery l=100 v=4275 t=22.6 h=2 st=5 c=0 fc=2878000 cc=0 chg=a
[ 7114.005292] R0: [NetworkManager][136677131059] [21:10:58.027057]  wlan: [1753:E :HDD] hdd_is_rcpi_applicable: 4950: mac addr is different from bssid connected
[ 7116.874412] healthd: battery l=100 v=4275 t=22.6 h=2 st=5 c=0 fc=2878000 cc=0 chg=a
[ 7118.706693] healthd: battery l=100 v=4275 t=22.6 h=2 st=5 c=0 fc=2878000 cc=0 chg=a
[ 7120.002494] R0: [NetworkManager][136792277421] [21:11:04.024264]  wlan: [1753:E :HDD] hdd_is_rcpi_applicable: 4950: mac addr is different from bssid connected
[ 7124.883624] healthd: battery l=100 v=4275 t=22.6 h=2 st=5 c=0 fc=2878000 cc=0 chg=a
[ 7126.001094] R0: [NetworkManager][136907450471] [21:11:10.022861]  wlan: [1753:E :HDD] hdd_is_rcpi_applicable: 4950: mac addr is different from bssid connected
[ 7131.708433] healthd: battery l=100 v=4275 t=22.6 h=2 st=5 c=0 fc=2878000 cc=0 chg=a
[ 7132.007871] R0: [NetworkManager][137022780619] [21:11:16.029640]  wlan: [1753:E :HDD] hdd_is_rcpi_applicable: 4950: mac addr is different from bssid connected
[ 7135.627781] R0: [cds_mc_thread][137092283054] [21:11:19.649559]  wlan: [3382:I :WMI] send_set_arp_stats_req_cmd_tlv: 12397: set arp stats flag=1, vdev=0
[ 7135.643393] R0: [cds_mc_thread][137092582892] [21:11:19.665175]  wlan: [3382:I :WMI] send_set_arp_stats_req_cmd_tlv: 12397: set arp stats flag=0, vdev=0
[ 7137.899772] healthd: battery l=100 v=4275 t=22.6 h=2 st=5 c=0 fc=2878000 cc=0 chg=a
[ 7138.003584] R0: [NetworkManager][137137898417] [21:11:22.025359]  wlan: [1753:E :HDD] hdd_is_rcpi_applicable: 4950: mac addr is different from bssid connected
[ 7144.002658] R0: [NetworkManager][137253080518] [21:11:28.024427]  wlan: [1753:E :HDD] hdd_is_rcpi_applicable: 4950: mac addr is different from bssid connected
[ 7144.722524] healthd: battery l=100 v=4275 t=22.6 h=2 st=5 c=0 fc=2878000 cc=0 chg=a
[ 7150.000963] R0: [NetworkManager][137368247942] [21:11:34.022731]  wlan: [1753:E :HDD] hdd_is_rcpi_applicable: 4950: mac addr is different from bssid connected
[ 7150.696281] healthd: battery l=100 v=4275 t=22.6 h=2 st=5 c=0 fc=2878000 cc=0 chg=a
[ 7156.007583] R0: [NetworkManager][137483574954] [21:11:40.029347]  wlan: [1753:E :HDD] hdd_is_rcpi_applicable: 4950: mac addr is different from bssid connected
[ 7156.881236] healthd: battery l=100 v=4275 t=22.6 h=2 st=5 c=0 fc=2878000 cc=0 chg=a
[ 7162.000646] R0: [NetworkManager][137598641876] [21:11:46.022417]  wlan: [1753:E :HDD] hdd_is_rcpi_applicable: 4950: mac addr is different from bssid connected
[ 7163.487955] init: Received control message 'interface_start' for 'android.hardware.biometrics.fingerprint@2.1::IBiometricsFingerprint/default' from pid: 34 (/system/bin/hwservicemanager)
[ 7163.488139] init: Could not find service hosting interface android.hardware.biometrics.fingerprint@2.1::IBiometricsFingerprint/default
[ 7163.488391] init: Received control message 'interface_start' for 'android.hardware.biometrics.fingerprint@2.1::IBiometricsFingerprint/default' from pid: 34 (/system/bin/hwservicemanager)
[ 7163.488419] init: Could not find service hosting interface android.hardware.biometrics.fingerprint@2.1::IBiometricsFingerprint/default
[ 7163.711487] healthd: battery l=100 v=4275 t=22.6 h=2 st=5 c=0 fc=2878000 cc=0 chg=a
[ 7166.134552] R0: [cds_mc_thread][137678012921] [21:11:50.156326]  wlan: [3382:I :WMI] send_set_arp_stats_req_cmd_tlv: 12397: set arp stats flag=1, vdev=0
[ 7166.149459] R0: [cds_mc_thread][137678298573] [21:11:50.171203]  wlan: [3382:I :WMI] send_set_arp_stats_req_cmd_tlv: 12397: set arp stats flag=0, vdev=0
[ 7168.003128] R0: [NetworkManager][137713889544] [21:11:52.024900]  wlan: [1753:E :HDD] hdd_is_rcpi_applicable: 4950: mac addr is different from bssid connected
[ 7169.902167] healthd: battery l=100 v=4275 t=22.6 h=2 st=5 c=0 fc=2878000 cc=0 chg=a
[ 7174.004512] R0: [NetworkManager][137829116092] [21:11:58.026283]  wlan: [1753:E :HDD] hdd_is_rcpi_applicable: 4950: mac addr is different from bssid connected
[ 7176.717007] healthd: battery l=100 v=4275 t=22.6 h=2 st=5 c=0 fc=2878000 cc=0 chg=a
[ 7176.871394] healthd: battery l=100 v=4275 t=22.6 h=2 st=5 c=0 fc=2878000 cc=0 chg=a
[ 7180.003601] R0: [NetworkManager][137944297020] [21:12:04.025290]  wlan: [1753:E :HDD] hdd_is_rcpi_applicable: 4950: mac addr is different from bssid connected
[ 7182.693653] healthd: battery l=100 v=4275 t=22.6 h=2 st=5 c=0 fc=2878000 cc=0 chg=a
[ 7186.006451] R0: [NetworkManager][138059553395] [21:12:10.028227]  wlan: [1753:E :HDD] hdd_is_rcpi_applicable: 4950: mac addr is different from bssid connected
[ 7188.890230] healthd: battery l=100 v=4275 t=22.6 h=2 st=5 c=0 fc=2878000 cc=0 chg=a
[ 7192.005261] R0: [NetworkManager][138174730474] [21:12:16.027034]  wlan: [1753:E :HDD] hdd_is_rcpi_applicable: 4950: mac addr is different from bssid connected
[ 7195.704656] healthd: battery l=100 v=4275 t=22.6 h=2 st=5 c=0 fc=2878000 cc=0 chg=a
[ 7198.005911] R0: [NetworkManager][138289943118] [21:12:22.027693]  wlan: [1753:E :HDD] hdd_is_rcpi_applicable: 4950: mac addr is different from bssid connected
[ 7200.055150] R0: [cds_mc_thread][138329288486] [21:12:24.076931]  wlan: [3382:I :WMI] send_set_arp_stats_req_cmd_tlv: 12397: set arp stats flag=1, vdev=0
[ 7200.068494] R0: [cds_mc_thread][138329544804] [21:12:24.090281]  wlan: [3382:I :WMI] send_set_arp_stats_req_cmd_tlv: 12397: set arp stats flag=0, vdev=0
[ 7201.897222] healthd: battery l=100 v=4275 t=22.6 h=2 st=5 c=0 fc=2878000 cc=0 chg=a
[ 7204.002618] R0: [NetworkManager][138405079764] [21:12:28.024394]  wlan: [1753:E :HDD] hdd_is_rcpi_applicable: 4950: mac addr is different from bssid connected
[ 7208.719242] healthd: battery l=100 v=4275 t=22.6 h=2 st=5 c=0 fc=2878000 cc=0 chg=a
[ 7210.003092] R0: [NetworkManager][138520288829] [21:12:34.024867]  wlan: [1753:E :HDD] hdd_is_rcpi_applicable: 4950: mac addr is different from bssid connected
[ 7214.693477] healthd: battery l=100 v=4275 t=22.6 h=2 st=5 c=0 fc=2878000 cc=0 chg=a
[ 7216.007222] R0: [NetworkManager][138635568094] [21:12:40.028996]  wlan: [1753:E :HDD] hdd_is_rcpi_applicable: 4950: mac addr is different from bssid connected
[ 7220.877685] healthd: battery l=100 v=4275 t=22.6 h=2 st=5 c=0 fc=2878000 cc=0 chg=a
[ 7222.002941] R0: [NetworkManager][138750686115] [21:12:46.024727]  wlan: [1753:E :HDD] hdd_is_rcpi_applicable: 4950: mac addr is different from bssid connected
[ 7227.148042] R0: [cds_mc_thread][138849471986] [21:12:51.169825]  wlan: [3382:I :WMI] send_set_arp_stats_req_cmd_tlv: 12397: set arp stats flag=1, vdev=0
[ 7227.161752] R0: [cds_mc_thread][138849735381] [21:12:51.183543]  wlan: [3382:I :WMI] send_set_arp_stats_req_cmd_tlv: 12397: set arp stats flag=0, vdev=0
[ 7227.711279] healthd: battery l=100 v=4275 t=22.6 h=2 st=5 c=0 fc=2878000 cc=0 chg=a
[ 7228.001742] R0: [NetworkManager][138865862945] [21:12:52.023521]  wlan: [1753:E :HDD] hdd_is_rcpi_applicable: 4950: mac addr is different from bssid connected
[ 7233.894495] healthd: battery l=100 v=4275 t=22.6 h=2 st=5 c=0 fc=2878000 cc=0 chg=a
[ 7234.006218] R0: [NetworkManager][138981148936] [21:12:58.028000]  wlan: [1753:E :HDD] hdd_is_rcpi_applicable: 4950: mac addr is different from bssid connected
[ 7236.877232] healthd: battery l=100 v=4275 t=22.6 h=2 st=5 c=0 fc=2878000 cc=0 chg=a
[ 7240.006393] R0: [NetworkManager][139096352174] [21:13:04.028169]  wlan: [1753:E :HDD] hdd_is_rcpi_applicable: 4950: mac addr is different from bssid connected
[ 7240.719123] healthd: battery l=100 v=4275 t=22.6 h=2 st=5 c=0 fc=2878000 cc=0 chg=a
[ 7246.002825] R0: [NetworkManager][139211483712] [21:13:10.024604]  wlan: [1753:E :HDD] hdd_is_rcpi_applicable: 4950: mac addr is different from bssid connected
[ 7246.695624] healthd: battery l=100 v=4275 t=22.6 h=2 st=5 c=0 fc=2878000 cc=0 chg=a
[ 7252.002480] R0: [NetworkManager][139326677068] [21:13:16.024259]  wlan: [1753:E :HDD] hdd_is_rcpi_applicable: 4950: mac addr is different from bssid connected
[ 7252.878539] healthd: battery l=100 v=4275 t=22.6 h=2 st=5 c=0 fc=2878000 cc=0 chg=a
[ 7258.004406] R0: [NetworkManager][139441913986] [21:13:22.026182]  wlan: [1753:E :HDD] hdd_is_rcpi_applicable: 4950: mac addr is different from bssid connected
[ 7259.716725] healthd: battery l=100 v=4275 t=22.6 h=2 st=5 c=0 fc=2878000 cc=0 chg=a
[ 7264.006539] R0: [NetworkManager][139557154964] [21:13:28.028317]  wlan: [1753:E :HDD] hdd_is_rcpi_applicable: 4950: mac addr is different from bssid connected
[ 7264.254777] init: Received control message 'interface_start' for 'android.hardware.biometrics.fingerprint@2.1::IBiometricsFingerprint/default' from pid: 34 (/system/bin/hwservicemanager)
[ 7264.254878] init: Could not find service hosting interface android.hardware.biometrics.fingerprint@2.1::IBiometricsFingerprint/default
[ 7264.255542] init: Received control message 'interface_start' for 'android.hardware.biometrics.fingerprint@2.1::IBiometricsFingerprint/default' from pid: 34 (/system/bin/hwservicemanager)
[ 7264.255576] init: Could not find service hosting interface android.hardware.biometrics.fingerprint@2.1::IBiometricsFingerprint/default
[ 7265.902939] healthd: battery l=100 v=4275 t=22.6 h=2 st=5 c=0 fc=2878000 cc=0 chg=a
[ 7270.005826] R0: [NetworkManager][139672341298] [21:13:34.027606]  wlan: [1753:E :HDD] hdd_is_rcpi_applicable: 4950: mac addr is different from bssid connected
[ 7272.736955] healthd: battery l=100 v=4275 t=22.6 h=2 st=5 c=0 fc=2878000 cc=0 chg=a
[ 7276.001172] R0: [NetworkManager][139787452117] [21:13:40.022961]  wlan: [1753:E :HDD] hdd_is_rcpi_applicable: 4950: mac addr is different from bssid connected
[ 7278.694461] healthd: battery l=100 v=4275 t=22.6 h=2 st=5 c=0 fc=2878000 cc=0 chg=a
[ 7282.002630] R0: [NetworkManager][139902679986] [21:13:46.024413]  wlan: [1753:E :HDD] hdd_is_rcpi_applicable: 4950: mac addr is different from bssid connected
[ 7284.887306] healthd: battery l=100 v=4275 t=22.6 h=2 st=5 c=0 fc=2878000 cc=0 chg=a
[ 7288.002658] R0: [NetworkManager][140017880494] [21:13:52.024441]  wlan: [1753:E :HDD] hdd_is_rcpi_applicable: 4950: mac addr is different from bssid connected
[ 7291.709610] healthd: battery l=100 v=4275 t=22.6 h=2 st=5 c=0 fc=2878000 cc=0 chg=a
[ 7293.496366] R0: [cds_mc_thread][140123359828] [21:13:57.518156]  wlan: [3382:I :WMI] send_set_arp_stats_req_cmd_tlv: 12397: set arp stats flag=1, vdev=0
[ 7293.509421] R0: [cds_mc_thread][140123610624] [21:13:57.531219]  wlan: [3382:I :WMI] send_set_arp_stats_req_cmd_tlv: 12397: set arp stats flag=0, vdev=0
[ 7294.001525] R0: [NetworkManager][140133058737] [21:13:58.023308]  wlan: [1753:E :HDD] hdd_is_rcpi_applicable: 4950: mac addr is different from bssid connected
[ 7296.878518] healthd: battery l=100 v=4275 t=22.5 h=2 st=5 c=0 fc=2878000 cc=0 chg=a
[ 7297.899963] healthd: battery l=100 v=4275 t=22.5 h=2 st=5 c=0 fc=2878000 cc=0 chg=a
[ 7300.004371] R0: [NetworkManager][140248313415] [21:14:04.026156]  wlan: [1753:E :HDD] hdd_is_rcpi_applicable: 4950: mac addr is different from bssid connected
[ 7304.679571] healthd: battery l=100 v=4275 t=22.5 h=2 st=5 c=0 fc=2878000 cc=0 chg=a
[ 7306.001769] R0: [NetworkManager][140363463443] [21:14:10.023554]  wlan: [1753:E :HDD] hdd_is_rcpi_applicable: 4950: mac addr is different from bssid connected
[ 7310.697063] healthd: battery l=100 v=4275 t=22.5 h=2 st=5 c=0 fc=2878000 cc=0 chg=a
[ 7312.004915] R0: [NetworkManager][140478723916] [21:14:16.026705]  wlan: [1753:E :HDD] hdd_is_rcpi_applicable: 4950: mac addr is different from bssid connected
[ 7316.884125] healthd: battery l=100 v=4275 t=22.6 h=2 st=5 c=0 fc=2878000 cc=0 chg=a
[ 7318.001911] R0: [NetworkManager][140593866138] [21:14:22.023696]  wlan: [1753:E :HDD] hdd_is_rcpi_applicable: 4950: mac addr is different from bssid connected
[ 7323.715474] healthd: battery l=100 v=4275 t=22.6 h=2 st=5 c=0 fc=2878000 cc=0 chg=a
[ 7324.001105] R0: [cds_mc_thread][140709049666] [21:14:28.022839]  wlan: [3382:I :WMI] send_set_arp_stats_req_cmd_tlv: 12397: set arp stats flag=1, vdev=0
[ 7324.002556] R0: [NetworkManager][140709078783] [21:14:28.024355]  wlan: [1753:E :HDD] hdd_is_rcpi_applicable: 4950: mac addr is different from bssid connected
[ 7324.018524] R0: [cds_mc_thread][140709385417] [21:14:28.040326]  wlan: [3382:I :WMI] send_set_arp_stats_req_cmd_tlv: 12397: set arp stats flag=0, vdev=0
[ 7329.910597] healthd: battery l=100 v=4275 t=22.6 h=2 st=5 c=0 fc=2878000 cc=0 chg=a
[ 7330.004503] R0: [NetworkManager][140824316111] [21:14:34.026300]  wlan: [1753:E :HDD] hdd_is_rcpi_applicable: 4950: mac addr is different from bssid connected
[ 7336.006193] R0: [NetworkManager][140939548388] [21:14:40.027981]  wlan: [1753:E :HDD] hdd_is_rcpi_applicable: 4950: mac addr is different from bssid connected
[ 7336.721453] healthd: battery l=100 v=4275 t=22.6 h=2 st=5 c=0 fc=2878000 cc=0 chg=a
[ 7342.001470] R0: [NetworkManager][141054657653] [21:14:46.023256]  wlan: [1753:E :HDD] hdd_is_rcpi_applicable: 4950: mac addr is different from bssid connected
[ 7342.697453] healthd: battery l=100 v=4275 t=22.6 h=2 st=5 c=0 fc=2878000 cc=0 chg=a
[ 7348.007437] R0: [NetworkManager][141169972231] [21:14:52.029224]  wlan: [1753:E :HDD] hdd_is_rcpi_applicable: 4950: mac addr is different from bssid connected
[ 7348.882054] healthd: battery l=100 v=4275 t=22.6 h=2 st=5 c=0 fc=2878000 cc=0 chg=a
[ 7354.006099] R0: [NetworkManager][141285146526] [21:14:58.027886]  wlan: [1753:E :HDD] hdd_is_rcpi_applicable: 4950: mac addr is different from bssid connected
[ 7354.507838] R0: [cds_mc_thread][141294780171] [21:14:58.529639]  wlan: [3382:I :WMI] send_set_arp_stats_req_cmd_tlv: 12397: set arp stats flag=1, vdev=0
[ 7354.522236] R0: [cds_mc_thread][141295056647] [21:14:58.544038]  wlan: [3382:I :WMI] send_set_arp_stats_req_cmd_tlv: 12397: set arp stats flag=0, vdev=0
[ 7355.660590] healthd: battery l=100 v=4275 t=22.6 h=2 st=5 c=0 fc=2878000 cc=0 chg=a
[ 7356.874271] healthd: battery l=100 v=4275 t=22.6 h=2 st=5 c=0 fc=2878000 cc=0 chg=a
[ 7360.002689] R0: [NetworkManager][141400281020] [21:15:04.024475]  wlan: [1753:E :HDD] hdd_is_rcpi_applicable: 4950: mac addr is different from bssid connected
[ 7361.896682] healthd: battery l=100 v=4275 t=22.6 h=2 st=5 c=0 fc=2878000 cc=0 chg=a
[ 7364.993225] init: Received control message 'interface_start' for 'android.hardware.biometrics.fingerprint@2.1::IBiometricsFingerprint/default' from pid: 34 (/system/bin/hwservicemanager)
[ 7364.993332] init: Could not find service hosting interface android.hardware.biometrics.fingerprint@2.1::IBiometricsFingerprint/default
[ 7364.993977] init: Received control message 'interface_start' for 'android.hardware.biometrics.fingerprint@2.1::IBiometricsFingerprint/default' from pid: 34 (/system/bin/hwservicemanager)
[ 7364.994010] init: Could not find service hosting interface android.hardware.biometrics.fingerprint@2.1::IBiometricsFingerprint/default
[ 7366.005854] R0: [NetworkManager][141515541889] [21:15:10.027646]  wlan: [1753:E :HDD] hdd_is_rcpi_applicable: 4950: mac addr is different from bssid connected
[ 7368.724972] healthd: battery l=100 v=4275 t=22.5 h=2 st=5 c=0 fc=2878000 cc=0 chg=a
[ 7372.004534] R0: [NetworkManager][141630716469] [21:15:16.026323]  wlan: [1753:E :HDD] hdd_is_rcpi_applicable: 4950: mac addr is different from bssid connected
[ 7374.640223] healthd: battery l=100 v=4275 t=22.5 h=2 st=5 c=0 fc=2878000 cc=0 chg=a
[ 7378.001469] R0: [NetworkManager][141745857631] [21:15:22.023259]  wlan: [1753:E :HDD] hdd_is_rcpi_applicable: 4950: mac addr is different from bssid connected
[ 7380.880787] healthd: battery l=100 v=4275 t=22.5 h=2 st=5 c=0 fc=2878000 cc=0 chg=a
[ 7384.006574] R0: [NetworkManager][141861155718] [21:15:28.028368]  wlan: [1753:E :HDD] hdd_is_rcpi_applicable: 4950: mac addr is different from bssid connected
[ 7385.014353] R0: [cds_mc_thread][141880505217] [21:15:29.036155]  wlan: [3382:I :WMI] send_set_arp_stats_req_cmd_tlv: 12397: set arp stats flag=1, vdev=0
[ 7385.028212] R0: [cds_mc_thread][141880771396] [21:15:29.050018]  wlan: [3382:I :WMI] send_set_arp_stats_req_cmd_tlv: 12397: set arp stats flag=0, vdev=0
[ 7387.707557] healthd: battery l=100 v=4275 t=22.6 h=2 st=5 c=0 fc=2878000 cc=0 chg=a
[ 7390.011119] R0: [NetworkManager][141976442933] [21:15:34.032911]  wlan: [1753:E :HDD] hdd_is_rcpi_applicable: 4950: mac addr is different from bssid connected
[ 7393.894718] healthd: battery l=100 v=4275 t=22.6 h=2 st=5 c=0 fc=2878000 cc=0 chg=a
[ 7396.006004] R0: [NetworkManager][142091544728] [21:15:40.027797]  wlan: [1753:E :HDD] hdd_is_rcpi_applicable: 4950: mac addr is different from bssid connected
[ 7400.722955] healthd: battery l=100 v=4275 t=22.6 h=2 st=5 c=0 fc=2878000 cc=0 chg=a
[ 7402.004342] R0: [NetworkManager][142206712828] [21:15:46.026136]  wlan: [1753:E :HDD] hdd_is_rcpi_applicable: 4950: mac addr is different from bssid connected
[ 7406.698014] healthd: battery l=100 v=4275 t=22.6 h=2 st=5 c=0 fc=2878000 cc=0 chg=a
[ 7408.006540] R0: [NetworkManager][142321955037] [21:15:52.028335]  wlan: [1753:E :HDD] hdd_is_rcpi_applicable: 4950: mac addr is different from bssid connected
[ 7412.881474] healthd: battery l=100 v=4275 t=22.6 h=2 st=5 c=0 fc=2878000 cc=0 chg=a
[ 7414.002612] R0: [NetworkManager][142437079717] [21:15:58.024413]  wlan: [1753:E :HDD] hdd_is_rcpi_applicable: 4950: mac addr is different from bssid connected
[ 7415.521529] R0: [cds_mc_thread][142466242952] [21:15:59.543331]  wlan: [3382:I :WMI] send_set_arp_stats_req_cmd_tlv: 12397: set arp stats flag=1, vdev=0
[ 7415.535014] R0: [cds_mc_thread][142466501960] [21:15:59.556822]  wlan: [3382:I :WMI] send_set_arp_stats_req_cmd_tlv: 12397: set arp stats flag=0, vdev=0
[ 7416.878282] healthd: battery l=100 v=4275 t=22.6 h=2 st=5 c=0 fc=2878000 cc=0 chg=a
[ 7419.704645] healthd: battery l=100 v=4275 t=22.6 h=2 st=5 c=0 fc=2878000 cc=0 chg=a
[ 7420.003484] R0: [NetworkManager][142552296392] [21:16:04.025282]  wlan: [1753:E :HDD] hdd_is_rcpi_applicable: 4950: mac addr is different from bssid connected
[ 7425.897365] healthd: battery l=100 v=4275 t=22.6 h=2 st=5 c=0 fc=2878000 cc=0 chg=a
[ 7426.003369] R0: [NetworkManager][142667494353] [21:16:10.025176]  wlan: [1753:E :HDD] hdd_is_rcpi_applicable: 4950: mac addr is different from bssid connected
[ 7432.004764] R0: [NetworkManager][142782720905] [21:16:16.026560]  wlan: [1753:E :HDD] hdd_is_rcpi_applicable: 4950: mac addr is different from bssid connected
[ 7432.719794] healthd: battery l=100 v=4275 t=22.6 h=2 st=5 c=0 fc=2878000 cc=0 chg=a
[ 7438.005453] R0: [NetworkManager][142897934077] [21:16:22.027246]  wlan: [1753:E :HDD] hdd_is_rcpi_applicable: 4950: mac addr is different from bssid connected
[ 7438.693000] healthd: battery l=100 v=4275 t=22.6 h=2 st=5 c=0 fc=2878000 cc=0 chg=a
[ 7438.846409] synaptics,s3320: start get base data:1
[ 7439.006197] synaptics,s3320: synaptics_tpedge_limitfunc limit_enable =1,mode:0x67 !
[ 7444.003497] R0: [NetworkManager][143013096644] [21:16:28.025297]  wlan: [1753:E :HDD] hdd_is_rcpi_applicable: 4950: mac addr is different from bssid connected
[ 7444.884626] healthd: battery l=100 v=4275 t=22.6 h=2 st=5 c=0 fc=2878000 cc=0 chg=a
[ 7446.027936] R0: [cds_mc_thread][143051966025] [21:16:30.049744]  wlan: [3382:I :WMI] send_set_arp_stats_req_cmd_tlv: 12397: set arp stats flag=1, vdev=0
[ 7446.051333] R0: [cds_mc_thread][143052415309] [21:16:30.073145]  wlan: [3382:I :WMI] send_set_arp_stats_req_cmd_tlv: 12397: set arp stats flag=0, vdev=0
[ 7450.004375] R0: [NetworkManager][143128313427] [21:16:34.026172]  wlan: [1753:E :HDD] hdd_is_rcpi_applicable: 4950: mac addr is different from bssid connected
[ 7451.719387] healthd: battery l=100 v=4274 t=22.6 h=2 st=5 c=0 fc=2878000 cc=0 chg=a
[ 7456.006152] R0: [NetworkManager][143243547562] [21:16:40.027950]  wlan: [1753:E :HDD] hdd_is_rcpi_applicable: 4950: mac addr is different from bssid connected
[ 7457.904814] healthd: battery l=100 v=4274 t=22.6 h=2 st=5 c=0 fc=2878000 cc=0 chg=a
[ 7462.006460] R0: [NetworkManager][143358753472] [21:16:46.028259]  wlan: [1753:E :HDD] hdd_is_rcpi_applicable: 4950: mac addr is different from bssid connected
[ 7464.721838] healthd: battery l=100 v=4274 t=22.6 h=2 st=5 c=0 fc=2878000 cc=0 chg=a
[ 7465.757357] init: Received control message 'interface_start' for 'android.hardware.biometrics.fingerprint@2.1::IBiometricsFingerprint/default' from pid: 34 (/system/bin/hwservicemanager)
[ 7465.757491] init: Could not find service hosting interface android.hardware.biometrics.fingerprint@2.1::IBiometricsFingerprint/default
[ 7465.757809] init: Received control message 'interface_start' for 'android.hardware.biometrics.fingerprint@2.1::IBiometricsFingerprint/default' from pid: 34 (/system/bin/hwservicemanager)
[ 7465.757868] init: Could not find service hosting interface android.hardware.biometrics.fingerprint@2.1::IBiometricsFingerprint/default
[ 7468.003471] R0: [NetworkManager][143473896273] [21:16:52.025280]  wlan: [1753:E :HDD] hdd_is_rcpi_applicable: 4950: mac addr is different from bssid connected
[ 7470.701624] healthd: battery l=100 v=4275 t=22.6 h=2 st=5 c=0 fc=2878000 cc=0 chg=a
[ 7474.004010] R0: [NetworkManager][143589106466] [21:16:58.025812]  wlan: [1753:E :HDD] hdd_is_rcpi_applicable: 4950: mac addr is different from bssid connected
[ 7476.535296] R0: [cds_mc_thread][143637707156] [21:17:00.557098]  wlan: [3382:I :WMI] send_set_arp_stats_req_cmd_tlv: 12397: set arp stats flag=1, vdev=0
[ 7476.550977] R0: [cds_mc_thread][143638008490] [21:17:00.572793]  wlan: [3382:I :WMI] send_set_arp_stats_req_cmd_tlv: 12397: set arp stats flag=0, vdev=0
[ 7476.875871] healthd: battery l=100 v=4275 t=22.6 h=2 st=5 c=0 fc=2878000 cc=0 chg=a
[ 7476.891769] healthd: battery l=100 v=4275 t=22.6 h=2 st=5 c=0 fc=2878000 cc=0 chg=a
[ 7480.005482] R0: [NetworkManager][143704334687] [21:17:04.027282]  wlan: [1753:E :HDD] hdd_is_rcpi_applicable: 4950: mac addr is different from bssid connected
[ 7483.704607] healthd: battery l=100 v=4275 t=22.6 h=2 st=5 c=0 fc=2878000 cc=0 chg=a
[ 7486.003279] R0: [NetworkManager][143819492418] [21:17:10.025081]  wlan: [1753:E :HDD] hdd_is_rcpi_applicable: 4950: mac addr is different from bssid connected
[ 7489.890884] healthd: battery l=100 v=4275 t=22.6 h=2 st=5 c=0 fc=2878000 cc=0 chg=a
[ 7492.006688] R0: [NetworkManager][143934757865] [21:17:16.028491]  wlan: [1753:E :HDD] hdd_is_rcpi_applicable: 4950: mac addr is different from bssid connected
[ 7496.722321] healthd: battery l=100 v=4275 t=22.6 h=2 st=5 c=0 fc=2878000 cc=0 chg=a
[ 7498.006319] R0: [NetworkManager][144049950841] [21:17:22.028125]  wlan: [1753:E :HDD] hdd_is_rcpi_applicable: 4950: mac addr is different from bssid connected
[ 7502.699742] healthd: battery l=100 v=4275 t=22.6 h=2 st=5 c=0 fc=2878000 cc=0 chg=a
[ 7504.002773] R0: [NetworkManager][144165082849] [21:17:28.024585]  wlan: [1753:E :HDD] hdd_is_rcpi_applicable: 4950: mac addr is different from bssid connected
[ 7507.041492] R0: [cds_mc_thread][144223424871] [21:17:31.063232]  wlan: [3382:I :WMI] send_set_arp_stats_req_cmd_tlv: 12397: set arp stats flag=1, vdev=0
[ 7507.056309] R0: [cds_mc_thread][144223710851] [21:17:31.078127]  wlan: [3382:I :WMI] send_set_arp_stats_req_cmd_tlv: 12397: set arp stats flag=0, vdev=0
[ 7508.886353] healthd: battery l=100 v=4275 t=22.6 h=2 st=5 c=0 fc=2878000 cc=0 chg=a
[ 7509.145565] msm-dwc3 a600000.ssusb: DWC3 exited from low power mode
[ 7510.002279] R0: [NetworkManager][144280273227] [21:17:34.024084]  wlan: [1753:E :HDD] hdd_is_rcpi_applicable: 4950: mac addr is different from bssid connected
[ 7510.348934] msm-dwc3 a600000.ssusb: DWC3 in low power mode
[ 7515.710900] healthd: battery l=100 v=4275 t=22.6 h=2 st=5 c=0 fc=2878000 cc=0 chg=a
[ 7516.007342] R0: [NetworkManager][144395570369] [21:17:40.029144]  wlan: [1753:E :HDD] hdd_is_rcpi_applicable: 4950: mac addr is different from bssid connected
[ 7521.835294] healthd: battery l=100 v=4275 t=22.6 h=2 st=5 c=0 fc=2878000 cc=0 chg=a
[ 7522.007430] R0: [NetworkManager][144510772166] [21:17:46.029238]  wlan: [1753:E :HDD] hdd_is_rcpi_applicable: 4950: mac addr is different from bssid connected
[ 7528.003633] R0: [NetworkManager][144625897787] [21:17:52.025365]  wlan: [1753:E :HDD] hdd_is_rcpi_applicable: 4950: mac addr is different from bssid connected
[ 7528.724993] healthd: battery l=100 v=4275 t=22.6 h=2 st=5 c=0 fc=2878000 cc=0 chg=a
[ 7534.005050] R0: [NetworkManager][144741126351] [21:17:58.026853]  wlan: [1753:E :HDD] hdd_is_rcpi_applicable: 4950: mac addr is different from bssid connected
[ 7534.693843] healthd: battery l=100 v=4275 t=22.6 h=2 st=5 c=0 fc=2878000 cc=0 chg=a
[ 7536.874806] healthd: battery l=100 v=4275 t=22.6 h=2 st=5 c=0 fc=2878000 cc=0 chg=a
[ 7537.549148] R0: [cds_mc_thread][144809173187] [21:18:01.570960]  wlan: [3382:I :WMI] send_set_arp_stats_req_cmd_tlv: 12397: set arp stats flag=1, vdev=0
[ 7537.562553] R0: [cds_mc_thread][144809430739] [21:18:01.584374]  wlan: [3382:I :WMI] send_set_arp_stats_req_cmd_tlv: 12397: set arp stats flag=0, vdev=0
[ 7540.000998] R0: [NetworkManager][144856248677] [21:18:04.022808]  wlan: [1753:E :HDD] hdd_is_rcpi_applicable: 4950: mac addr is different from bssid connected
[ 7540.888775] healthd: battery l=100 v=4275 t=22.6 h=2 st=5 c=0 fc=2878000 cc=0 chg=a
[ 7544.800547] R0: [cds_mc_thread][144948400131] [21:18:08.822364]  wlan: [3382:I :WMI] send_set_arp_stats_req_cmd_tlv: 12397: set arp stats flag=1, vdev=0
[ 7544.813359] R0: [cds_mc_thread][144948646225] [21:18:08.835181]  wlan: [3382:I :WMI] send_set_arp_stats_req_cmd_tlv: 12397: set arp stats flag=0, vdev=0
[ 7546.002406] R0: [NetworkManager][144971475467] [21:18:10.024204]  wlan: [1753:E :HDD] hdd_is_rcpi_applicable: 4950: mac addr is different from bssid connected
[ 7547.705887] healthd: battery l=100 v=4275 t=22.5 h=2 st=5 c=0 fc=2878000 cc=0 chg=a
[ 7552.002049] R0: [NetworkManager][145086668798] [21:18:16.023858]  wlan: [1753:E :HDD] hdd_is_rcpi_applicable: 4950: mac addr is different from bssid connected
[ 7553.893646] healthd: battery l=100 v=4275 t=22.5 h=2 st=5 c=0 fc=2878000 cc=0 chg=a
[ 7558.001817] R0: [NetworkManager][145201864321] [21:18:22.023625]  wlan: [1753:E :HDD] hdd_is_rcpi_applicable: 4950: mac addr is different from bssid connected
[ 7560.718889] healthd: battery l=100 v=4275 t=22.5 h=2 st=5 c=0 fc=2878000 cc=0 chg=a
[ 7564.002910] R0: [NetworkManager][145317085334] [21:18:28.024720]  wlan: [1753:E :HDD] hdd_is_rcpi_applicable: 4950: mac addr is different from bssid connected
[ 7566.492747] init: Received control message 'interface_start' for 'android.hardware.biometrics.fingerprint@2.1::IBiometricsFingerprint/default' from pid: 34 (/system/bin/hwservicemanager)
[ 7566.492949] init: Could not find service hosting interface android.hardware.biometrics.fingerprint@2.1::IBiometricsFingerprint/default
[ 7566.493319] init: Received control message 'interface_start' for 'android.hardware.biometrics.fingerprint@2.1::IBiometricsFingerprint/default' from pid: 34 (/system/bin/hwservicemanager)
[ 7566.493383] init: Could not find service hosting interface android.hardware.biometrics.fingerprint@2.1::IBiometricsFingerprint/default
[ 7566.690671] healthd: battery l=100 v=4275 t=22.6 h=2 st=5 c=0 fc=2878000 cc=0 chg=a
[ 7568.055100] R0: [cds_mc_thread][145394887423] [21:18:32.076913]  wlan: [3382:I :WMI] send_set_arp_stats_req_cmd_tlv: 12397: set arp stats flag=1, vdev=0
[ 7568.068007] R0: [cds_mc_thread][145395135453] [21:18:32.089831]  wlan: [3382:I :WMI] send_set_arp_stats_req_cmd_tlv: 12397: set arp stats flag=0, vdev=0
[ 7570.002261] R0: [NetworkManager][145432272845] [21:18:34.024070]  wlan: [1753:E :HDD] hdd_is_rcpi_applicable: 4950: mac addr is different from bssid connected
[ 7572.893108] healthd: battery l=100 v=4275 t=22.6 h=2 st=5 c=0 fc=2878000 cc=0 chg=a
[ 7576.000464] R0: [NetworkManager][145547438494] [21:18:40.022282]  wlan: [1753:E :HDD] hdd_is_rcpi_applicable: 4950: mac addr is different from bssid connected
[ 7579.702639] healthd: battery l=100 v=4275 t=22.6 h=2 st=5 c=0 fc=2878000 cc=0 chg=a
[ 7582.006641] R0: [NetworkManager][145662755182] [21:18:46.028360]  wlan: [1753:E :HDD] hdd_is_rcpi_applicable: 4950: mac addr is different from bssid connected
[ 7585.893521] healthd: battery l=100 v=4275 t=22.5 h=2 st=5 c=0 fc=2878000 cc=0 chg=a
[ 7588.003074] R0: [NetworkManager][145777888473] [21:18:52.024886]  wlan: [1753:E :HDD] hdd_is_rcpi_applicable: 4950: mac addr is different from bssid connected
[ 7592.718516] healthd: battery l=100 v=4275 t=22.5 h=2 st=5 c=0 fc=2878000 cc=0 chg=a
[ 7594.005159] R0: [NetworkManager][145893128583] [21:18:58.026976]  wlan: [1753:E :HDD] hdd_is_rcpi_applicable: 4950: mac addr is different from bssid connected
[ 7596.871650] healthd: battery l=100 v=4275 t=22.5 h=2 st=5 c=0 fc=2878000 cc=0 chg=a
[ 7598.560495] R0: [cds_mc_thread][145980591147] [21:19:02.582318]  wlan: [3382:I :WMI] send_set_arp_stats_req_cmd_tlv: 12397: set arp stats flag=1, vdev=0
[ 7598.571794] R0: [cds_mc_thread][145980808176] [21:19:02.593622]  wlan: [3382:I :WMI] send_set_arp_stats_req_cmd_tlv: 12397: set arp stats flag=0, vdev=0
[ 7598.690774] healthd: battery l=100 v=4275 t=22.5 h=2 st=5 c=0 fc=2878000 cc=0 chg=a
[ 7600.002453] R0: [NetworkManager][146008276582] [21:19:04.024268]  wlan: [1753:E :HDD] hdd_is_rcpi_applicable: 4950: mac addr is different from bssid connected
[ 7604.880596] healthd: battery l=100 v=4275 t=22.5 h=2 st=5 c=0 fc=2878000 cc=0 chg=a
[ 7606.004785] R0: [NetworkManager][146123521257] [21:19:10.026595]  wlan: [1753:E :HDD] hdd_is_rcpi_applicable: 4950: mac addr is different from bssid connected
[ 7611.444186] msm-dwc3 a600000.ssusb: DWC3 exited from low power mode
[ 7611.444440] xhci-hcd xhci-hcd.0.auto: remove, state 4
[ 7611.444483] usb usb2: USB disconnect, device number 1
[ 7611.446080] xhci-hcd xhci-hcd.0.auto: USB bus 2 deregistered
[ 7611.446114] xhci-hcd xhci-hcd.0.auto: remove, state 4
[ 7611.446138] usb usb1: USB disconnect, device number 1
[ 7611.446918] xhci-hcd xhci-hcd.0.auto: USB bus 1 deregistered
[ 7611.459071] msm-dwc3 a600000.ssusb: DWC3 in low power mode
[ 7611.716997] healthd: battery l=100 v=4275 t=22.5 h=2 st=5 c=0 fc=2878000 cc=0 chg=a
[ 7612.002089] R0: [NetworkManager][146238669634] [21:19:16.023907]  wlan: [1753:E :HDD] hdd_is_rcpi_applicable: 4950: mac addr is different from bssid connected
[ 7613.526519] msm-qusb-phy-v2 88e2000.qusb: qusb_phy_init PHY_HOST_MODE!
[ 7613.527045] msm-dwc3 a600000.ssusb: DWC3 exited from low power mode
[ 7613.529001] msm-qusb-phy-v2 88e2000.qusb: qusb_phy_init PHY_HOST_MODE!
[ 7613.529233] xhci-hcd xhci-hcd.0.auto: xHCI Host Controller
[ 7613.529272] xhci-hcd xhci-hcd.0.auto: new USB bus registered, assigned bus number 1
[ 7613.533558] xhci-hcd xhci-hcd.0.auto: hcc params 0x0230fe65 hci version 0x110 quirks 0x02010810
[ 7613.533609] xhci-hcd xhci-hcd.0.auto: irq 990, io mem 0x0a600000
[ 7613.533934] usb usb1: New USB device found, idVendor=1d6b, idProduct=0002
[ 7613.533945] usb usb1: New USB device strings: Mfr=3, Product=2, SerialNumber=1
[ 7613.533955] usb usb1: Product: xHCI Host Controller
[ 7613.533964] usb usb1: Manufacturer: Linux 4.9.112-g6b190d86b xhci-hcd
[ 7613.533975] usb usb1: SerialNumber: xhci-hcd.0.auto
[ 7613.538841] hub 1-0:1.0: USB hub found
[ 7613.538952] hub 1-0:1.0: 1 port detected
[ 7613.539570] xhci-hcd xhci-hcd.0.auto: xHCI Host Controller
[ 7613.539592] xhci-hcd xhci-hcd.0.auto: new USB bus registered, assigned bus number 2
[ 7613.539872] usb usb2: New USB device found, idVendor=1d6b, idProduct=0003
[ 7613.539882] usb usb2: New USB device strings: Mfr=3, Product=2, SerialNumber=1
[ 7613.539890] usb usb2: Product: xHCI Host Controller
[ 7613.539897] usb usb2: Manufacturer: Linux 4.9.112-g6b190d86b xhci-hcd
[ 7613.539904] usb usb2: SerialNumber: xhci-hcd.0.auto
[ 7613.540605] hub 2-0:1.0: USB hub found
[ 7613.540673] hub 2-0:1.0: 1 port detected
[ 7613.928776] usb 1-1: new high-speed USB device number 2 using xhci-hcd
[ 7614.049814] usb 1-1: New USB device found, idVendor=214b, idProduct=7250
[ 7614.049856] usb 1-1: New USB device strings: Mfr=0, Product=1, SerialNumber=0
[ 7614.049881] usb 1-1: Product: USB2.0 HUB
[ 7614.084830] hub 1-1:1.0: USB hub found
[ 7614.085102] hub 1-1:1.0: 4 ports detected
[ 7614.352042] usb 1-1.1: new low-speed USB device number 3 using xhci-hcd
[ 7614.450279] usb 1-1.1: No LPM exit latency info found, disabling LPM.
[ 7614.472367] usb 1-1.1: New USB device found, idVendor=343c, idProduct=0000
[ 7614.472398] usb 1-1.1: New USB device strings: Mfr=1, Product=2, SerialNumber=3
[ 7614.472417] usb 1-1.1: Product: USB Type-C Digital AV Adapter
[ 7614.472432] usb 1-1.1: Manufacturer: xxxxxxxx
[ 7614.472450] usb 1-1.1: SerialNumber: 000000000000
[ 7614.565460] usb 1-1.2: new high-speed USB device number 4 using xhci-hcd
[ 7614.646725] usb 1-1.2: New USB device found, idVendor=1d50, idProduct=614d
[ 7614.646768] usb 1-1.2: New USB device strings: Mfr=1, Product=2, SerialNumber=3
[ 7614.646792] usb 1-1.2: Product: Generic USB Display
[ 7614.646811] usb 1-1.2: Manufacturer: The Internet
[ 7614.651581] gud 1-1.2:1.0: GUD v1 bulk-out=0x01 buffer=8294400 width=640-1920 height=400-1080
[ 7614.655451] gud 1-1.2:1.0: GUD probe complete for 1d50:614d
[ 7617.896221] healthd: battery l=100 v=4275 t=22.5 h=2 st=5 c=0 fc=2878000 cc=0 chg=a
[ 7618.003174] R0: [NetworkManager][146353890518] [21:19:22.024996]  wlan: [1753:E :HDD] hdd_is_rcpi_applicable: 4950: mac addr is different from bssid connected
[ 7624.002686] R0: [NetworkManager][146469080990] [21:19:28.024500]  wlan: [1753:E :HDD] hdd_is_rcpi_applicable: 4950: mac addr is different from bssid connected
[ 7624.721761] healthd: battery l=100 v=4275 t=22.5 h=2 st=5 c=0 fc=2878000 cc=0 chg=a
[ 7629.068003] R0: [cds_mc_thread][146566335218] [21:19:33.089825]  wlan: [3382:I :WMI] send_set_arp_stats_req_cmd_tlv: 12397: set arp stats flag=1, vdev=0
[ 7629.082918] R0: [cds_mc_thread][146566621722] [21:19:33.104747]  wlan: [3382:I :WMI] send_set_arp_stats_req_cmd_tlv: 12397: set arp stats flag=0, vdev=0
[ 7630.001468] R0: [NetworkManager][146584257642] [21:19:34.023284]  wlan: [1753:E :HDD] hdd_is_rcpi_applicable: 4950: mac addr is different from bssid connected
[ 7630.692740] healthd: battery l=100 v=4274 t=22.6 h=2 st=5 c=0 fc=2878000 cc=0 chg=a
[ 7636.005950] R0: [NetworkManager][146699543653] [21:19:40.027765]  wlan: [1753:E :HDD] hdd_is_rcpi_applicable: 4950: mac addr is different from bssid connected
[ 7636.878888] healthd: battery l=100 v=4274 t=22.6 h=2 st=5 c=0 fc=2878000 cc=0 chg=a
[ 7642.003002] R0: [NetworkManager][146814687062] [21:19:46.024818]  wlan: [1753:E :HDD] hdd_is_rcpi_applicable: 4950: mac addr is different from bssid connected
[ 7643.709476] healthd: battery l=100 v=4274 t=22.6 h=2 st=5 c=0 fc=2878000 cc=0 chg=a
[ 7648.006621] R0: [NetworkManager][146929956573] [21:19:52.028439]  wlan: [1753:E :HDD] hdd_is_rcpi_applicable: 4950: mac addr is different from bssid connected
[ 7649.897636] healthd: battery l=100 v=4275 t=22.6 h=2 st=5 c=0 fc=2878000 cc=0 chg=a
[ 7654.004865] R0: [NetworkManager][147045122761] [21:19:58.026678]  wlan: [1753:E :HDD] hdd_is_rcpi_applicable: 4950: mac addr is different from bssid connected
[ 7656.736459] healthd: battery l=100 v=4275 t=22.6 h=2 st=5 c=0 fc=2878000 cc=0 chg=a
[ 7656.873700] healthd: battery l=100 v=4275 t=22.6 h=2 st=5 c=0 fc=2878000 cc=0 chg=a
[ 7659.574823] R0: [cds_mc_thread][147152066080] [21:20:03.596644]  wlan: [3382:I :WMI] send_set_arp_stats_req_cmd_tlv: 12397: set arp stats flag=1, vdev=0
[ 7659.589676] R0: [cds_mc_thread][147152351495] [21:20:03.611509]  wlan: [3382:I :WMI] send_set_arp_stats_req_cmd_tlv: 12397: set arp stats flag=0, vdev=0
[ 7660.000814] R0: [NetworkManager][147160245276] [21:20:04.022643]  wlan: [1753:E :HDD] hdd_is_rcpi_applicable: 4950: mac addr is different from bssid connected
[ 7662.701584] healthd: battery l=100 v=4275 t=22.6 h=2 st=5 c=0 fc=2878000 cc=0 chg=a
[ 7666.001811] R0: [NetworkManager][147275464295] [21:20:10.023635]  wlan: [1753:E :HDD] hdd_is_rcpi_applicable: 4950: mac addr is different from bssid connected
[ 7666.999037] init: Received control message 'interface_start' for 'android.hardware.biometrics.fingerprint@2.1::IBiometricsFingerprint/default' from pid: 34 (/system/bin/hwservicemanager)
[ 7666.999248] init: Could not find service hosting interface android.hardware.biometrics.fingerprint@2.1::IBiometricsFingerprint/default
[ 7666.999678] init: Received control message 'interface_start' for 'android.hardware.biometrics.fingerprint@2.1::IBiometricsFingerprint/default' from pid: 34 (/system/bin/hwservicemanager)
[ 7666.999751] init: Could not find service hosting interface android.hardware.biometrics.fingerprint@2.1::IBiometricsFingerprint/default
[ 7668.880014] healthd: battery l=100 v=4275 t=22.6 h=2 st=5 c=0 fc=2878000 cc=0 chg=a
[ 7672.001648] R0: [NetworkManager][147390661200] [21:20:16.023474]  wlan: [1753:E :HDD] hdd_is_rcpi_applicable: 4950: mac addr is different from bssid connected
[ 7675.713753] healthd: battery l=100 v=4275 t=22.6 h=2 st=5 c=0 fc=2878000 cc=0 chg=a
[ 7678.002168] R0: [NetworkManager][147505871127] [21:20:22.023992]  wlan: [1753:E :HDD] hdd_is_rcpi_applicable: 4950: mac addr is different from bssid connected
[ 7680.711224] gud 1-1.2:1.0: GUD connector: detect enter
[ 7680.711275] gud 1-1.2:1.0: GUD connector: detect status=1
[ 7680.711296] gud 1-1.2:1.0: GUD connector: get_modes enter
[ 7680.711322] gud 1-1.2:1.0: GUD connector: mode created
[ 7680.711344] gud 1-1.2:1.0: GUD connector: mode probed
[ 7680.711359] gud 1-1.2:1.0: GUD connector: get_modes complete
[ 7681.902997] healthd: battery l=100 v=4275 t=22.6 h=2 st=5 c=0 fc=2878000 cc=0 chg=a
[ 7683.893382] gud 1-1.2:1.0: GUD bulk transfer failed after 0 retries: -110
[ 7683.893544] gud 1-1.2:1.0: GUD atomic update failed: -110
[ 7684.003650] R0: [NetworkManager][147621099581] [21:20:28.025474]  wlan: [1753:E :HDD] hdd_is_rcpi_applicable: 4950: mac addr is different from bssid connected
[ 7688.717072] healthd: battery l=100 v=4275 t=22.6 h=2 st=5 c=0 fc=2878000 cc=0 chg=a
[ 7690.003079] R0: [NetworkManager][147736288508] [21:20:34.024898]  wlan: [1753:E :HDD] hdd_is_rcpi_applicable: 4950: mac addr is different from bssid connected
[ 7690.081300] R0: [cds_mc_thread][147737790570] [21:20:34.103130]  wlan: [3382:I :WMI] send_set_arp_stats_req_cmd_tlv: 12397: set arp stats flag=1, vdev=0
[ 7690.094462] R0: [cds_mc_thread][147738043391] [21:20:34.116298]  wlan: [3382:I :WMI] send_set_arp_stats_req_cmd_tlv: 12397: set arp stats flag=0, vdev=0
[ 7694.696784] healthd: battery l=100 v=4275 t=22.6 h=2 st=5 c=0 fc=2878000 cc=0 chg=a
[ 7696.003320] R0: [NetworkManager][147851493255] [21:20:40.025146]  wlan: [1753:E :HDD] hdd_is_rcpi_applicable: 4950: mac addr is different from bssid connected
[ 7700.880770] healthd: battery l=100 v=4275 t=22.6 h=2 st=5 c=0 fc=2878000 cc=0 chg=a
[ 7702.007041] R0: [NetworkManager][147966764721] [21:20:46.028869]  wlan: [1753:E :HDD] hdd_is_rcpi_applicable: 4950: mac addr is different from bssid connected
[ 7707.709426] healthd: battery l=100 v=4275 t=22.6 h=2 st=5 c=0 fc=2878000 cc=0 chg=a
[ 7708.002995] R0: [NetworkManager][148081887023] [21:20:52.024822]  wlan: [1753:E :HDD] hdd_is_rcpi_applicable: 4950: mac addr is different from bssid connected
[ 7713.898501] healthd: battery l=100 v=4275 t=22.6 h=2 st=5 c=0 fc=2878000 cc=0 chg=a
[ 7714.004539] R0: [NetworkManager][148197116654] [21:20:58.026366]  wlan: [1753:E :HDD] hdd_is_rcpi_applicable: 4950: mac addr is different from bssid connected
[ 7716.875804] healthd: battery l=100 v=4275 t=22.6 h=2 st=5 c=0 fc=2878000 cc=0 chg=a
[ 7719.092931] gud 1-1.2:1.0: GUD request 0x64 failed: -110
[ 7720.001610] R0: [NetworkManager][148312260330] [21:21:04.023433]  wlan: [1753:E :HDD] hdd_is_rcpi_applicable: 4950: mac addr is different from bssid connected
[ 7720.587933] R0: [cds_mc_thread][148323517977] [21:21:04.609769]  wlan: [3382:I :WMI] send_set_arp_stats_req_cmd_tlv: 12397: set arp stats flag=1, vdev=0
[ 7720.601466] R0: [cds_mc_thread][148323777862] [21:21:04.623305]  wlan: [3382:I :WMI] send_set_arp_stats_req_cmd_tlv: 12397: set arp stats flag=0, vdev=0
[ 7720.721601] healthd: battery l=100 v=4275 t=22.6 h=2 st=5 c=0 fc=2878000 cc=0 chg=a
[ 7726.003674] R0: [NetworkManager][148427500019] [21:21:10.025501]  wlan: [1753:E :HDD] hdd_is_rcpi_applicable: 4950: mac addr is different from bssid connected
[ 7726.694330] healthd: battery l=100 v=4275 t=22.6 h=2 st=5 c=0 fc=2878000 cc=0 chg=a
[ 7732.002378] R0: [NetworkManager][148542675018] [21:21:16.024200]  wlan: [1753:E :HDD] hdd_is_rcpi_applicable: 4950: mac addr is different from bssid connected
[ 7732.879980] healthd: battery l=100 v=4275 t=22.6 h=2 st=5 c=0 fc=2878000 cc=0 chg=a
[ 7738.002396] R0: [NetworkManager][148657875422] [21:21:22.024221]  wlan: [1753:E :HDD] hdd_is_rcpi_applicable: 4950: mac addr is different from bssid connected
[ 7739.714528] healthd: battery l=100 v=4275 t=22.6 h=2 st=5 c=0 fc=2878000 cc=0 chg=a
[ 7744.007190] R0: [NetworkManager][148773167545] [21:21:28.029020]  wlan: [1753:E :HDD] hdd_is_rcpi_applicable: 4950: mac addr is different from bssid connected
[ 7745.895679] healthd: battery l=100 v=4275 t=22.6 h=2 st=5 c=0 fc=2878000 cc=0 chg=a
[ 7750.002463] R0: [NetworkManager][148888276893] [21:21:34.024299]  wlan: [1753:E :HDD] hdd_is_rcpi_applicable: 4950: mac addr is different from bssid connected
[ 7751.094335] R0: [cds_mc_thread][148909240878] [21:21:35.116173]  wlan: [3382:I :WMI] send_set_arp_stats_req_cmd_tlv: 12397: set arp stats flag=1, vdev=0
[ 7751.109525] R0: [cds_mc_thread][148909532604] [21:21:35.131367]  wlan: [3382:I :WMI] send_set_arp_stats_req_cmd_tlv: 12397: set arp stats flag=0, vdev=0
[ 7752.732702] healthd: battery l=100 v=4275 t=22.6 h=2 st=5 c=0 fc=2878000 cc=0 chg=a
[ 7756.006791] R0: [NetworkManager][149003559808] [21:21:40.028618]  wlan: [1753:E :HDD] hdd_is_rcpi_applicable: 4950: mac addr is different from bssid connected
[ 7758.697350] healthd: battery l=100 v=4275 t=22.6 h=2 st=5 c=0 fc=2878000 cc=0 chg=a
